-- MySQL dump 10.11
--
-- Host: localhost    Database: tabbie1
-- ------------------------------------------------------
-- Server version	5.0.45-Debian_1ubuntu3-log

/*!40101 SET @OLD_CHARACTER_SET_CLIENT=@@CHARACTER_SET_CLIENT */;
/*!40101 SET @OLD_CHARACTER_SET_RESULTS=@@CHARACTER_SET_RESULTS */;
/*!40101 SET @OLD_COLLATION_CONNECTION=@@COLLATION_CONNECTION */;
/*!40101 SET NAMES utf8 */;
/*!40103 SET @OLD_TIME_ZONE=@@TIME_ZONE */;
/*!40103 SET TIME_ZONE='+00:00' */;
/*!40014 SET @OLD_UNIQUE_CHECKS=@@UNIQUE_CHECKS, UNIQUE_CHECKS=0 */;
/*!40014 SET @OLD_FOREIGN_KEY_CHECKS=@@FOREIGN_KEY_CHECKS, FOREIGN_KEY_CHECKS=0 */;
/*!40101 SET @OLD_SQL_MODE=@@SQL_MODE, SQL_MODE='NO_AUTO_VALUE_ON_ZERO' */;
/*!40111 SET @OLD_SQL_NOTES=@@SQL_NOTES, SQL_NOTES=0 */;

--
-- Table structure for table `adjud_round_1`
--

DROP TABLE IF EXISTS `adjud_round_1`;
CREATE TABLE `adjud_round_1` (
  `debate_id` mediumint(9) NOT NULL,
  `adjud_id` mediumint(9) NOT NULL,
  `status` enum('chair','panelist','trainee') NOT NULL
) ENGINE=MyISAM DEFAULT CHARSET=latin1;

--
-- Dumping data for table `adjud_round_1`
--

LOCK TABLES `adjud_round_1` WRITE;
/*!40000 ALTER TABLE `adjud_round_1` DISABLE KEYS */;
INSERT INTO `adjud_round_1` VALUES (10068,129,'chair'),(10068,209,'panelist'),(10068,44,'panelist'),(10069,22,'chair'),(10069,73,'panelist'),(10069,204,'panelist'),(10066,9,'chair'),(10066,289,'panelist'),(10066,17,'panelist'),(10065,111,'chair'),(10065,254,'panelist'),(10065,179,'panelist'),(10064,249,'chair'),(10064,230,'panelist'),(10064,193,'panelist'),(10070,118,'chair'),(10070,211,'panelist'),(10070,45,'panelist'),(10071,89,'chair'),(10071,72,'panelist'),(10071,128,'panelist'),(10075,41,'chair'),(10075,66,'panelist'),(10075,27,'panelist'),(10074,153,'chair'),(10074,266,'panelist'),(10074,47,'panelist'),(10073,246,'chair'),(10073,133,'panelist'),(10073,105,'panelist'),(10072,151,'chair'),(10072,277,'panelist'),(10072,98,'panelist'),(10063,70,'chair'),(10063,178,'panelist'),(10063,79,'panelist'),(10062,97,'chair'),(10062,208,'panelist'),(10062,256,'panelist'),(10055,32,'chair'),(10055,221,'panelist'),(10055,19,'panelist'),(10054,108,'chair'),(10054,91,'panelist'),(10054,51,'panelist'),(10053,68,'chair'),(10053,224,'panelist'),(10053,231,'panelist'),(10051,158,'chair'),(10051,201,'panelist'),(10051,234,'panelist'),(10052,33,'chair'),(10052,36,'panelist'),(10052,290,'panelist'),(10056,8,'chair'),(10056,203,'panelist'),(10056,64,'panelist'),(10057,271,'chair'),(10057,62,'panelist'),(10057,206,'panelist'),(10061,85,'chair'),(10061,282,'panelist'),(10061,136,'panelist'),(10061,192,'panelist'),(10060,147,'chair'),(10060,175,'panelist'),(10060,223,'panelist'),(10059,182,'chair'),(10059,232,'panelist'),(10059,103,'panelist'),(10058,241,'chair'),(10058,287,'panelist'),(10058,240,'panelist'),(10076,123,'chair'),(10076,50,'panelist'),(10076,55,'panelist'),(10078,24,'chair'),(10078,7,'panelist'),(10078,214,'panelist'),(10092,120,'chair'),(10092,77,'panelist'),(10092,215,'panelist'),(10089,260,'chair'),(10089,114,'panelist'),(10089,38,'panelist'),(10093,150,'chair'),(10093,29,'panelist'),(10093,295,'panelist'),(10091,280,'chair'),(10091,139,'panelist'),(10091,180,'panelist'),(10090,63,'chair'),(10090,217,'panelist'),(10090,285,'panelist'),(10094,20,'chair'),(10094,155,'panelist'),(10094,288,'panelist'),(10097,252,'chair'),(10097,90,'panelist'),(10097,235,'panelist'),(10067,71,'chair'),(10067,80,'panelist'),(10067,18,'panelist'),(10095,92,'chair'),(10095,124,'panelist'),(10095,112,'panelist'),(10099,251,'chair'),(10099,212,'panelist'),(10099,131,'panelist'),(10098,222,'chair'),(10098,3,'panelist'),(10098,255,'panelist'),(10096,101,'chair'),(10096,54,'panelist'),(10096,26,'panelist'),(10088,34,'chair'),(10088,4,'panelist'),(10088,144,'panelist'),(10087,35,'chair'),(10087,119,'panelist'),(10087,61,'panelist'),(10080,106,'chair'),(10080,31,'panelist'),(10080,197,'panelist'),(10079,170,'chair'),(10079,243,'panelist'),(10079,233,'panelist'),(10077,107,'chair'),(10077,69,'panelist'),(10077,199,'panelist'),(10081,200,'chair'),(10081,272,'panelist'),(10081,121,'panelist'),(10082,94,'chair'),(10082,125,'panelist'),(10082,284,'panelist'),(10086,298,'chair'),(10086,297,'panelist'),(10086,207,'panelist'),(10085,84,'chair'),(10085,225,'panelist'),(10085,110,'panelist'),(10084,15,'chair'),(10084,148,'panelist'),(10084,236,'panelist'),(10083,23,'chair'),(10083,245,'panelist'),(10083,141,'panelist'),(10050,163,'chair'),(10050,78,'panelist'),(10050,286,'panelist'),(10049,132,'chair'),(10049,164,'panelist'),(10049,169,'panelist'),(10017,219,'chair'),(10017,174,'panelist'),(10017,293,'panelist'),(10016,253,'chair'),(10016,250,'panelist'),(10016,46,'panelist'),(10015,269,'chair'),(10015,100,'panelist'),(10015,140,'panelist'),(10013,239,'chair'),(10013,115,'panelist'),(10013,226,'panelist'),(10014,10,'chair'),(10014,189,'panelist'),(10014,220,'panelist'),(10018,88,'chair'),(10018,196,'panelist'),(10018,186,'panelist'),(10019,104,'chair'),(10019,65,'panelist'),(10019,191,'panelist'),(10023,261,'chair'),(10023,53,'panelist'),(10023,205,'panelist'),(10022,138,'chair'),(10022,56,'panelist'),(10022,156,'panelist'),(10021,181,'chair'),(10021,171,'panelist'),(10021,188,'panelist'),(10020,59,'chair'),(10020,227,'panelist'),(10020,25,'panelist'),(10012,291,'chair'),(10012,281,'panelist'),(10012,257,'panelist'),(10011,130,'chair'),(10011,160,'panelist'),(10004,213,'chair'),(10004,300,'panelist'),(10004,117,'panelist'),(10003,202,'chair'),(10003,270,'panelist'),(10003,5,'panelist'),(10002,113,'chair'),(10002,109,'panelist'),(10002,1,'panelist'),(10005,93,'chair'),(10005,274,'panelist'),(10005,82,'panelist'),(10006,275,'chair'),(10006,296,'panelist'),(10006,87,'panelist'),(10010,194,'chair'),(10010,248,'panelist'),(10010,28,'panelist'),(10009,183,'chair'),(10009,58,'panelist'),(10009,95,'panelist'),(10008,265,'chair'),(10008,122,'panelist'),(10008,102,'panelist'),(10007,258,'chair'),(10007,173,'panelist'),(10007,218,'panelist'),(10024,145,'chair'),(10024,283,'panelist'),(10024,276,'panelist'),(10025,161,'chair'),(10025,40,'panelist'),(10025,294,'panelist'),(10041,49,'chair'),(10041,83,'panelist'),(10041,292,'panelist'),(10040,185,'chair'),(10040,137,'panelist'),(10040,228,'panelist'),(10042,74,'chair'),(10042,166,'panelist'),(10042,149,'panelist'),(10039,299,'chair'),(10039,52,'panelist'),(10039,176,'panelist'),(10038,37,'chair'),(10038,159,'panelist'),(10038,247,'panelist'),(10037,16,'chair'),(10037,165,'panelist'),(10037,210,'panelist'),(10043,237,'chair'),(10043,278,'panelist'),(10044,267,'chair'),(10044,142,'panelist'),(10044,198,'panelist'),(10048,99,'chair'),(10048,238,'panelist'),(10048,67,'panelist'),(10047,135,'chair'),(10047,13,'panelist'),(10047,30,'panelist'),(10046,157,'chair'),(10046,273,'panelist'),(10046,190,'panelist'),(10045,76,'chair'),(10045,81,'panelist'),(10045,75,'panelist'),(10036,184,'chair'),(10036,195,'panelist'),(10036,21,'panelist'),(10034,152,'chair'),(10034,263,'panelist'),(10034,2,'panelist'),(10028,48,'chair'),(10028,244,'panelist'),(10028,172,'panelist'),(10027,42,'chair'),(10027,187,'panelist'),(10027,57,'panelist'),(10030,60,'chair'),(10030,154,'panelist'),(10030,264,'panelist'),(10026,126,'chair'),(10026,259,'panelist'),(10026,143,'panelist'),(10029,268,'chair'),(10029,6,'panelist'),(10029,146,'panelist'),(10031,262,'chair'),(10031,12,'panelist'),(10031,167,'panelist'),(10033,116,'chair'),(10033,14,'panelist'),(10033,39,'panelist'),(10032,177,'chair'),(10032,96,'panelist'),(10032,216,'panelist'),(10000,43,'chair'),(10000,127,'panelist'),(10000,229,'panelist'),(10035,134,'chair'),(10035,86,'panelist'),(10035,242,'panelist'),(10035,168,'panelist'),(10001,11,'chair'),(10001,162,'panelist'),(10001,279,'panelist');
/*!40000 ALTER TABLE `adjud_round_1` ENABLE KEYS */;
UNLOCK TABLES;

--
-- Table structure for table `adjudicator`
--

DROP TABLE IF EXISTS `adjudicator`;
CREATE TABLE `adjudicator` (
  `adjud_id` mediumint(9) NOT NULL auto_increment,
  `univ_id` mediumint(9) NOT NULL default '0',
  `adjud_name` varchar(100) NOT NULL default '',
  `ranking` mediumint(9) NOT NULL default '0',
  `active` enum('Y','N') NOT NULL default 'Y',
  `conflicts` varchar(100) default NULL,
  PRIMARY KEY  (`adjud_id`),
  UNIQUE KEY `adjud_name` (`adjud_name`)
) ENGINE=MyISAM AUTO_INCREMENT=301 DEFAULT CHARSET=latin1 COMMENT='Adjudicator Table';

--
-- Dumping data for table `adjudicator`
--

LOCK TABLES `adjudicator` WRITE;
/*!40000 ALTER TABLE `adjudicator` DISABLE KEYS */;
INSERT INTO `adjudicator` VALUES (1,1,'Capers',100,'Y',NULL),(2,2,'Annabeth',100,'Y',NULL),(3,3,'Blenda',98,'Y',NULL),(4,4,'Dennis',96,'Y',NULL),(5,5,'Dermot',98,'Y',NULL),(6,6,'Denham	Denholm',98,'Y',NULL),(7,7,'Beranger',98,'Y',NULL),(8,8,'Atarah',98,'Y',NULL),(9,9,'Abey',98,'Y',NULL),(10,10,'Darthmouth',98,'Y',NULL),(11,11,'Colbert',98,'Y',NULL),(12,12,'Aurelia',98,'Y',NULL),(13,13,'Aldea',98,'Y',NULL),(14,14,'Camille',98,'Y',NULL),(15,15,'Anuradha',90,'Y',NULL),(16,16,'Derby',90,'Y',NULL),(17,17,'Baji',90,'Y',NULL),(18,18,'Ciprian',90,'Y',NULL),(19,19,'Adoncia',90,'Y',NULL),(20,20,'Alethea',90,'Y',NULL),(21,21,'Briana',90,'Y',NULL),(22,22,'Cledwyn',90,'Y',NULL),(23,23,'Alyna',90,'Y',NULL),(24,24,'Athela',90,'Y',NULL),(25,25,'Demyan',90,'Y',NULL),(26,26,'Allie',90,'Y',NULL),(27,27,'Calvine',90,'Y',NULL),(28,28,'Aquene',90,'Y',NULL),(29,29,'Derren',90,'Y',NULL),(30,30,'Alodie',90,'Y',NULL),(31,1,'Donahue',90,'Y',NULL),(32,2,'Ancika',90,'Y',NULL),(33,3,'Bronwyn',90,'Y',NULL),(34,4,'Anamika',90,'Y',NULL),(35,5,'Cassius',90,'Y',NULL),(36,6,'Corcoran',90,'Y',NULL),(37,7,'Aricia',90,'Y',NULL),(38,8,'Armina',90,'Y',NULL),(39,9,'Askini',90,'Y',NULL),(40,10,'Brandee',90,'Y',NULL),(41,11,'Cheney',90,'Y',NULL),(42,12,'Amber',90,'Y',NULL),(43,13,'Alanna',90,'Y',NULL),(44,14,'Cobweb',90,'Y',NULL),(45,15,'Aubina',75,'Y',NULL),(46,16,'Delling',75,'Y',NULL),(47,17,'Dover',75,'Y',NULL),(48,18,'Alana',75,'Y',NULL),(49,19,'Alexia',75,'Y',NULL),(50,20,'Barnadine',75,'Y',NULL),(51,21,'Carlyle',75,'Y',NULL),(52,22,'Caley',75,'Y',NULL),(53,23,'Batyah',75,'Y',NULL),(54,24,'Bracha',75,'Y',NULL),(55,25,'Decretas',75,'Y',NULL),(56,26,'Alastrina',75,'Y',NULL),(57,27,'Cyril',75,'Y',NULL),(58,28,'Breda',75,'Y',NULL),(59,29,'Driscoll',75,'Y',NULL),(60,30,'Bernia',75,'Y',NULL),(61,1,'Bethesda',75,'Y',NULL),(62,2,'Aimee',75,'Y',NULL),(63,3,'Dayton',75,'Y',NULL),(64,4,'Alysia',75,'Y',NULL),(65,5,'Dyami',75,'Y',NULL),(66,6,'Anvita',75,'Y',NULL),(67,7,'Brysen',75,'Y',NULL),(68,8,'Anana',75,'Y',NULL),(69,9,'Cromwell',75,'Y',NULL),(70,10,'Anusia',75,'Y',NULL),(71,11,'Anneliese',75,'Y',NULL),(72,12,'Cornell',75,'Y',NULL),(73,13,'Asia',75,'Y',NULL),(74,14,'Blinn',75,'Y',NULL),(75,15,'Ciaran',65,'Y',NULL),(76,16,'Doug',65,'Y',NULL),(77,17,'Bina',65,'Y',NULL),(78,18,'Cam',65,'Y',NULL),(79,19,'Apolline',65,'Y',NULL),(80,20,'Branka',65,'Y',NULL),(81,21,'Blaze',65,'Y',NULL),(82,22,'Adeline',65,'Y',NULL),(83,23,'Darton',65,'Y',NULL),(84,24,'Darien',65,'Y',NULL),(85,25,'Basilia',65,'Y',NULL),(86,26,'Delwyn',65,'Y',NULL),(87,27,'Arda',65,'Y',NULL),(88,28,'Devi',65,'Y',NULL),(89,29,'Aliz',65,'Y',NULL),(90,30,'Bunty',65,'Y',NULL),(91,1,'Avasa',65,'Y',NULL),(92,2,'Ahava',65,'Y',NULL),(93,3,'Cronan',65,'Y',NULL),(94,4,'Donnie',65,'Y',NULL),(95,5,'Carnelian',65,'Y',NULL),(96,6,'Avantika',65,'Y',NULL),(97,7,'Cutter',65,'Y',NULL),(98,8,'Atara',65,'Y',NULL),(99,9,'Barbara',65,'Y',NULL),(100,10,'Curt',65,'Y',NULL),(101,11,'Athanasia',65,'Y',NULL),(102,12,'Avel',65,'Y',NULL),(103,13,'Althea',65,'Y',NULL),(104,14,'Annalise',65,'Y',NULL),(105,15,'Chapin',65,'Y',NULL),(106,16,'Beverley',65,'Y',NULL),(107,17,'Alisha',65,'Y',NULL),(108,18,'Drostan',65,'Y',NULL),(109,19,'Arti',65,'Y',NULL),(110,20,'Arlene',65,'Y',NULL),(111,21,'Denton',65,'Y',NULL),(112,22,'Bianca',65,'Y',NULL),(113,23,'Brittany',65,'Y',NULL),(114,24,'Chapman',65,'Y',NULL),(115,25,'Amadis',65,'Y',NULL),(116,26,'Averah',65,'Y',NULL),(117,27,'Claudius',45,'Y',NULL),(118,28,'Ama',45,'Y',NULL),(119,29,'Anstice	Anteia',45,'Y',NULL),(120,30,'Ashamed',45,'Y',NULL),(121,1,'Barina',45,'Y',NULL),(122,2,'Amita',45,'Y',NULL),(123,3,'Donnelly',45,'Y',NULL),(124,4,'Callis',45,'Y',NULL),(125,5,'Ashley',45,'Y',NULL),(126,6,'Dunstan',45,'Y',NULL),(127,7,'Donegal',45,'Y',NULL),(128,8,'Aylwen',45,'Y',NULL),(129,9,'Antoinette',45,'Y',NULL),(130,10,'Alatea',45,'Y',NULL),(131,11,'Ambar',45,'Y',NULL),(132,12,'Aliza',45,'Y',NULL),(133,13,'Conan',45,'Y',NULL),(134,14,'Afton',45,'Y',NULL),(135,15,'Azaria',45,'Y',NULL),(136,16,'Dade',45,'Y',NULL),(137,17,'Benilda',45,'Y',NULL),(138,18,'Blythe',45,'Y',NULL),(139,19,'Darius',45,'Y',NULL),(140,20,'Dawa',45,'Y',NULL),(141,21,'Amaranth',45,'Y',NULL),(142,22,'Anupama',45,'Y',NULL),(143,23,'Dillon',45,'Y',NULL),(144,24,'Cherokee',45,'Y',NULL),(145,25,'Bhoomi',45,'Y',NULL),(146,26,'Apanie',45,'Y',NULL),(147,27,'Chalmers',45,'Y',NULL),(148,28,'Bharati',45,'Y',NULL),(149,29,'Chase',45,'Y',NULL),(150,30,'Ahimsa',45,'Y',NULL),(151,1,'Deverell',45,'Y',NULL),(152,2,'Anar',45,'Y',NULL),(153,3,'Annette',45,'Y',NULL),(154,4,'Amorina',50,'Y',NULL),(155,5,'Clifford',50,'Y',NULL),(156,6,'Aaliyah',50,'Y',NULL),(157,7,'Darren',50,'Y',NULL),(158,8,'Dmitri',50,'Y',NULL),(159,9,'Anselma',50,'Y',NULL),(160,10,'Candan',50,'Y',NULL),(161,11,'Adabelle',50,'Y',NULL),(162,12,'Allene',50,'Y',NULL),(163,13,'Darrell',50,'Y',NULL),(164,14,'Dorak',50,'Y',NULL),(165,15,'Berenice',50,'Y',NULL),(166,16,'Ambria',50,'Y',NULL),(167,17,'Arnisha',50,'Y',NULL),(168,18,'Crisiant',50,'Y',NULL),(169,19,'Calhoun',50,'Y',NULL),(170,20,'Dymas',50,'Y',NULL),(171,21,'Cohn',50,'Y',NULL),(172,22,'Darcy',50,'Y',NULL),(173,23,'Drew',50,'Y',NULL),(174,24,'Bebe',50,'Y',NULL),(175,25,'Armilla',50,'Y',NULL),(176,26,'Devarsi',50,'Y',NULL),(177,27,'Alinga',50,'Y',NULL),(178,28,'Cailean',50,'Y',NULL),(179,29,'Abia',50,'Y',NULL),(180,30,'Bates',50,'Y',NULL),(181,1,'Aliya',50,'Y',NULL),(182,2,'Cutler',50,'Y',NULL),(183,3,'Devin',50,'Y',NULL),(184,4,'Alavda',50,'Y',NULL),(185,5,'Anzu',50,'Y',NULL),(186,6,'Aster',30,'Y',NULL),(187,7,'Bambi',30,'Y',NULL),(188,8,'Alva',30,'Y',NULL),(189,9,'Cyrus',30,'Y',NULL),(190,10,'Alka',30,'Y',NULL),(191,11,'Davidson',30,'Y',NULL),(192,12,'Aluma',30,'Y',NULL),(193,13,'Csaba',30,'Y',NULL),(194,14,'Conrad',30,'Y',NULL),(195,15,'Basimah',30,'Y',NULL),(196,16,'Alkira',30,'Y',NULL),(197,17,'Annora',30,'Y',NULL),(198,18,'Cain',30,'Y',NULL),(199,19,'Abbie',30,'Y',NULL),(200,20,'Carlin',30,'Y',NULL),(201,21,'Dwaine',30,'Y',NULL),(202,22,'Audrey',30,'Y',NULL),(203,23,'Colton',30,'Y',NULL),(204,24,'Bessie',30,'Y',NULL),(205,25,'Dorian',30,'Y',NULL),(206,26,'Anahid',30,'Y',NULL),(207,27,'Alita',30,'Y',NULL),(208,28,'Ashira',30,'Y',NULL),(209,29,'Aldabella',30,'Y',NULL),(210,30,'Adeola',30,'Y',NULL),(211,1,'Aloysia',30,'Y',NULL),(212,2,'Cesar',30,'Y',NULL),(213,3,'Dicky',30,'Y',NULL),(214,4,'Alkina',30,'Y',NULL),(215,5,'Amitola',30,'Y',NULL),(216,6,'Dempe',30,'Y',NULL),(217,7,'Durand',30,'Y',NULL),(218,8,'Desmond',30,'Y',NULL),(219,9,'Donohue',30,'Y',NULL),(220,10,'Ain',30,'Y',NULL),(221,11,'Amadika',30,'Y',NULL),(222,12,'Dwight',30,'Y',NULL),(223,13,'Chapal',30,'Y',NULL),(224,14,'Biddy',30,'Y',NULL),(225,15,'Delbert',30,'Y',NULL),(226,16,'Domokos',30,'Y',NULL),(227,17,'Alala',10,'Y',NULL),(228,18,'Aderes',10,'Y',NULL),(229,19,'Adhira',10,'Y',NULL),(230,20,'Barbie',10,'Y',NULL),(231,21,'Ana',10,'Y',NULL),(232,22,'Aveolela',10,'Y',NULL),(233,23,'Cailan',10,'Y',NULL),(234,24,'Ambra',10,'Y',NULL),(235,25,'Berthilda',10,'Y',NULL),(236,26,'Camillo',10,'Y',NULL),(237,27,'Dryden',10,'Y',NULL),(238,28,'Damian',10,'Y',NULL),(239,29,'Alaqua',10,'Y',NULL),(240,30,'Clarke',10,'Y',NULL),(241,1,'Daniel',10,'Y',NULL),(242,2,'Ariane',10,'Y',NULL),(243,3,'Betty',10,'Y',NULL),(244,4,'Arella',10,'Y',NULL),(245,5,'Danny',10,'Y',NULL),(246,6,'Ashling',10,'Y',NULL),(247,7,'Cranog',10,'Y',NULL),(248,8,'Claudio',10,'Y',NULL),(249,9,'Cemal',10,'Y',NULL),(250,10,'Dieter',10,'Y',NULL),(251,11,'Ami',10,'Y',NULL),(252,12,'Del',10,'Y',NULL),(253,13,'Azura',10,'Y',NULL),(254,14,'Adelina',10,'Y',NULL),(255,15,'Abilene',10,'Y',NULL),(256,16,'Adiel',10,'Y',NULL),(257,17,'Cyprian',10,'Y',NULL),(258,18,'Belinda',10,'Y',NULL),(259,19,'Ayushmati',10,'Y',NULL),(260,20,'Bhayana',10,'Y',NULL),(261,21,'Achal',10,'Y',NULL),(262,22,'Cobden',10,'Y',NULL),(263,23,'Beatriz',10,'Y',NULL),(264,24,'Dhatri',10,'Y',NULL),(265,25,'Alvina',10,'Y',NULL),(266,26,'Aveline',10,'Y',NULL),(267,27,'Arinya',10,'Y',NULL),(268,28,'Calum',80,'Y',NULL),(269,29,'Bessy',80,'Y',NULL),(270,30,'Chetwin',80,'Y',NULL),(271,1,'Chata',80,'Y',NULL),(272,2,'Alberta',80,'Y',NULL),(273,3,'Akela',80,'Y',NULL),(274,4,'Aleksandra',80,'Y',NULL),(275,5,'Caius',80,'Y',NULL),(276,6,'Akanksha',80,'Y',NULL),(277,7,'Alta',80,'Y',NULL),(278,8,'Currier',80,'Y',NULL),(279,9,'Costard',80,'Y',NULL),(280,10,'Comfort',80,'Y',NULL),(281,11,'Anjana',80,'Y',NULL),(282,12,'Carel',80,'Y',NULL),(283,13,'Anjali',80,'Y',NULL),(284,14,'Cassidy',80,'Y',NULL),(285,15,'Ainhoa',80,'Y',NULL),(286,16,'Bakarne',80,'Y',NULL),(287,17,'Adar',80,'Y',NULL),(288,18,'Curio',80,'Y',NULL),(289,19,'Brodie',80,'Y',NULL),(290,20,'Brites',80,'Y',NULL),(291,21,'Donoghue',80,'Y',NULL),(292,22,'Aemilia',80,'Y',NULL),(293,23,'Chayton',80,'Y',NULL),(294,24,'Dusan',80,'Y',NULL),(295,25,'Aisha',80,'Y',NULL),(296,26,'Annissa',80,'Y',NULL),(297,27,'Donny',80,'Y',NULL),(298,28,'Chauncey',80,'Y',NULL),(299,29,'Decker',80,'Y',NULL),(300,30,'Dull',80,'Y',NULL);
/*!40000 ALTER TABLE `adjudicator` ENABLE KEYS */;
UNLOCK TABLES;

--
-- Table structure for table `configure_adjud_draw`
--

DROP TABLE IF EXISTS `configure_adjud_draw`;
CREATE TABLE `configure_adjud_draw` (
  `param_name` varchar(100) NOT NULL default '',
  `param_value` double default NULL,
  PRIMARY KEY  (`param_name`)
) ENGINE=MyISAM DEFAULT CHARSET=latin1;

--
-- Dumping data for table `configure_adjud_draw`
--

LOCK TABLES `configure_adjud_draw` WRITE;
/*!40000 ALTER TABLE `configure_adjud_draw` DISABLE KEYS */;
INSERT INTO `configure_adjud_draw` VALUES ('university_conflict',10000),('team_conflict',10000),('chair_not_perfect',0),('chair_not_ciaran_perfect',1),('panel_steepness',0.1),('panel_strength_not_perfect',1),('panel_size_not_perfect',0),('panel_size_out_of_bounds',1000),('adjudicator_met_adjudicator',0),('adjudicator_met_team',0),('lock',0);
/*!40000 ALTER TABLE `configure_adjud_draw` ENABLE KEYS */;
UNLOCK TABLES;

--
-- Table structure for table `draw_round_1`
--

DROP TABLE IF EXISTS `draw_round_1`;
CREATE TABLE `draw_round_1` (
  `debate_id` mediumint(9) NOT NULL,
  `og` mediumint(9) NOT NULL,
  `oo` mediumint(9) NOT NULL,
  `cg` mediumint(9) NOT NULL,
  `co` mediumint(9) NOT NULL,
  `venue_id` mediumint(9) NOT NULL,
  PRIMARY KEY  (`debate_id`)
) ENGINE=MyISAM DEFAULT CHARSET=latin1;

--
-- Dumping data for table `draw_round_1`
--

LOCK TABLES `draw_round_1` WRITE;
/*!40000 ALTER TABLE `draw_round_1` DISABLE KEYS */;
INSERT INTO `draw_round_1` VALUES (10000,349,241,35,12,61),(10001,252,240,347,76,30),(10002,74,143,191,397,11),(10003,300,289,28,378,93),(10004,205,178,375,387,87),(10005,288,155,294,328,83),(10006,84,224,42,75,5),(10007,320,78,83,271,84),(10008,371,21,336,249,25),(10009,86,104,344,364,92),(10010,137,261,331,165,50),(10011,398,51,215,163,68),(10012,39,365,396,390,40),(10013,61,376,200,301,77),(10014,115,172,91,117,22),(10015,225,262,119,393,79),(10016,194,179,216,97,91),(10017,32,47,124,15,32),(10018,161,332,251,96,94),(10019,298,169,367,237,100),(10020,327,242,269,343,2),(10021,175,313,386,98,34),(10022,102,291,384,351,4),(10023,193,77,230,290,17),(10024,73,57,388,56,86),(10025,233,152,352,107,19),(10026,359,174,246,120,10),(10027,134,4,69,130,36),(10028,323,148,123,197,90),(10029,111,206,394,229,62),(10030,256,9,136,212,85),(10031,356,173,285,6,98),(10032,70,357,267,92,46),(10033,60,150,147,19,48),(10034,385,2,71,259,60),(10035,3,132,202,318,43),(10036,223,314,141,363,73),(10037,253,167,139,213,31),(10038,281,350,94,339,81),(10039,40,244,311,58,37),(10040,68,324,296,268,66),(10041,85,391,113,382,49),(10042,16,218,108,45,95),(10043,26,220,276,10,33),(10044,153,5,250,208,80),(10045,125,103,219,273,72),(10046,399,366,146,283,89),(10047,348,248,27,11,1),(10048,64,183,87,116,96),(10049,33,164,95,196,8),(10050,168,355,181,90,28),(10051,287,254,171,358,74),(10052,13,176,222,305,63),(10053,330,231,67,31,24),(10054,185,309,121,82,69),(10055,22,157,23,380,76),(10056,338,377,182,297,99),(10057,214,110,203,264,67),(10058,247,122,282,135,71),(10059,280,72,207,239,41),(10060,379,235,114,221,7),(10061,105,263,361,53,38),(10062,140,334,25,389,13),(10063,353,368,199,275,15),(10064,55,52,93,7,21),(10065,232,142,245,317,56),(10066,312,158,337,362,42),(10067,79,187,217,109,53),(10068,133,302,304,59,78),(10069,277,370,279,106,3),(10070,144,319,325,286,88),(10071,126,101,354,180,59),(10072,372,41,49,151,26),(10073,81,190,192,234,65),(10074,392,310,226,322,27),(10075,383,30,316,374,23),(10076,236,381,238,210,64),(10077,1,17,201,38,18),(10078,329,128,307,24,39),(10079,360,295,18,292,14),(10080,278,198,50,112,75),(10081,257,266,156,184,9),(10082,326,227,131,8,6),(10083,177,369,170,154,70),(10084,400,162,346,333,20),(10085,88,37,270,345,52),(10086,321,341,149,293,54),(10087,99,160,243,159,47),(10088,395,54,299,118,55),(10089,48,138,36,29,16),(10090,255,129,89,274,44),(10091,284,65,145,44,82),(10092,260,228,340,335,29),(10093,189,127,211,272,35),(10094,303,20,265,43,97),(10095,14,306,166,186,51),(10096,308,46,62,209,57),(10097,34,204,315,188,58),(10098,258,100,80,195,12),(10099,373,66,63,342,45);
/*!40000 ALTER TABLE `draw_round_1` ENABLE KEYS */;
UNLOCK TABLES;

--
-- Table structure for table `highlight`
--

DROP TABLE IF EXISTS `highlight`;
CREATE TABLE `highlight` (
  `lowerlimit` char(50) default NULL,
  `upperlimit` char(50) default NULL,
  `type` char(50) default NULL
) ENGINE=MyISAM DEFAULT CHARSET=latin1;

--
-- Dumping data for table `highlight`
--

LOCK TABLES `highlight` WRITE;
/*!40000 ALTER TABLE `highlight` DISABLE KEYS */;
INSERT INTO `highlight` VALUES ('50','100','result');
/*!40000 ALTER TABLE `highlight` ENABLE KEYS */;
UNLOCK TABLES;

--
-- Table structure for table `motions`
--

DROP TABLE IF EXISTS `motions`;
CREATE TABLE `motions` (
  `round_no` smallint(6) NOT NULL default '0',
  `motion` text NOT NULL,
  PRIMARY KEY  (`round_no`)
) ENGINE=MyISAM DEFAULT CHARSET=latin1;

--
-- Dumping data for table `motions`
--

LOCK TABLES `motions` WRITE;
/*!40000 ALTER TABLE `motions` DISABLE KEYS */;
/*!40000 ALTER TABLE `motions` ENABLE KEYS */;
UNLOCK TABLES;

--
-- Table structure for table `result_round_1`
--

DROP TABLE IF EXISTS `result_round_1`;
CREATE TABLE `result_round_1` (
  `debate_id` mediumint(9) NOT NULL default '0',
  `first` mediumint(9) NOT NULL default '0',
  `second` mediumint(9) NOT NULL default '0',
  `third` mediumint(9) NOT NULL default '0',
  `fourth` mediumint(9) NOT NULL default '0',
  PRIMARY KEY  (`debate_id`)
) ENGINE=MyISAM DEFAULT CHARSET=latin1;

--
-- Dumping data for table `result_round_1`
--

LOCK TABLES `result_round_1` WRITE;
/*!40000 ALTER TABLE `result_round_1` DISABLE KEYS */;
INSERT INTO `result_round_1` VALUES (10000,35,12,241,349),(10001,76,240,252,347),(10002,397,191,74,143),(10003,378,300,28,289),(10004,375,387,178,205),(10005,155,294,288,328),(10006,75,224,42,84),(10007,78,320,271,83),(10008,371,249,336,21),(10009,86,364,104,344),(10010,261,165,331,137),(10011,51,215,163,398),(10012,396,390,39,365),(10013,376,200,301,61),(10014,172,91,117,115),(10015,262,225,393,119),(10016,194,216,97,179),(10017,47,124,32,15),(10018,332,251,161,96),(10019,237,169,298,367),(10020,327,269,242,343),(10021,175,98,386,313),(10022,384,291,102,351),(10023,230,77,193,290),(10024,388,56,57,73),(10025,107,352,233,152),(10026,174,359,246,120),(10027,4,69,134,130),(10028,148,197,323,123),(10029,206,394,229,111),(10030,136,256,9,212),(10031,356,173,6,285),(10032,357,70,92,267),(10033,150,147,19,60),(10034,71,259,385,2),(10035,3,318,202,132),(10036,223,314,141,363),(10037,253,213,167,139),(10038,339,281,94,350),(10039,244,58,40,311),(10040,68,296,324,268),(10041,391,113,382,85),(10042,45,16,218,108),(10043,10,26,276,220),(10044,5,250,153,208),(10045,125,273,103,219),(10046,283,146,366,399),(10047,348,248,27,11),(10048,64,183,116,87),(10049,33,196,164,95),(10050,168,355,90,181),(10051,358,287,254,171),(10052,176,305,222,13),(10053,67,330,31,231),(10054,121,185,309,82),(10055,157,22,380,23),(10056,338,297,182,377),(10057,110,214,203,264),(10058,247,135,282,122),(10059,72,207,239,280),(10060,221,235,379,114),(10061,263,53,105,361),(10062,389,25,334,140),(10063,275,353,199,368),(10064,52,7,55,93),(10065,232,142,317,245),(10066,312,362,337,158),(10067,109,79,187,217),(10068,59,133,304,302),(10069,279,277,106,370),(10070,286,325,319,144),(10071,101,180,126,354),(10072,49,41,151,372),(10073,234,81,190,192),(10074,310,226,392,322),(10075,374,383,30,316),(10076,210,238,381,236),(10077,201,38,1,17),(10078,307,128,329,24),(10079,292,295,360,18),(10080,50,112,278,198),(10081,266,156,184,257),(10082,8,326,131,227),(10083,369,154,177,170),(10084,333,162,400,346),(10085,270,37,88,345),(10086,293,341,149,321),(10087,243,99,160,159),(10088,118,54,299,395),(10089,36,29,138,48),(10090,255,89,129,274),(10091,65,44,284,145),(10092,340,228,260,335),(10093,211,272,189,127),(10094,43,265,303,20),(10095,306,166,186,14),(10096,209,308,46,62),(10097,34,204,315,188),(10098,195,100,80,258),(10099,373,66,342,63);
/*!40000 ALTER TABLE `result_round_1` ENABLE KEYS */;
UNLOCK TABLES;

--
-- Table structure for table `speaker`
--

DROP TABLE IF EXISTS `speaker`;
CREATE TABLE `speaker` (
  `speaker_id` mediumint(9) NOT NULL auto_increment,
  `team_id` mediumint(9) NOT NULL default '0',
  `speaker_name` varchar(100) NOT NULL default '',
  PRIMARY KEY  (`speaker_id`),
  UNIQUE KEY `team_id` (`team_id`,`speaker_name`)
) ENGINE=MyISAM AUTO_INCREMENT=801 DEFAULT CHARSET=latin1;

--
-- Dumping data for table `speaker`
--

LOCK TABLES `speaker` WRITE;
/*!40000 ALTER TABLE `speaker` DISABLE KEYS */;
INSERT INTO `speaker` VALUES (1,1,'Derrell'),(2,1,'Amalie'),(3,2,'Bellona'),(4,2,'Chet'),(5,3,'Arden'),(6,3,'Annika'),(7,4,'Aine'),(8,4,'Chiamaka'),(9,5,'Algerine'),(10,5,'Durwin'),(11,6,'Dahana'),(12,6,'Coman'),(13,7,'Bohdana'),(14,7,'David'),(15,8,'Conner'),(16,8,'Dharuna'),(17,9,'Angela'),(18,9,'Achen'),(19,10,'Allora'),(20,10,'Bliss'),(21,11,'Desiderio'),(22,11,'Carver'),(23,12,'Devesh'),(24,12,'Ashrita'),(25,13,'Demas'),(26,13,'Birdie'),(27,14,'Bathsheba'),(28,14,'Cheyney'),(29,15,'Aida'),(30,15,'Deiphobus'),(31,16,'Aiko'),(32,16,'Acantha'),(33,17,'Dumaine'),(34,17,'Akala'),(35,18,'Corey'),(36,18,'Bara'),(37,19,'Addie'),(38,19,'Abina'),(39,20,'Atalanta'),(40,20,'Channing'),(41,21,'Ahuva'),(42,21,'Amberley'),(43,22,'Darrel'),(44,22,'Anezka'),(45,23,'Amazonia'),(46,23,'Arashel'),(47,24,'Christy'),(48,24,'Berit'),(49,25,'Dagan'),(50,25,'Adriano'),(51,26,'Apara'),(52,26,'Chander'),(53,27,'Aideen'),(54,27,'Calixto'),(55,28,'Bertha'),(56,28,'Adima'),(57,29,'Cadby'),(58,29,'Alcina'),(59,30,'Curry'),(60,30,'Agnes'),(61,31,'Aroha'),(62,31,'Casey'),(63,32,'Adelicia'),(64,32,'Addy'),(65,33,'Bunny'),(66,33,'Constantine'),(67,34,'Barakah'),(68,34,'Duncan'),(69,35,'Csepel'),(70,35,'Duman'),(71,36,'Anusree'),(72,36,'Clayton'),(73,37,'Carter'),(74,37,'Arlynda'),(75,38,'Akina'),(76,38,'Anthea'),(77,39,'Baako'),(78,39,'Alissa'),(79,40,'Dempsey'),(80,40,'Alida'),(81,41,'Akili'),(82,41,'Astra'),(83,42,'Derward'),(84,42,'Benedicta'),(85,43,'Andie'),(86,43,'Aislinn'),(87,44,'Atlanta'),(88,44,'Dragan'),(89,45,'Arushi'),(90,45,'Bluma'),(91,46,'Betsy'),(92,46,'Adrienne'),(93,47,'Autumn'),(94,47,'Carlton'),(95,48,'Arielle'),(96,48,'Amdis'),(97,49,'Adiva'),(98,49,'Adana'),(99,50,'Declan'),(100,50,'Conroy'),(101,51,'Allunga'),(102,51,'Berta'),(103,52,'Ahnada'),(104,52,'Ayesha'),(105,53,'Adela'),(106,53,'Dail'),(107,54,'Adina'),(108,54,'Anais'),(109,55,'Cuba'),(110,55,'Duff'),(111,56,'Dedrick'),(112,56,'Case'),(113,57,'Chico'),(114,57,'Bellanca'),(115,58,'Bronnen'),(116,58,'Chaim'),(117,59,'Chike'),(118,59,'Chilton'),(119,60,'Chandra'),(120,60,'Dolph'),(121,61,'Brunhilde'),(122,61,'Candidius'),(123,62,'Charleton'),(124,62,'Bonny'),(125,63,'Achilla'),(126,63,'Almeda'),(127,64,'Ariella'),(128,64,'Christopher'),(129,65,'Demos'),(130,65,'Cynfor'),(131,66,'Agape'),(132,66,'Anemone'),(133,67,'Ava'),(134,67,'Derry'),(135,68,'Dharmesh'),(136,68,'Angharad'),(137,69,'Acanit'),(138,69,'Affrica'),(139,70,'Aide'),(140,70,'Aruna'),(141,71,'Beatrice'),(142,71,'Doyle'),(143,72,'Charan'),(144,72,'Bansari'),(145,73,'Akila'),(146,73,'Ai'),(147,74,'Andreana'),(148,74,'Dunn'),(149,75,'Beda'),(150,75,'Doron'),(151,76,'Anika'),(152,76,'Alpha'),(153,77,'Avery'),(154,77,'Ayushi'),(155,78,'Dyre'),(156,78,'Brittania'),(157,79,'Alessandra'),(158,79,'Artemisia'),(159,80,'Asisa'),(160,80,'Daruka'),(161,81,'Adolfina'),(162,81,'Alazne'),(163,82,'Amata'),(164,82,'Caradoc'),(165,83,'Aiesha'),(166,83,'Annabel'),(167,84,'Curran'),(168,84,'Creighton'),(169,85,'Antonia'),(170,85,'Djavan'),(171,86,'Chane'),(172,86,'Azland'),(173,87,'Abrienda'),(174,87,'Azra'),(175,88,'Abir'),(176,88,'Bridgit'),(177,89,'Antonie'),(178,89,'Armelle'),(179,90,'Coltin'),(180,90,'Aysegel'),(181,91,'Desiderius'),(182,91,'Ciro'),(183,92,'Ayse'),(184,92,'Belita'),(185,93,'Compton'),(186,93,'Davie'),(187,94,'Ali'),(188,94,'Aphrodite'),(189,95,'Babette'),(190,95,'Daren'),(191,96,'Aileen'),(192,96,'Andea'),(193,97,'Armynel'),(194,97,'Dara'),(195,98,'Asenka'),(196,98,'Carmelo'),(197,99,'Calvin'),(198,99,'Adara'),(199,100,'Cadeo'),(200,100,'Carrington'),(201,101,'Demitrius'),(202,101,'Aldora'),(203,102,'Dilip'),(204,102,'Anaya'),(205,103,'Douglas'),(206,103,'Dartagnan'),(207,104,'Daly'),(208,104,'Bobby'),(209,105,'Clint'),(210,105,'Dheran'),(211,106,'Donovan'),(212,106,'Davey'),(213,107,'Devitri'),(214,107,'Andromeda'),(215,108,'Carson'),(216,108,'Cranley'),(217,109,'Achit'),(218,109,'Amadora'),(219,110,'Carleton'),(220,110,'Belicia'),(221,111,'Anka'),(222,111,'Caedmon'),(223,112,'Derwent'),(224,112,'Darel'),(225,113,'Akanke'),(226,113,'Diamond'),(227,114,'Carden'),(228,114,'Alda'),(229,115,'Damien'),(230,115,'Brandi'),(231,116,'Clayland'),(232,116,'Dwayne'),(233,117,'Colby'),(234,117,'Alice'),(235,118,'Amara'),(236,118,'Chen'),(237,119,'Bo'),(238,119,'Bona'),(239,120,'Acedia'),(240,120,'Afric'),(241,121,'Dickie'),(242,121,'Apollonia'),(243,122,'Birgitta'),(244,122,'Agate'),(245,123,'Dimitri'),(246,123,'Cleveland'),(247,124,'Alexa'),(248,124,'Challis'),(249,125,'Crandon'),(250,125,'Dallas'),(251,126,'Bree'),(252,126,'Dinsdale'),(253,127,'Abra'),(254,127,'Amissa'),(255,128,'Aline'),(256,128,'Aretina'),(257,129,'Blodwen'),(258,129,'Akako'),(259,130,'Binty'),(260,130,'Crawford'),(261,131,'Alzena'),(262,131,'Cedric'),(263,132,'Devante'),(264,132,'Ambika'),(265,133,'Ardath'),(266,133,'Calder'),(267,134,'Dalton'),(268,134,'Ann'),(269,135,'Davy'),(270,135,'Blake'),(271,136,'Bryanne'),(272,136,'Denis'),(273,137,'Clark'),(274,137,'Conall'),(275,138,'Chuck'),(276,138,'Ayame'),(277,139,'Avalon'),(278,139,'Courtney'),(279,140,'Aniela'),(280,140,'Aegea'),(281,141,'Betrys'),(282,141,'Denley'),(283,142,'Duglas'),(284,142,'Bette'),(285,143,'Alonza'),(286,143,'Aure'),(287,144,'Cato'),(288,144,'Christie'),(289,145,'Clachas'),(290,145,'Ausiana'),(291,146,'Duarte'),(292,146,'Antje'),(293,147,'Adele'),(294,147,'Chiranjeev'),(295,148,'Chaman'),(296,148,'Alena'),(297,149,'Brigit'),(298,149,'Aneya'),(299,150,'Almedha'),(300,150,'Bryony'),(301,151,'Afra'),(302,151,'Alouetta'),(303,152,'Alexandra'),(304,152,'Caine'),(305,153,'Avanti'),(306,153,'Csombor'),(307,154,'Cadogan'),(308,154,'Dinkar'),(309,155,'Bakana'),(310,155,'Becky'),(311,156,'Aidan'),(312,156,'Adorabelle'),(313,157,'Bernice'),(314,157,'Chadwick'),(315,158,'Annata'),(316,158,'Afina'),(317,159,'Darshan'),(318,159,'Craig'),(319,160,'Begonia'),(320,160,'Diederik'),(321,161,'Anani'),(322,161,'Anona'),(323,162,'Dugald'),(324,162,'Dodd'),(325,163,'Beau'),(326,163,'Atin'),(327,164,'Boa'),(328,164,'Cranmer'),(329,165,'Cathan'),(330,165,'Denzil'),(331,166,'Astrid'),(332,166,'Aeryn'),(333,167,'Calisto'),(334,167,'Andromache'),(335,168,'Bly'),(336,168,'Adamina'),(337,169,'Dobry'),(338,169,'Annapurna'),(339,170,'Acadia'),(340,170,'Caldwell'),(341,171,'Amira'),(342,171,'Chancey'),(343,172,'Dagobert'),(344,172,'Adama'),(345,173,'Crewe'),(346,173,'Castel'),(347,174,'April'),(348,174,'Allyson'),(349,175,'Berwyn'),(350,175,'Christmas'),(351,176,'Aditi'),(352,176,'Carlos'),(353,177,'Alima'),(354,177,'Derek'),(355,178,'Arista'),(356,178,'Aqua'),(357,179,'Avice'),(358,179,'Amina'),(359,180,'Alisa'),(360,180,'Anca'),(361,181,'Blossom'),(362,181,'Andrea'),(363,182,'Cubert'),(364,182,'Arva'),(365,183,'Blanda'),(366,183,'Darnell'),(367,184,'Arabelle'),(368,184,'Caphis'),(369,185,'Bronya'),(370,185,'Clem'),(371,186,'Amena'),(372,186,'Duranjaya'),(373,187,'Darin'),(374,187,'Beryan'),(375,188,'Dominic'),(376,188,'Aingeal'),(377,189,'Cable'),(378,189,'Daley'),(379,190,'Brit'),(380,190,'Bryna'),(381,191,'Buena'),(382,191,'Christos'),(383,192,'Barika'),(384,192,'Dante'),(385,193,'Abijah'),(386,193,'Angevin'),(387,194,'Clemens'),(388,194,'Anninka'),(389,195,'Adelaide'),(390,195,'Avoca'),(391,196,'Basia'),(392,196,'Cathmor'),(393,197,'Burdette'),(394,197,'Adelle'),(395,198,'Dudley'),(396,198,'Ankita'),(397,199,'Cynric'),(398,199,'Anatola'),(399,200,'Cullen'),(400,200,'Campbell'),(401,201,'Aintzane'),(402,201,'Chuckie'),(403,202,'Aminta'),(404,202,'Abigail'),(405,203,'Chal'),(406,203,'Aleksia'),(407,204,'Agatha'),(408,204,'Araceli'),(409,205,'Charles'),(410,205,'Dustin'),(411,206,'Dunbar'),(412,206,'Briony'),(413,207,'Dyfan'),(414,207,'Dunham'),(415,208,'Brunella'),(416,208,'Audlin'),(417,209,'Athalia'),(418,209,'Dunmore'),(419,210,'Cadell'),(420,210,'Dino'),(421,211,'Churchill'),(422,211,'Derex'),(423,212,'Clive'),(424,212,'Behira'),(425,213,'Brietta'),(426,213,'Adonia'),(427,214,'Alameda'),(428,214,'Benta'),(429,215,'Ciprien'),(430,215,'Anan'),(431,216,'Artemis'),(432,216,'Bernadette'),(433,217,'Borgny'),(434,217,'Accalia'),(435,218,'Chandler'),(436,218,'Corin'),(437,219,'Chin'),(438,219,'Cahil'),(439,220,'Athena'),(440,220,'Durant'),(441,221,'Abbey'),(442,221,'Bhavya'),(443,222,'Alysa'),(444,222,'Carlyon'),(445,223,'Ashima'),(446,223,'Alike'),(447,224,'Carwyn'),(448,224,'Ancelin'),(449,225,'Denzel'),(450,225,'Durham'),(451,226,'Claude'),(452,226,'Colin'),(453,227,'Azalea'),(454,227,'Darby'),(455,228,'Alani'),(456,228,'Amandine'),(457,229,'Akana'),(458,229,'Aggie'),(459,230,'Aasia'),(460,230,'Derwin'),(461,231,'Dolan'),(462,231,'Andraya'),(463,232,'Bedelia'),(464,232,'Chancellor'),(465,233,'Calvert'),(466,233,'Billie'),(467,234,'Alvita'),(468,234,'Britt'),(469,235,'Derwood'),(470,235,'Ardine'),(471,236,'Dory'),(472,236,'Corwin'),(473,237,'Ajay'),(474,237,'Court'),(475,238,'Druce'),(476,238,'Arnurna'),(477,239,'Casimir'),(478,239,'Addi'),(479,240,'Diarmad'),(480,240,'Amethyst'),(481,241,'Cecil'),(482,241,'Crispin'),(483,242,'Aurora'),(484,242,'Apirka'),(485,243,'Demetrius'),(486,243,'Dromio'),(487,244,'Aspasia'),(488,244,'Darryl'),(489,245,'Aleta'),(490,245,'Ardelia'),(491,246,'Achlys'),(492,246,'Ancilla'),(493,247,'Beata'),(494,247,'Amarante'),(495,248,'Deniz'),(496,248,'Branwen'),(497,249,'Cassio'),(498,249,'Akriti'),(499,250,'Caerwyn'),(500,250,'Connor'),(501,251,'Antigone'),(502,251,'Adalgisa'),(503,252,'Adalia'),(504,252,'Aneira'),(505,253,'Araxie'),(506,253,'Douglass'),(507,254,'Amelia'),(508,254,'Carroll'),(509,255,'Belvia'),(510,255,'Damon'),(511,256,'Cosmo'),(512,256,'Amani'),(513,257,'Argenta'),(514,257,'Carlisle'),(515,258,'Cerimon'),(516,258,'Ardis'),(517,259,'Aldonza'),(518,259,'Allirea'),(519,260,'Durmada'),(520,260,'Amberjill'),(521,261,'Adelinda'),(522,261,'Alula'),(523,262,'Dalziel'),(524,262,'Bryn'),(525,263,'Axelia'),(526,263,'Dempster'),(527,264,'Casper'),(528,264,'Benita'),(529,265,'Columba'),(530,265,'Brygid'),(531,266,'Adolpha'),(532,266,'Cengis'),(533,267,'Csongor'),(534,267,'Briar'),(535,268,'Bageshwari'),(536,268,'Akuti'),(537,269,'Amelinda'),(538,269,'Bibi'),(539,270,'Delsin'),(540,270,'Divyesh'),(541,271,'Betsey'),(542,271,'Coty'),(543,272,'Canute'),(544,272,'Dinesh'),(545,273,'Avera'),(546,273,'Dakshesh'),(547,274,'Birgitte'),(548,274,'Bryher'),(549,275,'Arora'),(550,275,'Azalia'),(551,276,'Africa'),(552,276,'Denby'),(553,277,'Audora'),(554,277,'Connley'),(555,278,'Brilynn'),(556,278,'Alejandra'),(557,279,'Carne'),(558,279,'Ariene'),(559,280,'Dag'),(560,280,'Cordell'),(561,281,'Awsta'),(562,281,'Alumit'),(563,282,'Dick'),(564,282,'An'),(565,283,'Ashleigh'),(566,283,'Adesina'),(567,284,'Alessa'),(568,284,'Aparajita'),(569,285,'Bian'),(570,285,'Cane'),(571,286,'Asenette'),(572,286,'Danby'),(573,287,'Ayiana'),(574,287,'Dexter'),(575,288,'Aundy'),(576,288,'Daryl'),(577,289,'Dutch'),(578,289,'Alfreda'),(579,290,'Beckie'),(580,290,'Clitus'),(581,291,'Conn'),(582,291,'Cseke'),(583,292,'Cormac'),(584,292,'Ardere'),(585,293,'Dev'),(586,293,'Aubine'),(587,294,'Dean'),(588,294,'Allison'),(589,295,'Camden'),(590,295,'Dakota'),(591,296,'Bethshaya'),(592,296,'Delano'),(593,297,'Beta'),(594,297,'Aldara'),(595,298,'Ayita'),(596,298,'Andras'),(597,299,'Carl'),(598,299,'Blair'),(599,300,'Amarina'),(600,300,'Dirke'),(601,301,'Derwyn'),(602,301,'Dietrich'),(603,302,'Asmita'),(604,302,'Anisa'),(605,303,'Aisling'),(606,303,'Benquasha'),(607,304,'Alba'),(608,304,'Alodia'),(609,305,'Aolani'),(610,305,'Devrity'),(611,306,'Cory'),(612,306,'Blaine'),(613,307,'Anja'),(614,307,'Aleshanee'),(615,308,'Avis'),(616,308,'Aura'),(617,309,'Des'),(618,309,'Amadea'),(619,310,'Asella'),(620,310,'Bela'),(621,311,'Dhaval'),(622,311,'Bega'),(623,312,'Csenger'),(624,312,'Bronte'),(625,313,'Belva'),(626,313,'Ambrosine'),(627,314,'Akaisha'),(628,314,'Curan'),(629,315,'Dewey'),(630,315,'Amaris'),(631,316,'Antionette'),(632,316,'Blanche'),(633,317,'Bo-Bae'),(634,317,'Aksana'),(635,318,'Doran'),(636,318,'Alma'),(637,319,'Cajan'),(638,319,'Chung'),(639,320,'Bala'),(640,320,'Andria'),(641,321,'Allegra'),(642,321,'Dov'),(643,322,'Astera'),(644,322,'Derain'),(645,323,'Dow'),(646,323,'Bruna'),(647,324,'Astrea'),(648,324,'Don'),(649,325,'Dougal'),(650,325,'Carvell'),(651,326,'Abelia'),(652,326,'Dalbert'),(653,327,'Alexavia'),(654,327,'Dallin'),(655,328,'Anya'),(656,328,'Drystan'),(657,329,'Audun'),(658,329,'Cody'),(659,330,'Bernina'),(660,330,'Dharma'),(661,331,'Buffy'),(662,331,'Dionysus'),(663,332,'Cort'),(664,332,'Ariadne'),(665,333,'Anabelle'),(666,333,'Dolabella'),(667,334,'Alona'),(668,334,'Alex'),(669,335,'Deo'),(670,335,'Belda'),(671,336,'Belle'),(672,336,'Aila'),(673,337,'Beryl'),(674,337,'Colon'),(675,338,'Caithness'),(676,338,'Clancy'),(677,339,'Beverly'),(678,339,'Atifa'),(679,340,'Anke'),(680,340,'Brooke'),(681,341,'Cristiano'),(682,341,'Arran'),(683,342,'Dominick'),(684,342,'Angeni'),(685,343,'Briallen'),(686,343,'Dennison'),(687,344,'Damek'),(688,344,'Alexina	Alexis'),(689,345,'Albinka'),(690,345,'Bess'),(691,346,'Arlette'),(692,346,'Akilina'),(693,347,'Cavan'),(694,347,'Carrick'),(695,348,'Belladonna'),(696,348,'Avara'),(697,349,'Cal'),(698,349,'Alia'),(699,350,'Cooper'),(700,350,'Dickinson'),(701,351,'Adriana'),(702,351,'Axelle'),(703,352,'Curnow'),(704,352,'Averil'),(705,353,'Brigitte'),(706,353,'Capucius'),(707,354,'Blinda'),(708,354,'Altair'),(709,355,'Donalbain'),(710,355,'Ayala'),(711,356,'Collin'),(712,356,'Dural'),(713,357,'Amanda'),(714,357,'Dogberry'),(715,358,'Cayden'),(716,358,'Dickson'),(717,359,'Areta'),(718,359,'Abby'),(719,360,'Alonsa'),(720,360,'Cicero'),(721,361,'Amandla'),(722,361,'Clarence'),(723,362,'Berry'),(724,362,'Azarni'),(725,363,'Chris'),(726,363,'Aiyana'),(727,364,'Cupid'),(728,364,'Ameerah'),(729,365,'Anoush'),(730,365,'Cyrano'),(731,366,'Bethia'),(732,366,'Ailsa'),(733,367,'Derrick'),(734,367,'Chale'),(735,368,'Amandeep'),(736,368,'Devlin'),(737,369,'Donatien'),(738,369,'Devereux'),(739,370,'Cian'),(740,370,'Beulah'),(741,371,'Clement'),(742,371,'Digby'),(743,372,'Ames'),(744,372,'Arezou'),(745,373,'Boronia'),(746,373,'Derron'),(747,374,'Caton'),(748,374,'Dione'),(749,375,'Amy'),(750,375,'Deli'),(751,376,'Brianne'),(752,376,'Alvira'),(753,377,'Atmaja'),(754,377,'Dooley'),(755,378,'Alize'),(756,378,'Denver'),(757,379,'Deacon'),(758,379,'Curtis'),(759,380,'Dell'),(760,380,'Cliff'),(761,381,'Abiona'),(762,381,'Chrirag'),(763,382,'Amabel'),(764,382,'Anata'),(765,383,'Crosby'),(766,383,'Conor'),(767,384,'Dattatreya'),(768,384,'Ankareeda'),(769,385,'Cristo'),(770,385,'Aquamarine'),(771,386,'Chrysander'),(772,386,'Ayme'),(773,387,'Akshita'),(774,387,'Conlan'),(775,388,'Condon'),(776,388,'Assunta'),(777,389,'Duane'),(778,389,'Chahaya	Chaika'),(779,390,'Deepak'),(780,390,'Aparna'),(781,391,'Alarice'),(782,391,'Aina'),(783,392,'Durriken'),(784,392,'Carsyn'),(785,393,'Alithia'),(786,393,'Cristian'),(787,394,'Clinton'),(788,394,'Arachne'),(789,395,'Aquaria'),(790,395,'Aurkene'),(791,396,'Chetan'),(792,396,'Bayo'),(793,397,'Aissa'),(794,397,'Ctirad'),(795,398,'Dwennon'),(796,398,'Chan'),(797,399,'Annunziata'),(798,399,'Azrael'),(799,400,'Addisyn'),(800,400,'Albina');
/*!40000 ALTER TABLE `speaker` ENABLE KEYS */;
UNLOCK TABLES;

--
-- Table structure for table `speaker_round_1`
--

DROP TABLE IF EXISTS `speaker_round_1`;
CREATE TABLE `speaker_round_1` (
  `speaker_id` mediumint(9) NOT NULL default '0',
  `debate_id` mediumint(9) NOT NULL default '0',
  `points` smallint(9) NOT NULL default '0',
  PRIMARY KEY  (`speaker_id`)
) ENGINE=MyISAM DEFAULT CHARSET=latin1;

--
-- Dumping data for table `speaker_round_1`
--

LOCK TABLES `speaker_round_1` WRITE;
/*!40000 ALTER TABLE `speaker_round_1` DISABLE KEYS */;
INSERT INTO `speaker_round_1` VALUES (69,10000,90),(70,10000,90),(24,10000,74),(23,10000,74),(481,10000,65),(482,10000,65),(698,10000,56),(697,10000,56),(152,10001,90),(151,10001,90),(480,10001,74),(479,10001,74),(503,10001,65),(504,10001,65),(694,10001,56),(693,10001,56),(793,10002,90),(794,10002,90),(381,10002,74),(382,10002,74),(147,10002,65),(148,10002,65),(285,10002,56),(286,10002,56),(755,10003,90),(756,10003,90),(599,10003,74),(600,10003,74),(56,10003,65),(55,10003,65),(578,10003,56),(577,10003,56),(749,10004,90),(750,10004,90),(773,10004,74),(774,10004,74),(356,10004,65),(355,10004,65),(409,10004,56),(410,10004,56),(309,10005,90),(310,10005,90),(588,10005,74),(587,10005,74),(575,10005,65),(576,10005,65),(655,10005,56),(656,10005,56),(149,10006,90),(150,10006,90),(448,10006,74),(447,10006,74),(84,10006,65),(83,10006,65),(168,10006,56),(167,10006,56),(156,10007,90),(155,10007,90),(640,10007,74),(639,10007,74),(541,10007,65),(542,10007,65),(165,10007,56),(166,10007,56),(741,10008,90),(742,10008,90),(498,10008,74),(497,10008,74),(672,10008,65),(671,10008,65),(41,10008,56),(42,10008,56),(172,10009,90),(171,10009,90),(728,10009,74),(727,10009,74),(208,10009,65),(207,10009,65),(688,10009,56),(687,10009,56),(521,10010,90),(522,10010,90),(329,10010,74),(330,10010,74),(661,10010,65),(662,10010,65),(273,10010,56),(274,10010,56),(101,10011,90),(102,10011,90),(430,10011,74),(429,10011,74),(326,10011,65),(325,10011,65),(796,10011,56),(795,10011,56),(792,10012,90),(791,10012,90),(780,10012,74),(779,10012,74),(78,10012,65),(77,10012,65),(729,10012,56),(730,10012,56),(752,10013,90),(751,10013,90),(400,10013,74),(399,10013,74),(601,10013,65),(602,10013,65),(121,10013,56),(122,10013,56),(344,10014,90),(343,10014,90),(182,10014,74),(181,10014,74),(234,10014,65),(233,10014,65),(230,10014,56),(229,10014,56),(524,10015,90),(523,10015,90),(449,10015,74),(450,10015,74),(785,10015,65),(786,10015,65),(237,10015,56),(238,10015,56),(388,10016,90),(387,10016,90),(431,10016,74),(432,10016,74),(193,10016,65),(194,10016,65),(358,10016,56),(357,10016,56),(93,10017,90),(94,10017,90),(247,10017,74),(248,10017,74),(64,10017,65),(63,10017,65),(29,10017,56),(30,10017,56),(664,10018,90),(663,10018,90),(502,10018,74),(501,10018,74),(321,10018,65),(322,10018,65),(191,10018,56),(192,10018,56),(473,10019,90),(474,10019,90),(338,10019,74),(337,10019,74),(596,10019,65),(595,10019,65),(734,10019,56),(733,10019,56),(653,10020,90),(654,10020,90),(537,10020,74),(538,10020,74),(484,10020,65),(483,10020,65),(685,10020,56),(686,10020,56),(349,10021,90),(350,10021,90),(195,10021,74),(196,10021,74),(772,10021,65),(771,10021,65),(626,10021,56),(625,10021,56),(768,10022,90),(767,10022,90),(581,10022,74),(582,10022,74),(204,10022,65),(203,10022,65),(701,10022,56),(702,10022,56),(459,10023,90),(460,10023,90),(153,10023,74),(154,10023,74),(385,10023,65),(386,10023,65),(579,10023,56),(580,10023,56),(776,10024,90),(775,10024,90),(112,10024,74),(111,10024,74),(114,10024,65),(113,10024,65),(146,10024,56),(145,10024,56),(214,10025,90),(213,10025,90),(704,10025,74),(703,10025,74),(466,10025,65),(465,10025,65),(303,10025,56),(304,10025,56),(348,10026,90),(347,10026,90),(718,10026,74),(717,10026,74),(491,10026,65),(492,10026,65),(239,10026,56),(240,10026,56),(7,10027,90),(8,10027,90),(137,10027,74),(138,10027,74),(268,10027,65),(267,10027,65),(259,10027,56),(260,10027,56),(296,10028,90),(295,10028,90),(394,10028,74),(393,10028,74),(646,10028,65),(645,10028,65),(246,10028,56),(245,10028,56),(412,10029,90),(411,10029,90),(788,10029,74),(787,10029,74),(458,10029,65),(457,10029,65),(221,10029,56),(222,10029,56),(271,10030,90),(272,10030,90),(512,10030,74),(511,10030,74),(18,10030,65),(17,10030,65),(424,10030,56),(423,10030,56),(711,10031,90),(712,10031,90),(346,10031,74),(345,10031,74),(12,10031,65),(11,10031,65),(569,10031,56),(570,10031,56),(713,10032,90),(714,10032,90),(139,10032,74),(140,10032,74),(183,10032,65),(184,10032,65),(534,10032,56),(533,10032,56),(299,10033,90),(300,10033,90),(293,10033,74),(294,10033,74),(38,10033,65),(37,10033,65),(119,10033,56),(120,10033,56),(141,10034,90),(142,10034,90),(517,10034,74),(518,10034,74),(770,10034,65),(769,10034,65),(3,10034,56),(4,10034,56),(6,10035,90),(5,10035,90),(636,10035,74),(635,10035,74),(404,10035,65),(403,10035,65),(264,10035,56),(263,10035,56),(446,10036,90),(445,10036,90),(627,10036,74),(628,10036,74),(281,10036,65),(282,10036,65),(726,10036,56),(725,10036,56),(505,10037,90),(506,10037,90),(426,10037,74),(425,10037,74),(334,10037,65),(333,10037,65),(277,10037,56),(278,10037,56),(678,10038,90),(677,10038,90),(562,10038,74),(561,10038,74),(187,10038,65),(188,10038,65),(699,10038,56),(700,10038,56),(487,10039,90),(488,10039,90),(115,10039,74),(116,10039,74),(80,10039,65),(79,10039,65),(622,10039,56),(621,10039,56),(136,10040,90),(135,10040,90),(591,10040,74),(592,10040,74),(647,10040,65),(648,10040,65),(536,10040,56),(535,10040,56),(782,10041,90),(781,10041,90),(225,10041,74),(226,10041,74),(763,10041,65),(764,10041,65),(169,10041,56),(170,10041,56),(89,10042,90),(90,10042,90),(32,10042,74),(31,10042,74),(435,10042,65),(436,10042,65),(215,10042,56),(216,10042,56),(19,10043,90),(20,10043,90),(51,10043,74),(52,10043,74),(551,10043,65),(552,10043,65),(439,10043,56),(440,10043,56),(9,10044,90),(10,10044,90),(499,10044,74),(500,10044,74),(305,10044,65),(306,10044,65),(416,10044,56),(415,10044,56),(249,10045,90),(250,10045,90),(545,10045,74),(546,10045,74),(206,10045,65),(205,10045,65),(438,10045,56),(437,10045,56),(566,10046,90),(565,10046,90),(292,10046,74),(291,10046,74),(732,10046,65),(731,10046,65),(797,10046,56),(798,10046,56),(696,10047,90),(695,10047,90),(496,10047,74),(495,10047,74),(53,10047,65),(54,10047,65),(22,10047,56),(21,10047,56),(127,10048,90),(128,10048,90),(365,10048,74),(366,10048,74),(231,10048,65),(232,10048,65),(173,10048,56),(174,10048,56),(65,10049,90),(66,10049,90),(391,10049,74),(392,10049,74),(327,10049,65),(328,10049,65),(189,10049,56),(190,10049,56),(336,10050,90),(335,10050,90),(710,10050,74),(709,10050,74),(180,10050,65),(179,10050,65),(362,10050,56),(361,10050,56),(715,10051,90),(716,10051,90),(573,10051,74),(574,10051,74),(507,10051,65),(508,10051,65),(341,10051,56),(342,10051,56),(351,10052,90),(352,10052,90),(609,10052,74),(610,10052,74),(443,10052,65),(444,10052,65),(26,10052,56),(25,10052,56),(133,10053,90),(134,10053,90),(659,10053,74),(660,10053,74),(61,10053,65),(62,10053,65),(462,10053,56),(461,10053,56),(242,10054,90),(241,10054,90),(369,10054,74),(370,10054,74),(618,10054,65),(617,10054,65),(163,10054,56),(164,10054,56),(313,10055,90),(314,10055,90),(44,10055,74),(43,10055,74),(760,10055,65),(759,10055,65),(45,10055,56),(46,10055,56),(675,10056,90),(676,10056,90),(594,10056,74),(593,10056,74),(364,10056,65),(363,10056,65),(753,10056,56),(754,10056,56),(220,10057,90),(219,10057,90),(427,10057,74),(428,10057,74),(406,10057,65),(405,10057,65),(528,10057,56),(527,10057,56),(494,10058,90),(493,10058,90),(270,10058,74),(269,10058,74),(564,10058,65),(563,10058,65),(244,10058,56),(243,10058,56),(144,10059,90),(143,10059,90),(414,10059,74),(413,10059,74),(478,10059,65),(477,10059,65),(560,10059,56),(559,10059,56),(441,10060,90),(442,10060,90),(470,10060,74),(469,10060,74),(758,10060,65),(757,10060,65),(228,10060,56),(227,10060,56),(525,10061,90),(526,10061,90),(105,10061,74),(106,10061,74),(209,10061,65),(210,10061,65),(721,10061,56),(722,10061,56),(778,10062,90),(777,10062,90),(50,10062,74),(49,10062,74),(668,10062,65),(667,10062,65),(280,10062,56),(279,10062,56),(549,10063,90),(550,10063,90),(705,10063,74),(706,10063,74),(398,10063,65),(397,10063,65),(735,10063,56),(736,10063,56),(103,10064,90),(104,10064,90),(13,10064,74),(14,10064,74),(109,10064,65),(110,10064,65),(185,10064,56),(186,10064,56),(463,10065,90),(464,10065,90),(284,10065,74),(283,10065,74),(634,10065,65),(633,10065,65),(489,10065,56),(490,10065,56),(624,10066,90),(623,10066,90),(724,10066,74),(723,10066,74),(673,10066,65),(674,10066,65),(316,10066,56),(315,10066,56),(217,10067,90),(218,10067,90),(157,10067,74),(158,10067,74),(374,10067,65),(373,10067,65),(434,10067,56),(433,10067,56),(117,10068,90),(118,10068,90),(265,10068,74),(266,10068,74),(607,10068,65),(608,10068,65),(604,10068,56),(603,10068,56),(558,10069,90),(557,10069,90),(553,10069,74),(554,10069,74),(212,10069,65),(211,10069,65),(740,10069,56),(739,10069,56),(571,10070,90),(572,10070,90),(650,10070,74),(649,10070,74),(637,10070,65),(638,10070,65),(287,10070,56),(288,10070,56),(202,10071,90),(201,10071,90),(359,10071,74),(360,10071,74),(251,10071,65),(252,10071,65),(708,10071,56),(707,10071,56),(98,10072,90),(97,10072,90),(81,10072,74),(82,10072,74),(301,10072,65),(302,10072,65),(743,10072,56),(744,10072,56),(467,10073,90),(468,10073,90),(161,10073,74),(162,10073,74),(379,10073,65),(380,10073,65),(383,10073,56),(384,10073,56),(619,10074,90),(620,10074,90),(451,10074,74),(452,10074,74),(784,10074,65),(783,10074,65),(643,10074,56),(644,10074,56),(747,10075,90),(748,10075,90),(766,10075,74),(765,10075,74),(60,10075,65),(59,10075,65),(631,10075,56),(632,10075,56),(419,10076,90),(420,10076,90),(476,10076,74),(475,10076,74),(761,10076,65),(762,10076,65),(472,10076,56),(471,10076,56),(401,10077,90),(402,10077,90),(75,10077,74),(76,10077,74),(2,10077,65),(1,10077,65),(34,10077,56),(33,10077,56),(614,10078,90),(613,10078,90),(255,10078,74),(256,10078,74),(657,10078,65),(658,10078,65),(48,10078,56),(47,10078,56),(584,10079,90),(583,10079,90),(589,10079,74),(590,10079,74),(719,10079,65),(720,10079,65),(36,10079,56),(35,10079,56),(100,10080,90),(99,10080,90),(224,10080,74),(223,10080,74),(556,10080,65),(555,10080,65),(396,10080,56),(395,10080,56),(531,10081,90),(532,10081,90),(312,10081,74),(311,10081,74),(367,10081,65),(368,10081,65),(513,10081,56),(514,10081,56),(15,10082,90),(16,10082,90),(651,10082,74),(652,10082,74),(261,10082,65),(262,10082,65),(453,10082,56),(454,10082,56),(738,10083,90),(737,10083,90),(307,10083,74),(308,10083,74),(353,10083,65),(354,10083,65),(339,10083,56),(340,10083,56),(665,10084,90),(666,10084,90),(324,10084,74),(323,10084,74),(799,10084,65),(800,10084,65),(692,10084,56),(691,10084,56),(539,10085,90),(540,10085,90),(74,10085,74),(73,10085,74),(175,10085,65),(176,10085,65),(689,10085,56),(690,10085,56),(586,10086,90),(585,10086,90),(682,10086,74),(681,10086,74),(298,10086,65),(297,10086,65),(641,10086,56),(642,10086,56),(485,10087,90),(486,10087,90),(198,10087,74),(197,10087,74),(319,10087,65),(320,10087,65),(318,10087,56),(317,10087,56),(235,10088,90),(236,10088,90),(107,10088,74),(108,10088,74),(598,10088,65),(597,10088,65),(789,10088,56),(790,10088,56),(71,10089,90),(72,10089,90),(58,10089,74),(57,10089,74),(276,10089,65),(275,10089,65),(96,10089,56),(95,10089,56),(509,10090,90),(510,10090,90),(177,10090,74),(178,10090,74),(258,10090,65),(257,10090,65),(547,10090,56),(548,10090,56),(130,10091,90),(129,10091,90),(87,10091,74),(88,10091,74),(567,10091,65),(568,10091,65),(290,10091,56),(289,10091,56),(679,10092,90),(680,10092,90),(455,10092,74),(456,10092,74),(520,10092,65),(519,10092,65),(670,10092,56),(669,10092,56),(421,10093,90),(422,10093,90),(543,10093,74),(544,10093,74),(377,10093,65),(378,10093,65),(253,10093,56),(254,10093,56),(86,10094,90),(85,10094,90),(530,10094,74),(529,10094,74),(605,10094,65),(606,10094,65),(39,10094,56),(40,10094,56),(612,10095,90),(611,10095,90),(332,10095,74),(331,10095,74),(371,10095,65),(372,10095,65),(27,10095,56),(28,10095,56),(417,10096,90),(418,10096,90),(616,10096,74),(615,10096,74),(92,10096,65),(91,10096,65),(124,10096,56),(123,10096,56),(67,10097,90),(68,10097,90),(407,10097,74),(408,10097,74),(630,10097,65),(629,10097,65),(376,10097,56),(375,10097,56),(389,10098,90),(390,10098,90),(199,10098,74),(200,10098,74),(159,10098,65),(160,10098,65),(516,10098,56),(515,10098,56),(745,10099,90),(746,10099,90),(131,10099,74),(132,10099,74),(684,10099,65),(683,10099,65),(125,10099,56),(126,10099,56);
/*!40000 ALTER TABLE `speaker_round_1` ENABLE KEYS */;
UNLOCK TABLES;

--
-- Table structure for table `team`
--

DROP TABLE IF EXISTS `team`;
CREATE TABLE `team` (
  `team_id` mediumint(9) NOT NULL auto_increment,
  `univ_id` mediumint(9) NOT NULL default '0',
  `team_code` varchar(20) NOT NULL default '',
  `esl` enum('N','Y') NOT NULL default 'N',
  `active` enum('N','Y') NOT NULL default 'N',
  `composite` enum('N','Y') NOT NULL default 'Y',
  PRIMARY KEY  (`team_id`),
  UNIQUE KEY `univ_id` (`univ_id`,`team_code`)
) ENGINE=MyISAM AUTO_INCREMENT=401 DEFAULT CHARSET=latin1 COMMENT='Team Table';

--
-- Dumping data for table `team`
--

LOCK TABLES `team` WRITE;
/*!40000 ALTER TABLE `team` DISABLE KEYS */;
INSERT INTO `team` VALUES (1,1,'A','N','Y','N'),(2,1,'B','N','Y','N'),(3,1,'C','N','Y','N'),(4,1,'D','N','Y','N'),(5,1,'E','N','Y','N'),(6,1,'F','N','Y','N'),(7,1,'G','N','Y','N'),(8,1,'H','N','Y','N'),(9,1,'I','N','Y','N'),(10,1,'J','N','Y','N'),(11,1,'K','N','Y','N'),(12,1,'L','N','Y','N'),(13,1,'M','N','Y','N'),(14,1,'N','N','Y','N'),(15,1,'O','N','Y','N'),(16,1,'P','N','Y','N'),(17,1,'Q','N','Y','N'),(18,1,'R','N','Y','N'),(19,1,'S','N','Y','N'),(20,1,'T','N','Y','N'),(21,1,'U','N','Y','N'),(22,1,'V','N','Y','N'),(23,1,'W','N','Y','N'),(24,1,'X','N','Y','N'),(25,1,'Y','N','Y','N'),(26,1,'Z','N','Y','N'),(27,2,'A','N','Y','N'),(28,2,'B','N','Y','N'),(29,2,'C','N','Y','N'),(30,2,'D','N','Y','N'),(31,2,'E','N','Y','N'),(32,2,'F','N','Y','N'),(33,2,'G','N','Y','N'),(34,2,'H','N','Y','N'),(35,2,'I','N','Y','N'),(36,2,'J','N','Y','N'),(37,2,'K','N','Y','N'),(38,2,'L','N','Y','N'),(39,2,'M','N','Y','N'),(40,2,'N','N','Y','N'),(41,2,'O','N','Y','N'),(42,2,'P','N','Y','N'),(43,2,'Q','N','Y','N'),(44,2,'R','N','Y','N'),(45,2,'S','N','Y','N'),(46,2,'T','N','Y','N'),(47,2,'U','N','Y','N'),(48,2,'V','N','Y','N'),(49,2,'W','N','Y','N'),(50,2,'X','N','Y','N'),(51,2,'Y','N','Y','N'),(52,2,'Z','N','Y','N'),(53,3,'A','N','Y','N'),(54,3,'B','N','Y','N'),(55,3,'C','N','Y','N'),(56,3,'D','N','Y','N'),(57,3,'E','N','Y','N'),(58,3,'F','N','Y','N'),(59,3,'G','N','Y','N'),(60,3,'H','N','Y','N'),(61,3,'I','N','Y','N'),(62,3,'J','N','Y','N'),(63,3,'K','N','Y','N'),(64,3,'L','N','Y','N'),(65,3,'M','N','Y','N'),(66,3,'N','N','Y','N'),(67,3,'O','N','Y','N'),(68,3,'P','N','Y','N'),(69,3,'Q','N','Y','N'),(70,3,'R','N','Y','N'),(71,3,'S','N','Y','N'),(72,3,'T','N','Y','N'),(73,3,'U','N','Y','N'),(74,3,'V','N','Y','N'),(75,3,'W','N','Y','N'),(76,3,'X','N','Y','N'),(77,3,'Y','N','Y','N'),(78,3,'Z','N','Y','N'),(79,4,'A','N','Y','N'),(80,4,'B','N','Y','N'),(81,4,'C','N','Y','N'),(82,4,'D','N','Y','N'),(83,4,'E','N','Y','N'),(84,4,'F','N','Y','N'),(85,4,'G','N','Y','N'),(86,4,'H','N','Y','N'),(87,4,'I','N','Y','N'),(88,4,'J','N','Y','N'),(89,4,'K','N','Y','N'),(90,4,'L','N','Y','N'),(91,4,'M','N','Y','N'),(92,4,'N','N','Y','N'),(93,4,'O','N','Y','N'),(94,4,'P','N','Y','N'),(95,4,'Q','N','Y','N'),(96,4,'R','N','Y','N'),(97,4,'S','N','Y','N'),(98,4,'T','N','Y','N'),(99,4,'U','N','Y','N'),(100,4,'V','N','Y','N'),(101,4,'W','N','Y','N'),(102,4,'X','N','Y','N'),(103,4,'Y','N','Y','N'),(104,4,'Z','N','Y','N'),(105,5,'A','N','Y','N'),(106,5,'B','N','Y','N'),(107,5,'C','N','Y','N'),(108,5,'D','N','Y','N'),(109,5,'E','N','Y','N'),(110,5,'F','N','Y','N'),(111,5,'G','N','Y','N'),(112,5,'H','N','Y','N'),(113,5,'I','N','Y','N'),(114,5,'J','N','Y','N'),(115,5,'K','N','Y','N'),(116,5,'L','N','Y','N'),(117,5,'M','N','Y','N'),(118,5,'N','N','Y','N'),(119,5,'O','N','Y','N'),(120,5,'P','N','Y','N'),(121,5,'Q','N','Y','N'),(122,5,'R','N','Y','N'),(123,5,'S','N','Y','N'),(124,5,'T','N','Y','N'),(125,5,'U','N','Y','N'),(126,5,'V','N','Y','N'),(127,5,'W','N','Y','N'),(128,5,'X','N','Y','N'),(129,5,'Y','N','Y','N'),(130,5,'Z','N','Y','N'),(131,6,'A','N','Y','N'),(132,6,'B','N','Y','N'),(133,6,'C','N','Y','N'),(134,6,'D','N','Y','N'),(135,6,'E','N','Y','N'),(136,6,'F','N','Y','N'),(137,6,'G','N','Y','N'),(138,6,'H','N','Y','N'),(139,6,'I','N','Y','N'),(140,6,'J','N','Y','N'),(141,6,'K','N','Y','N'),(142,6,'L','N','Y','N'),(143,6,'M','N','Y','N'),(144,6,'N','N','Y','N'),(145,6,'O','N','Y','N'),(146,6,'P','N','Y','N'),(147,6,'Q','N','Y','N'),(148,6,'R','N','Y','N'),(149,6,'S','N','Y','N'),(150,6,'T','N','Y','N'),(151,6,'U','N','Y','N'),(152,6,'V','N','Y','N'),(153,6,'W','N','Y','N'),(154,6,'X','N','Y','N'),(155,6,'Y','N','Y','N'),(156,6,'Z','N','Y','N'),(157,7,'A','N','Y','N'),(158,7,'B','N','Y','N'),(159,7,'C','N','Y','N'),(160,7,'D','N','Y','N'),(161,7,'E','N','Y','N'),(162,7,'F','N','Y','N'),(163,7,'G','N','Y','N'),(164,7,'H','N','Y','N'),(165,7,'I','N','Y','N'),(166,7,'J','N','Y','N'),(167,7,'K','N','Y','N'),(168,7,'L','N','Y','N'),(169,7,'M','N','Y','N'),(170,7,'N','N','Y','N'),(171,7,'O','N','Y','N'),(172,7,'P','N','Y','N'),(173,7,'Q','N','Y','N'),(174,7,'R','N','Y','N'),(175,7,'S','N','Y','N'),(176,7,'T','N','Y','N'),(177,7,'U','N','Y','N'),(178,7,'V','N','Y','N'),(179,7,'W','N','Y','N'),(180,7,'X','N','Y','N'),(181,7,'Y','N','Y','N'),(182,7,'Z','N','Y','N'),(183,8,'A','N','Y','N'),(184,8,'B','N','Y','N'),(185,8,'C','N','Y','N'),(186,8,'D','N','Y','N'),(187,8,'E','N','Y','N'),(188,8,'F','N','Y','N'),(189,8,'G','N','Y','N'),(190,8,'H','N','Y','N'),(191,8,'I','N','Y','N'),(192,8,'J','N','Y','N'),(193,8,'K','N','Y','N'),(194,8,'L','N','Y','N'),(195,8,'M','N','Y','N'),(196,8,'N','N','Y','N'),(197,8,'O','N','Y','N'),(198,8,'P','N','Y','N'),(199,8,'Q','N','Y','N'),(200,8,'R','N','Y','N'),(201,8,'S','N','Y','N'),(202,8,'T','N','Y','N'),(203,8,'U','N','Y','N'),(204,8,'V','N','Y','N'),(205,8,'W','N','Y','N'),(206,8,'X','N','Y','N'),(207,8,'Y','N','Y','N'),(208,8,'Z','N','Y','N'),(209,9,'A','N','Y','N'),(210,9,'B','N','Y','N'),(211,9,'C','N','Y','N'),(212,9,'D','N','Y','N'),(213,9,'E','N','Y','N'),(214,9,'F','N','Y','N'),(215,9,'G','N','Y','N'),(216,9,'H','N','Y','N'),(217,9,'I','N','Y','N'),(218,9,'J','N','Y','N'),(219,9,'K','N','Y','N'),(220,9,'L','N','Y','N'),(221,9,'M','N','Y','N'),(222,9,'N','N','Y','N'),(223,9,'O','N','Y','N'),(224,9,'P','N','Y','N'),(225,9,'Q','N','Y','N'),(226,9,'R','N','Y','N'),(227,9,'S','N','Y','N'),(228,9,'T','N','Y','N'),(229,9,'U','N','Y','N'),(230,9,'V','N','Y','N'),(231,9,'W','N','Y','N'),(232,9,'X','N','Y','N'),(233,9,'Y','N','Y','N'),(234,9,'Z','N','Y','N'),(235,10,'A','N','Y','N'),(236,10,'B','N','Y','N'),(237,10,'C','N','Y','N'),(238,10,'D','N','Y','N'),(239,10,'E','N','Y','N'),(240,10,'F','N','Y','N'),(241,10,'G','N','Y','N'),(242,10,'H','N','Y','N'),(243,10,'I','N','Y','N'),(244,10,'J','N','Y','N'),(245,10,'K','N','Y','N'),(246,10,'L','N','Y','N'),(247,10,'M','N','Y','N'),(248,10,'N','N','Y','N'),(249,10,'O','N','Y','N'),(250,10,'P','N','Y','N'),(251,10,'Q','N','Y','N'),(252,10,'R','N','Y','N'),(253,10,'S','N','Y','N'),(254,10,'T','N','Y','N'),(255,10,'U','N','Y','N'),(256,10,'V','N','Y','N'),(257,10,'W','N','Y','N'),(258,10,'X','N','Y','N'),(259,10,'Y','N','Y','N'),(260,10,'Z','N','Y','N'),(261,11,'A','N','Y','N'),(262,11,'B','N','Y','N'),(263,11,'C','N','Y','N'),(264,11,'D','N','Y','N'),(265,11,'E','N','Y','N'),(266,11,'F','N','Y','N'),(267,11,'G','N','Y','N'),(268,11,'H','N','Y','N'),(269,11,'I','N','Y','N'),(270,11,'J','N','Y','N'),(271,11,'K','N','Y','N'),(272,11,'L','N','Y','N'),(273,11,'M','N','Y','N'),(274,11,'N','N','Y','N'),(275,11,'O','N','Y','N'),(276,11,'P','N','Y','N'),(277,11,'Q','N','Y','N'),(278,11,'R','N','Y','N'),(279,11,'S','N','Y','N'),(280,11,'T','N','Y','N'),(281,11,'U','N','Y','N'),(282,11,'V','N','Y','N'),(283,11,'W','N','Y','N'),(284,11,'X','N','Y','N'),(285,11,'Y','N','Y','N'),(286,11,'Z','N','Y','N'),(287,12,'A','N','Y','N'),(288,12,'B','N','Y','N'),(289,12,'C','N','Y','N'),(290,12,'D','N','Y','N'),(291,12,'E','N','Y','N'),(292,12,'F','N','Y','N'),(293,12,'G','N','Y','N'),(294,12,'H','N','Y','N'),(295,12,'I','N','Y','N'),(296,12,'J','N','Y','N'),(297,12,'K','N','Y','N'),(298,12,'L','N','Y','N'),(299,12,'M','N','Y','N'),(300,12,'N','N','Y','N'),(301,12,'O','N','Y','N'),(302,12,'P','N','Y','N'),(303,12,'Q','N','Y','N'),(304,12,'R','N','Y','N'),(305,12,'S','N','Y','N'),(306,12,'T','N','Y','N'),(307,12,'U','N','Y','N'),(308,12,'V','N','Y','N'),(309,12,'W','N','Y','N'),(310,12,'X','N','Y','N'),(311,12,'Y','N','Y','N'),(312,12,'Z','N','Y','N'),(313,13,'A','N','Y','N'),(314,13,'B','N','Y','N'),(315,13,'C','N','Y','N'),(316,13,'D','N','Y','N'),(317,13,'E','N','Y','N'),(318,13,'F','N','Y','N'),(319,13,'G','N','Y','N'),(320,13,'H','N','Y','N'),(321,13,'I','N','Y','N'),(322,13,'J','N','Y','N'),(323,13,'K','N','Y','N'),(324,13,'L','N','Y','N'),(325,13,'M','N','Y','N'),(326,13,'N','N','Y','N'),(327,13,'O','N','Y','N'),(328,13,'P','N','Y','N'),(329,13,'Q','N','Y','N'),(330,13,'R','N','Y','N'),(331,13,'S','N','Y','N'),(332,13,'T','N','Y','N'),(333,13,'U','N','Y','N'),(334,13,'V','N','Y','N'),(335,13,'W','N','Y','N'),(336,13,'X','N','Y','N'),(337,13,'Y','N','Y','N'),(338,13,'Z','N','Y','N'),(339,14,'A','N','Y','N'),(340,14,'B','N','Y','N'),(341,14,'C','N','Y','N'),(342,14,'D','N','Y','N'),(343,14,'E','N','Y','N'),(344,14,'F','N','Y','N'),(345,14,'G','N','Y','N'),(346,14,'H','N','Y','N'),(347,14,'I','N','Y','N'),(348,14,'J','N','Y','N'),(349,14,'K','N','Y','N'),(350,14,'L','N','Y','N'),(351,14,'M','N','Y','N'),(352,14,'N','N','Y','N'),(353,14,'O','N','Y','N'),(354,14,'P','N','Y','N'),(355,14,'Q','N','Y','N'),(356,14,'R','N','Y','N'),(357,14,'S','N','Y','N'),(358,14,'T','N','Y','N'),(359,14,'U','N','Y','N'),(360,14,'V','N','Y','N'),(361,14,'W','N','Y','N'),(362,14,'X','N','Y','N'),(363,14,'Y','N','Y','N'),(364,14,'Z','N','Y','N'),(365,15,'A','N','Y','N'),(366,15,'B','N','Y','N'),(367,15,'C','N','Y','N'),(368,15,'D','N','Y','N'),(369,15,'E','N','Y','N'),(370,15,'F','N','Y','N'),(371,15,'G','N','Y','N'),(372,15,'H','N','Y','N'),(373,15,'I','N','Y','N'),(374,15,'J','N','Y','N'),(375,15,'K','N','Y','N'),(376,15,'L','N','Y','N'),(377,15,'M','N','Y','N'),(378,15,'N','N','Y','N'),(379,15,'O','N','Y','N'),(380,15,'P','N','Y','N'),(381,15,'Q','N','Y','N'),(382,15,'R','N','Y','N'),(383,15,'S','N','Y','N'),(384,15,'T','N','Y','N'),(385,15,'U','N','Y','N'),(386,15,'V','N','Y','N'),(387,15,'W','N','Y','N'),(388,15,'X','N','Y','N'),(389,15,'Y','N','Y','N'),(390,15,'Z','N','Y','N'),(391,16,'A','N','Y','N'),(392,16,'B','N','Y','N'),(393,16,'C','N','Y','N'),(394,16,'D','N','Y','N'),(395,16,'E','N','Y','N'),(396,16,'F','N','Y','N'),(397,16,'G','N','Y','N'),(398,16,'H','N','Y','N'),(399,16,'I','N','Y','N'),(400,16,'J','N','Y','N');
/*!40000 ALTER TABLE `team` ENABLE KEYS */;
UNLOCK TABLES;

--
-- Table structure for table `university`
--

DROP TABLE IF EXISTS `university`;
CREATE TABLE `university` (
  `univ_id` mediumint(9) NOT NULL auto_increment,
  `univ_name` varchar(100) NOT NULL default '',
  `univ_code` varchar(20) NOT NULL default '',
  PRIMARY KEY  (`univ_id`),
  UNIQUE KEY `univ_code` (`univ_code`)
) ENGINE=MyISAM AUTO_INCREMENT=31 DEFAULT CHARSET=latin1 COMMENT='University Table';

--
-- Dumping data for table `university`
--

LOCK TABLES `university` WRITE;
/*!40000 ALTER TABLE `university` DISABLE KEYS */;
INSERT INTO `university` VALUES (1,'Aberdeen','ABERDEEN'),(2,'Adelaide','ADELAIDE'),(3,'Alberta','ALBERTA'),(4,'Ateneo de manila','ATENEO DE MANILA'),(5,'Auckland','AUCKLAND'),(6,'Australian national','AUSTRALIAN NATIONAL'),(7,'Brandeis','BRANDEIS'),(8,'Bristol','BRISTOL'),(9,'British columbia','BRITISH COLUMBIA'),(10,'Cambridge','CAMBRIDGE'),(11,'Carleton','CARLETON'),(12,'Chicago','CHICAGO'),(13,'Colgate','COLGATE'),(14,'College cork','COLLEGE CORK'),(15,'College dublin','COLLEGE DUBLIN'),(16,'Columbia','COLUMBIA'),(17,'Concordia','CONCORDIA'),(18,'Dalhousie','DALHOUSIE'),(19,'De la salle -manila','DE LA SALLE -MANILA'),(20,'Dickinson state','DICKINSON STATE'),(21,'Durham','DURHAM'),(22,'Edinburgh','EDINBURGH'),(23,'Erasmus','ERASMUS'),(24,'Glasgow','GLASGOW'),(25,'Grays inn','GRAYS INN'),(26,'Guelph','GUELPH'),(27,'Harvard','HARVARD'),(28,'Hebrew','HEBREW'),(29,'Inner temple','INNER TEMPLE'),(30,'Interdisciplinary ce','INTERDISCIPLINARY CE');
/*!40000 ALTER TABLE `university` ENABLE KEYS */;
UNLOCK TABLES;

--
-- Table structure for table `venue`
--

DROP TABLE IF EXISTS `venue`;
CREATE TABLE `venue` (
  `venue_id` mediumint(9) NOT NULL auto_increment,
  `venue_name` varchar(50) NOT NULL default '',
  `venue_location` varchar(50) NOT NULL default '',
  `active` enum('Y','N') NOT NULL default 'Y',
  PRIMARY KEY  (`venue_id`),
  UNIQUE KEY `venue_name` (`venue_name`)
) ENGINE=MyISAM AUTO_INCREMENT=101 DEFAULT CHARSET=latin1;

--
-- Dumping data for table `venue`
--

LOCK TABLES `venue` WRITE;
/*!40000 ALTER TABLE `venue` DISABLE KEYS */;
INSERT INTO `venue` VALUES (1,'LT0','LT0','Y'),(2,'LT1','LT1','Y'),(3,'LT2','LT2','Y'),(4,'LT3','LT3','Y'),(5,'LT4','LT4','Y'),(6,'LT5','LT5','Y'),(7,'LT6','LT6','Y'),(8,'LT7','LT7','Y'),(9,'LT8','LT8','Y'),(10,'LT9','LT9','Y'),(11,'LT10','LT10','Y'),(12,'LT11','LT11','Y'),(13,'LT12','LT12','Y'),(14,'LT13','LT13','Y'),(15,'LT14','LT14','Y'),(16,'LT15','LT15','Y'),(17,'LT16','LT16','Y'),(18,'LT17','LT17','Y'),(19,'LT18','LT18','Y'),(20,'LT19','LT19','Y'),(21,'LT20','LT20','Y'),(22,'LT21','LT21','Y'),(23,'LT22','LT22','Y'),(24,'LT23','LT23','Y'),(25,'LT24','LT24','Y'),(26,'LT25','LT25','Y'),(27,'LT26','LT26','Y'),(28,'LT27','LT27','Y'),(29,'LT28','LT28','Y'),(30,'LT29','LT29','Y'),(31,'LT30','LT30','Y'),(32,'LT31','LT31','Y'),(33,'LT32','LT32','Y'),(34,'LT33','LT33','Y'),(35,'LT34','LT34','Y'),(36,'LT35','LT35','Y'),(37,'LT36','LT36','Y'),(38,'LT37','LT37','Y'),(39,'LT38','LT38','Y'),(40,'LT39','LT39','Y'),(41,'LT40','LT40','Y'),(42,'LT41','LT41','Y'),(43,'LT42','LT42','Y'),(44,'LT43','LT43','Y'),(45,'LT44','LT44','Y'),(46,'LT45','LT45','Y'),(47,'LT46','LT46','Y'),(48,'LT47','LT47','Y'),(49,'LT48','LT48','Y'),(50,'LT49','LT49','Y'),(51,'LT50','LT50','Y'),(52,'LT51','LT51','Y'),(53,'LT52','LT52','Y'),(54,'LT53','LT53','Y'),(55,'LT54','LT54','Y'),(56,'LT55','LT55','Y'),(57,'LT56','LT56','Y'),(58,'LT57','LT57','Y'),(59,'LT58','LT58','Y'),(60,'LT59','LT59','Y'),(61,'LT60','LT60','Y'),(62,'LT61','LT61','Y'),(63,'LT62','LT62','Y'),(64,'LT63','LT63','Y'),(65,'LT64','LT64','Y'),(66,'LT65','LT65','Y'),(67,'LT66','LT66','Y'),(68,'LT67','LT67','Y'),(69,'LT68','LT68','Y'),(70,'LT69','LT69','Y'),(71,'LT70','LT70','Y'),(72,'LT71','LT71','Y'),(73,'LT72','LT72','Y'),(74,'LT73','LT73','Y'),(75,'LT74','LT74','Y'),(76,'LT75','LT75','Y'),(77,'LT76','LT76','Y'),(78,'LT77','LT77','Y'),(79,'LT78','LT78','Y'),(80,'LT79','LT79','Y'),(81,'LT80','LT80','Y'),(82,'LT81','LT81','Y'),(83,'LT82','LT82','Y'),(84,'LT83','LT83','Y'),(85,'LT84','LT84','Y'),(86,'LT85','LT85','Y'),(87,'LT86','LT86','Y'),(88,'LT87','LT87','Y'),(89,'LT88','LT88','Y'),(90,'LT89','LT89','Y'),(91,'LT90','LT90','Y'),(92,'LT91','LT91','Y'),(93,'LT92','LT92','Y'),(94,'LT93','LT93','Y'),(95,'LT94','LT94','Y'),(96,'LT95','LT95','Y'),(97,'LT96','LT96','Y'),(98,'LT97','LT97','Y'),(99,'LT98','LT98','Y'),(100,'LT99','LT99','Y');
/*!40000 ALTER TABLE `venue` ENABLE KEYS */;
UNLOCK TABLES;
/*!40103 SET TIME_ZONE=@OLD_TIME_ZONE */;

/*!40101 SET SQL_MODE=@OLD_SQL_MODE */;
/*!40014 SET FOREIGN_KEY_CHECKS=@OLD_FOREIGN_KEY_CHECKS */;
/*!40014 SET UNIQUE_CHECKS=@OLD_UNIQUE_CHECKS */;
/*!40101 SET CHARACTER_SET_CLIENT=@OLD_CHARACTER_SET_CLIENT */;
/*!40101 SET CHARACTER_SET_RESULTS=@OLD_CHARACTER_SET_RESULTS */;
/*!40101 SET COLLATION_CONNECTION=@OLD_COLLATION_CONNECTION */;
/*!40111 SET SQL_NOTES=@OLD_SQL_NOTES */;

-- Dump completed on 2007-11-17 17:07:53
