-- MySQL dump 10.11
--
-- Host: localhost    Database: tabbie1
-- ------------------------------------------------------
-- Server version	5.0.45-Debian_1ubuntu3-log

/*!40101 SET @OLD_CHARACTER_SET_CLIENT=@@CHARACTER_SET_CLIENT */;
/*!40101 SET @OLD_CHARACTER_SET_RESULTS=@@CHARACTER_SET_RESULTS */;
/*!40101 SET @OLD_COLLATION_CONNECTION=@@COLLATION_CONNECTION */;
/*!40101 SET NAMES utf8 */;
/*!40103 SET @OLD_TIME_ZONE=@@TIME_ZONE */;
/*!40103 SET TIME_ZONE='+00:00' */;
/*!40014 SET @OLD_UNIQUE_CHECKS=@@UNIQUE_CHECKS, UNIQUE_CHECKS=0 */;
/*!40014 SET @OLD_FOREIGN_KEY_CHECKS=@@FOREIGN_KEY_CHECKS, FOREIGN_KEY_CHECKS=0 */;
/*!40101 SET @OLD_SQL_MODE=@@SQL_MODE, SQL_MODE='NO_AUTO_VALUE_ON_ZERO' */;
/*!40111 SET @OLD_SQL_NOTES=@@SQL_NOTES, SQL_NOTES=0 */;

--
-- Table structure for table `adjud_round_1`
--

DROP TABLE IF EXISTS `adjud_round_1`;
CREATE TABLE `adjud_round_1` (
  `debate_id` mediumint(9) NOT NULL,
  `adjud_id` mediumint(9) NOT NULL,
  `status` enum('chair','panelist','trainee') NOT NULL
) ENGINE=MyISAM DEFAULT CHARSET=latin1;

--
-- Dumping data for table `adjud_round_1`
--

LOCK TABLES `adjud_round_1` WRITE;
/*!40000 ALTER TABLE `adjud_round_1` DISABLE KEYS */;
INSERT INTO `adjud_round_1` VALUES (10068,129,'chair'),(10068,209,'panelist'),(10068,44,'panelist'),(10069,22,'chair'),(10069,73,'panelist'),(10069,204,'panelist'),(10066,9,'chair'),(10066,289,'panelist'),(10066,17,'panelist'),(10065,111,'chair'),(10065,254,'panelist'),(10065,179,'panelist'),(10064,249,'chair'),(10064,230,'panelist'),(10064,193,'panelist'),(10070,118,'chair'),(10070,211,'panelist'),(10070,45,'panelist'),(10071,89,'chair'),(10071,72,'panelist'),(10071,128,'panelist'),(10075,41,'chair'),(10075,66,'panelist'),(10075,27,'panelist'),(10074,153,'chair'),(10074,266,'panelist'),(10074,47,'panelist'),(10073,246,'chair'),(10073,133,'panelist'),(10073,105,'panelist'),(10072,151,'chair'),(10072,277,'panelist'),(10072,98,'panelist'),(10063,70,'chair'),(10063,178,'panelist'),(10063,79,'panelist'),(10062,97,'chair'),(10062,208,'panelist'),(10062,256,'panelist'),(10055,32,'chair'),(10055,221,'panelist'),(10055,19,'panelist'),(10054,108,'chair'),(10054,91,'panelist'),(10054,51,'panelist'),(10053,68,'chair'),(10053,224,'panelist'),(10053,231,'panelist'),(10051,158,'chair'),(10051,201,'panelist'),(10051,234,'panelist'),(10052,33,'chair'),(10052,36,'panelist'),(10052,290,'panelist'),(10056,8,'chair'),(10056,203,'panelist'),(10056,64,'panelist'),(10057,271,'chair'),(10057,62,'panelist'),(10057,206,'panelist'),(10061,85,'chair'),(10061,282,'panelist'),(10061,136,'panelist'),(10061,192,'panelist'),(10060,147,'chair'),(10060,175,'panelist'),(10060,223,'panelist'),(10059,182,'chair'),(10059,232,'panelist'),(10059,103,'panelist'),(10058,241,'chair'),(10058,287,'panelist'),(10058,240,'panelist'),(10076,123,'chair'),(10076,50,'panelist'),(10076,55,'panelist'),(10078,24,'chair'),(10078,7,'panelist'),(10078,214,'panelist'),(10092,120,'chair'),(10092,77,'panelist'),(10092,215,'panelist'),(10089,260,'chair'),(10089,114,'panelist'),(10089,38,'panelist'),(10093,150,'chair'),(10093,29,'panelist'),(10093,295,'panelist'),(10091,280,'chair'),(10091,139,'panelist'),(10091,180,'panelist'),(10090,63,'chair'),(10090,217,'panelist'),(10090,285,'panelist'),(10094,20,'chair'),(10094,155,'panelist'),(10094,288,'panelist'),(10097,252,'chair'),(10097,90,'panelist'),(10097,235,'panelist'),(10067,71,'chair'),(10067,80,'panelist'),(10067,18,'panelist'),(10095,92,'chair'),(10095,124,'panelist'),(10095,112,'panelist'),(10099,251,'chair'),(10099,212,'panelist'),(10099,131,'panelist'),(10098,222,'chair'),(10098,3,'panelist'),(10098,255,'panelist'),(10096,101,'chair'),(10096,54,'panelist'),(10096,26,'panelist'),(10088,34,'chair'),(10088,4,'panelist'),(10088,144,'panelist'),(10087,35,'chair'),(10087,119,'panelist'),(10087,61,'panelist'),(10080,106,'chair'),(10080,31,'panelist'),(10080,197,'panelist'),(10079,170,'chair'),(10079,243,'panelist'),(10079,233,'panelist'),(10077,107,'chair'),(10077,69,'panelist'),(10077,199,'panelist'),(10081,200,'chair'),(10081,272,'panelist'),(10081,121,'panelist'),(10082,94,'chair'),(10082,125,'panelist'),(10082,284,'panelist'),(10086,298,'chair'),(10086,297,'panelist'),(10086,207,'panelist'),(10085,84,'chair'),(10085,225,'panelist'),(10085,110,'panelist'),(10084,15,'chair'),(10084,148,'panelist'),(10084,236,'panelist'),(10083,23,'chair'),(10083,245,'panelist'),(10083,141,'panelist'),(10050,163,'chair'),(10050,78,'panelist'),(10050,286,'panelist'),(10049,132,'chair'),(10049,164,'panelist'),(10049,169,'panelist'),(10017,219,'chair'),(10017,174,'panelist'),(10017,293,'panelist'),(10016,253,'chair'),(10016,250,'panelist'),(10016,46,'panelist'),(10015,269,'chair'),(10015,100,'panelist'),(10015,140,'panelist'),(10013,239,'chair'),(10013,115,'panelist'),(10013,226,'panelist'),(10014,10,'chair'),(10014,189,'panelist'),(10014,220,'panelist'),(10018,88,'chair'),(10018,196,'panelist'),(10018,186,'panelist'),(10019,104,'chair'),(10019,65,'panelist'),(10019,191,'panelist'),(10023,261,'chair'),(10023,53,'panelist'),(10023,205,'panelist'),(10022,138,'chair'),(10022,56,'panelist'),(10022,156,'panelist'),(10021,181,'chair'),(10021,171,'panelist'),(10021,188,'panelist'),(10020,59,'chair'),(10020,227,'panelist'),(10020,25,'panelist'),(10012,291,'chair'),(10012,281,'panelist'),(10012,257,'panelist'),(10011,130,'chair'),(10011,160,'panelist'),(10004,213,'chair'),(10004,300,'panelist'),(10004,117,'panelist'),(10003,202,'chair'),(10003,270,'panelist'),(10003,5,'panelist'),(10002,113,'chair'),(10002,109,'panelist'),(10002,1,'panelist'),(10005,93,'chair'),(10005,274,'panelist'),(10005,82,'panelist'),(10006,275,'chair'),(10006,296,'panelist'),(10006,87,'panelist'),(10010,194,'chair'),(10010,248,'panelist'),(10010,28,'panelist'),(10009,183,'chair'),(10009,58,'panelist'),(10009,95,'panelist'),(10008,265,'chair'),(10008,122,'panelist'),(10008,102,'panelist'),(10007,258,'chair'),(10007,173,'panelist'),(10007,218,'panelist'),(10024,145,'chair'),(10024,283,'panelist'),(10024,276,'panelist'),(10025,161,'chair'),(10025,40,'panelist'),(10025,294,'panelist'),(10041,49,'chair'),(10041,83,'panelist'),(10041,292,'panelist'),(10040,185,'chair'),(10040,137,'panelist'),(10040,228,'panelist'),(10042,74,'chair'),(10042,166,'panelist'),(10042,149,'panelist'),(10039,299,'chair'),(10039,52,'panelist'),(10039,176,'panelist'),(10038,37,'chair'),(10038,159,'panelist'),(10038,247,'panelist'),(10037,16,'chair'),(10037,165,'panelist'),(10037,210,'panelist'),(10043,237,'chair'),(10043,278,'panelist'),(10044,267,'chair'),(10044,142,'panelist'),(10044,198,'panelist'),(10048,99,'chair'),(10048,238,'panelist'),(10048,67,'panelist'),(10047,135,'chair'),(10047,13,'panelist'),(10047,30,'panelist'),(10046,157,'chair'),(10046,273,'panelist'),(10046,190,'panelist'),(10045,76,'chair'),(10045,81,'panelist'),(10045,75,'panelist'),(10036,184,'chair'),(10036,195,'panelist'),(10036,21,'panelist'),(10034,152,'chair'),(10034,263,'panelist'),(10034,2,'panelist'),(10028,48,'chair'),(10028,244,'panelist'),(10028,172,'panelist'),(10027,42,'chair'),(10027,187,'panelist'),(10027,57,'panelist'),(10030,60,'chair'),(10030,154,'panelist'),(10030,264,'panelist'),(10026,126,'chair'),(10026,259,'panelist'),(10026,143,'panelist'),(10029,268,'chair'),(10029,6,'panelist'),(10029,146,'panelist'),(10031,262,'chair'),(10031,12,'panelist'),(10031,167,'panelist'),(10033,116,'chair'),(10033,14,'panelist'),(10033,39,'panelist'),(10032,177,'chair'),(10032,96,'panelist'),(10032,216,'panelist'),(10000,43,'chair'),(10000,127,'panelist'),(10000,229,'panelist'),(10035,134,'chair'),(10035,86,'panelist'),(10035,242,'panelist'),(10035,168,'panelist'),(10001,11,'chair'),(10001,162,'panelist'),(10001,279,'panelist');
/*!40000 ALTER TABLE `adjud_round_1` ENABLE KEYS */;
UNLOCK TABLES;

--
-- Table structure for table `adjud_round_2`
--

DROP TABLE IF EXISTS `adjud_round_2`;
CREATE TABLE `adjud_round_2` (
  `debate_id` mediumint(9) NOT NULL,
  `adjud_id` mediumint(9) NOT NULL,
  `status` enum('chair','panelist','trainee') NOT NULL
) ENGINE=MyISAM DEFAULT CHARSET=latin1;

--
-- Dumping data for table `adjud_round_2`
--

LOCK TABLES `adjud_round_2` WRITE;
/*!40000 ALTER TABLE `adjud_round_2` DISABLE KEYS */;
INSERT INTO `adjud_round_2` VALUES (20019,25,'chair'),(20019,174,'panelist'),(20019,220,'panelist'),(20016,114,'chair'),(20016,121,'panelist'),(20016,204,'panelist'),(20018,167,'chair'),(20018,152,'panelist'),(20018,33,'panelist'),(20015,64,'chair'),(20015,248,'panelist'),(20015,68,'panelist'),(20020,266,'chair'),(20020,43,'panelist'),(20020,94,'panelist'),(20022,106,'chair'),(20022,282,'panelist'),(20022,120,'panelist'),(20000,149,'chair'),(20000,124,'panelist'),(20000,192,'panelist'),(20001,77,'chair'),(20001,38,'panelist'),(20001,214,'panelist'),(20024,253,'chair'),(20024,168,'panelist'),(20024,129,'panelist'),(20013,28,'chair'),(20013,50,'panelist'),(20013,236,'panelist'),(20023,96,'chair'),(20023,71,'panelist'),(20023,292,'panelist'),(20014,4,'chair'),(20014,52,'panelist'),(20014,241,'panelist'),(20021,250,'chair'),(20021,300,'panelist'),(20021,21,'panelist'),(20005,255,'chair'),(20005,295,'panelist'),(20005,202,'panelist'),(20010,161,'chair'),(20010,228,'panelist'),(20010,235,'panelist'),(20003,87,'chair'),(20003,244,'panelist'),(20003,208,'panelist'),(20006,86,'chair'),(20006,293,'panelist'),(20006,59,'panelist'),(20002,233,'chair'),(20002,170,'panelist'),(20002,74,'panelist'),(20007,206,'chair'),(20007,232,'panelist'),(20007,55,'panelist'),(20012,203,'chair'),(20012,216,'panelist'),(20012,284,'panelist'),(20009,191,'chair'),(20009,137,'panelist'),(20009,290,'panelist'),(20017,162,'chair'),(20017,213,'panelist'),(20017,46,'panelist'),(20011,15,'chair'),(20011,186,'panelist'),(20011,223,'panelist'),(20004,159,'chair'),(20004,13,'panelist'),(20004,2,'panelist'),(20008,229,'chair'),(20008,95,'panelist'),(20008,298,'panelist'),(20008,291,'panelist'),(20042,193,'chair'),(20042,180,'panelist'),(20042,190,'panelist'),(20044,73,'chair'),(20044,247,'panelist'),(20044,196,'panelist'),(20040,69,'chair'),(20040,8,'panelist'),(20040,115,'panelist'),(20038,113,'chair'),(20038,41,'panelist'),(20038,103,'panelist'),(20039,221,'chair'),(20039,36,'panelist'),(20039,111,'panelist'),(20043,234,'chair'),(20043,116,'panelist'),(20043,84,'panelist'),(20045,22,'chair'),(20045,265,'panelist'),(20045,238,'panelist'),(20033,264,'chair'),(20033,6,'panelist'),(20033,169,'panelist'),(20037,227,'chair'),(20037,117,'panelist'),(20047,29,'chair'),(20047,109,'panelist'),(20047,273,'panelist'),(20046,146,'chair'),(20046,182,'panelist'),(20046,280,'panelist'),(20041,135,'chair'),(20041,270,'panelist'),(20041,148,'panelist'),(20048,153,'chair'),(20048,183,'panelist'),(20048,89,'panelist'),(20027,178,'chair'),(20027,277,'panelist'),(20027,53,'panelist'),(20030,142,'chair'),(20030,225,'panelist'),(20030,145,'panelist'),(20028,83,'chair'),(20028,283,'panelist'),(20028,67,'panelist'),(20036,134,'chair'),(20036,72,'panelist'),(20036,245,'panelist'),(20025,242,'chair'),(20025,147,'panelist'),(20025,185,'panelist'),(20029,60,'chair'),(20029,82,'panelist'),(20029,3,'panelist'),(20026,256,'chair'),(20026,140,'panelist'),(20026,197,'panelist'),(20035,57,'chair'),(20035,199,'panelist'),(20035,267,'panelist'),(20031,251,'chair'),(20031,18,'panelist'),(20031,219,'panelist'),(20034,205,'chair'),(20034,246,'panelist'),(20034,119,'panelist'),(20049,139,'chair'),(20049,179,'panelist'),(20049,79,'panelist'),(20049,141,'panelist'),(20032,7,'chair'),(20032,195,'panelist'),(20032,49,'panelist'),(20067,268,'chair'),(20067,157,'panelist'),(20067,128,'panelist'),(20069,276,'chair'),(20069,249,'panelist'),(20069,224,'panelist'),(20064,262,'chair'),(20064,136,'panelist'),(20065,271,'chair'),(20065,93,'panelist'),(20065,272,'panelist'),(20063,217,'chair'),(20063,91,'panelist'),(20063,164,'panelist'),(20070,132,'chair'),(20070,66,'panelist'),(20070,102,'panelist'),(20073,51,'chair'),(20073,31,'panelist'),(20073,158,'panelist'),(20055,200,'chair'),(20055,259,'panelist'),(20055,23,'panelist'),(20062,101,'chair'),(20062,70,'panelist'),(20062,133,'panelist'),(20072,35,'chair'),(20072,286,'panelist'),(20072,274,'panelist'),(20074,40,'chair'),(20074,47,'panelist'),(20074,16,'panelist'),(20066,123,'chair'),(20066,154,'panelist'),(20066,127,'panelist'),(20071,112,'chair'),(20071,296,'panelist'),(20071,294,'panelist'),(20054,20,'chair'),(20054,80,'panelist'),(20054,260,'panelist'),(20052,285,'chair'),(20052,254,'panelist'),(20052,175,'panelist'),(20053,156,'chair'),(20053,230,'panelist'),(20053,1,'panelist'),(20061,297,'chair'),(20061,105,'panelist'),(20061,263,'panelist'),(20050,56,'chair'),(20050,222,'panelist'),(20050,143,'panelist'),(20060,62,'chair'),(20060,172,'panelist'),(20060,75,'panelist'),(20051,85,'chair'),(20051,27,'panelist'),(20051,212,'panelist'),(20058,187,'chair'),(20058,65,'panelist'),(20058,61,'panelist'),(20056,12,'chair'),(20056,237,'panelist'),(20056,207,'panelist'),(20059,184,'chair'),(20059,11,'panelist'),(20059,107,'panelist'),(20068,155,'chair'),(20068,81,'panelist'),(20068,201,'panelist'),(20057,226,'chair'),(20057,239,'panelist'),(20057,181,'panelist'),(20092,176,'chair'),(20092,173,'panelist'),(20092,163,'panelist'),(20096,58,'chair'),(20096,240,'panelist'),(20096,63,'panelist'),(20091,30,'chair'),(20091,279,'panelist'),(20091,100,'panelist'),(20089,24,'chair'),(20089,288,'panelist'),(20089,118,'panelist'),(20093,165,'chair'),(20093,299,'panelist'),(20093,160,'panelist'),(20095,10,'chair'),(20095,257,'panelist'),(20095,122,'panelist'),(20081,210,'chair'),(20081,125,'panelist'),(20081,171,'panelist'),(20090,97,'chair'),(20090,48,'panelist'),(20090,258,'panelist'),(20098,37,'chair'),(20098,99,'panelist'),(20098,44,'panelist'),(20097,275,'chair'),(20097,45,'panelist'),(20097,90,'panelist'),(20094,138,'chair'),(20094,188,'panelist'),(20094,108,'panelist'),(20088,76,'chair'),(20088,215,'panelist'),(20088,17,'panelist'),(20087,88,'chair'),(20087,98,'panelist'),(20087,278,'panelist'),(20077,32,'chair'),(20077,177,'panelist'),(20077,287,'panelist'),(20076,14,'chair'),(20076,252,'panelist'),(20076,198,'panelist'),(20079,209,'chair'),(20079,42,'panelist'),(20079,39,'panelist'),(20080,218,'chair'),(20080,131,'panelist'),(20080,194,'panelist'),(20075,166,'chair'),(20075,110,'panelist'),(20075,151,'panelist'),(20085,289,'chair'),(20085,54,'panelist'),(20085,19,'panelist'),(20078,26,'chair'),(20078,269,'panelist'),(20078,261,'panelist'),(20082,281,'chair'),(20082,130,'panelist'),(20082,5,'panelist'),(20086,92,'chair'),(20086,243,'panelist'),(20086,78,'panelist'),(20084,104,'chair'),(20084,150,'panelist'),(20084,231,'panelist'),(20083,9,'chair'),(20083,144,'panelist'),(20083,211,'panelist'),(20099,34,'chair'),(20099,189,'panelist'),(20099,126,'panelist');
/*!40000 ALTER TABLE `adjud_round_2` ENABLE KEYS */;
UNLOCK TABLES;

--
-- Table structure for table `adjud_round_3`
--

DROP TABLE IF EXISTS `adjud_round_3`;
CREATE TABLE `adjud_round_3` (
  `debate_id` mediumint(9) NOT NULL,
  `adjud_id` mediumint(9) NOT NULL,
  `status` enum('chair','panelist','trainee') NOT NULL
) ENGINE=MyISAM DEFAULT CHARSET=latin1;

--
-- Dumping data for table `adjud_round_3`
--

LOCK TABLES `adjud_round_3` WRITE;
/*!40000 ALTER TABLE `adjud_round_3` DISABLE KEYS */;
INSERT INTO `adjud_round_3` VALUES (30003,182,'chair'),(30003,26,'panelist'),(30002,143,'chair'),(30002,9,'panelist'),(30002,129,'panelist'),(30001,61,'chair'),(30001,292,'panelist'),(30001,97,'panelist'),(30000,282,'chair'),(30000,166,'panelist'),(30000,27,'panelist'),(30005,42,'chair'),(30005,88,'panelist'),(30005,118,'panelist'),(30004,130,'chair'),(30004,104,'panelist'),(30004,70,'panelist'),(30006,299,'chair'),(30006,102,'panelist'),(30006,20,'panelist'),(30017,101,'chair'),(30017,295,'panelist'),(30017,31,'panelist'),(30015,167,'chair'),(30015,108,'panelist'),(30015,23,'panelist'),(30016,92,'chair'),(30016,251,'panelist'),(30016,72,'panelist'),(30007,53,'chair'),(30007,173,'panelist'),(30007,157,'panelist'),(30012,254,'chair'),(30012,111,'panelist'),(30012,221,'panelist'),(30014,36,'chair'),(30014,184,'panelist'),(30014,293,'panelist'),(30009,4,'chair'),(30009,264,'panelist'),(30009,37,'panelist'),(30011,207,'chair'),(30011,246,'panelist'),(30011,177,'panelist'),(30008,219,'chair'),(30008,156,'panelist'),(30008,46,'panelist'),(30013,155,'chair'),(30013,239,'panelist'),(30013,197,'panelist'),(30010,15,'chair'),(30010,252,'panelist'),(30010,258,'panelist'),(30018,117,'chair'),(30018,261,'panelist'),(30018,89,'panelist'),(30033,134,'chair'),(30033,202,'panelist'),(30033,300,'panelist'),(30032,71,'chair'),(30032,170,'panelist'),(30032,99,'panelist'),(30030,270,'chair'),(30030,263,'panelist'),(30030,96,'panelist'),(30031,269,'chair'),(30031,164,'panelist'),(30031,280,'panelist'),(30028,188,'chair'),(30028,232,'panelist'),(30028,248,'panelist'),(30034,54,'chair'),(30034,271,'panelist'),(30034,144,'panelist'),(30036,214,'chair'),(30036,22,'panelist'),(30036,181,'panelist'),(30035,227,'chair'),(30035,8,'panelist'),(30035,57,'panelist'),(30029,19,'chair'),(30029,29,'panelist'),(30029,210,'panelist'),(30026,249,'chair'),(30026,123,'panelist'),(30026,168,'panelist'),(30022,84,'chair'),(30022,233,'panelist'),(30027,58,'chair'),(30027,119,'panelist'),(30027,82,'panelist'),(30020,94,'chair'),(30020,186,'panelist'),(30020,83,'panelist'),(30019,281,'chair'),(30019,81,'panelist'),(30019,151,'panelist'),(30021,277,'chair'),(30021,174,'panelist'),(30021,298,'panelist'),(30025,243,'chair'),(30025,110,'panelist'),(30025,162,'panelist'),(30024,135,'chair'),(30024,140,'panelist'),(30024,217,'panelist'),(30023,266,'chair'),(30023,268,'panelist'),(30023,175,'panelist'),(30037,272,'chair'),(30037,237,'panelist'),(30037,206,'panelist'),(30055,39,'chair'),(30055,208,'panelist'),(30055,85,'panelist'),(30052,275,'chair'),(30052,13,'panelist'),(30052,274,'panelist'),(30054,289,'chair'),(30054,93,'panelist'),(30054,6,'panelist'),(30051,17,'chair'),(30051,38,'panelist'),(30051,41,'panelist'),(30050,24,'chair'),(30050,235,'panelist'),(30050,103,'panelist'),(30059,32,'chair'),(30059,172,'panelist'),(30059,75,'panelist'),(30058,212,'chair'),(30058,107,'panelist'),(30058,225,'panelist'),(30057,152,'chair'),(30057,262,'panelist'),(30057,153,'panelist'),(30056,224,'chair'),(30056,40,'panelist'),(30056,189,'panelist'),(30061,187,'chair'),(30061,241,'panelist'),(30061,259,'panelist'),(30053,115,'chair'),(30053,256,'panelist'),(30053,213,'panelist'),(30049,141,'chair'),(30049,28,'panelist'),(30049,76,'panelist'),(30038,199,'chair'),(30038,216,'panelist'),(30038,165,'panelist'),(30040,66,'chair'),(30040,116,'panelist'),(30040,176,'panelist'),(30039,288,'chair'),(30039,47,'panelist'),(30039,211,'panelist'),(30042,60,'chair'),(30042,231,'panelist'),(30042,35,'panelist'),(30041,296,'chair'),(30041,109,'panelist'),(30041,43,'panelist'),(30041,90,'panelist'),(30048,154,'chair'),(30048,124,'panelist'),(30048,226,'panelist'),(30044,178,'chair'),(30044,52,'panelist'),(30044,78,'panelist'),(30043,204,'chair'),(30043,260,'panelist'),(30043,12,'panelist'),(30047,297,'chair'),(30047,257,'panelist'),(30047,245,'panelist'),(30046,267,'chair'),(30046,283,'panelist'),(30046,74,'panelist'),(30045,50,'chair'),(30045,240,'panelist'),(30045,196,'panelist'),(30062,276,'chair'),(30062,279,'panelist'),(30062,106,'panelist'),(30060,179,'chair'),(30060,247,'panelist'),(30060,133,'panelist'),(30076,105,'chair'),(30076,191,'panelist'),(30076,21,'panelist'),(30075,122,'chair'),(30075,193,'panelist'),(30075,121,'panelist'),(30072,294,'chair'),(30072,201,'panelist'),(30072,150,'panelist'),(30077,68,'chair'),(30077,253,'panelist'),(30077,159,'panelist'),(30073,25,'chair'),(30073,34,'panelist'),(30073,244,'panelist'),(30079,291,'chair'),(30079,234,'panelist'),(30079,44,'panelist'),(30080,137,'chair'),(30080,87,'panelist'),(30080,33,'panelist'),(30078,185,'chair'),(30078,222,'panelist'),(30078,145,'panelist'),(30074,98,'chair'),(30074,228,'panelist'),(30074,198,'panelist'),(30064,138,'chair'),(30064,55,'panelist'),(30064,59,'panelist'),(30066,158,'chair'),(30066,278,'panelist'),(30066,273,'panelist'),(30071,1,'chair'),(30071,238,'panelist'),(30071,14,'panelist'),(30067,220,'chair'),(30067,86,'panelist'),(30067,30,'panelist'),(30063,16,'chair'),(30063,114,'panelist'),(30063,229,'panelist'),(30070,200,'chair'),(30070,73,'panelist'),(30070,218,'panelist'),(30070,171,'panelist'),(30069,139,'chair'),(30069,65,'panelist'),(30069,56,'panelist'),(30068,205,'chair'),(30068,215,'panelist'),(30068,51,'panelist'),(30065,285,'chair'),(30065,160,'panelist'),(30065,125,'panelist'),(30081,77,'chair'),(30081,147,'panelist'),(30081,95,'panelist'),(30088,5,'chair'),(30088,132,'panelist'),(30088,265,'panelist'),(30089,203,'chair'),(30089,113,'panelist'),(30089,286,'panelist'),(30090,230,'chair'),(30090,192,'panelist'),(30090,284,'panelist'),(30092,142,'chair'),(30092,169,'panelist'),(30092,67,'panelist'),(30085,11,'chair'),(30085,91,'panelist'),(30085,45,'panelist'),(30086,126,'chair'),(30086,3,'panelist'),(30086,149,'panelist'),(30083,120,'chair'),(30083,195,'panelist'),(30083,242,'panelist'),(30082,100,'chair'),(30082,10,'panelist'),(30082,183,'panelist'),(30084,64,'chair'),(30084,18,'panelist'),(30084,223,'panelist'),(30087,180,'chair'),(30087,236,'panelist'),(30087,127,'panelist'),(30091,80,'chair'),(30091,209,'panelist'),(30091,287,'panelist'),(30093,146,'chair'),(30093,250,'panelist'),(30093,69,'panelist'),(30099,255,'chair'),(30099,290,'panelist'),(30099,48,'panelist'),(30098,112,'chair'),(30098,128,'panelist'),(30098,163,'panelist'),(30097,49,'chair'),(30097,62,'panelist'),(30097,79,'panelist'),(30096,2,'chair'),(30096,194,'panelist'),(30096,190,'panelist'),(30094,7,'chair'),(30094,63,'panelist'),(30094,148,'panelist'),(30095,131,'chair'),(30095,161,'panelist'),(30095,136,'panelist');
/*!40000 ALTER TABLE `adjud_round_3` ENABLE KEYS */;
UNLOCK TABLES;

--
-- Table structure for table `adjud_round_4`
--

DROP TABLE IF EXISTS `adjud_round_4`;
CREATE TABLE `adjud_round_4` (
  `debate_id` mediumint(9) NOT NULL,
  `adjud_id` mediumint(9) NOT NULL,
  `status` enum('chair','panelist','trainee') NOT NULL
) ENGINE=MyISAM DEFAULT CHARSET=latin1;

--
-- Dumping data for table `adjud_round_4`
--

LOCK TABLES `adjud_round_4` WRITE;
/*!40000 ALTER TABLE `adjud_round_4` DISABLE KEYS */;
INSERT INTO `adjud_round_4` VALUES (40000,125,'chair'),(40000,132,'panelist'),(40000,256,'panelist'),(40001,152,'chair'),(40001,184,'panelist'),(40001,13,'panelist'),(40003,274,'chair'),(40003,155,'panelist'),(40003,100,'panelist'),(40004,235,'chair'),(40004,113,'panelist'),(40004,294,'panelist'),(40005,300,'chair'),(40005,278,'panelist'),(40005,216,'panelist'),(40006,240,'chair'),(40006,263,'panelist'),(40006,112,'panelist'),(40002,133,'chair'),(40002,153,'panelist'),(40002,260,'panelist'),(40014,61,'chair'),(40014,27,'panelist'),(40014,124,'panelist'),(40015,221,'chair'),(40015,131,'panelist'),(40015,198,'panelist'),(40013,38,'chair'),(40013,202,'panelist'),(40013,183,'panelist'),(40012,179,'chair'),(40012,299,'panelist'),(40012,63,'panelist'),(40010,135,'chair'),(40010,285,'panelist'),(40010,249,'panelist'),(40007,55,'chair'),(40007,68,'panelist'),(40011,201,'chair'),(40011,220,'panelist'),(40011,245,'panelist'),(40008,200,'chair'),(40008,28,'panelist'),(40008,189,'panelist'),(40009,140,'chair'),(40009,134,'panelist'),(40009,226,'panelist'),(40027,130,'chair'),(40027,65,'panelist'),(40027,25,'panelist'),(40030,74,'chair'),(40030,17,'panelist'),(40030,171,'panelist'),(40028,208,'chair'),(40028,76,'panelist'),(40028,288,'panelist'),(40025,4,'chair'),(40025,251,'panelist'),(40025,67,'panelist'),(40024,60,'chair'),(40024,78,'panelist'),(40024,119,'panelist'),(40029,233,'chair'),(40029,114,'panelist'),(40029,162,'panelist'),(40026,101,'chair'),(40026,86,'panelist'),(40026,242,'panelist'),(40016,161,'chair'),(40016,205,'panelist'),(40016,19,'panelist'),(40017,262,'chair'),(40017,212,'panelist'),(40017,182,'panelist'),(40021,80,'chair'),(40021,52,'panelist'),(40021,269,'panelist'),(40019,165,'chair'),(40019,127,'panelist'),(40019,217,'panelist'),(40020,37,'chair'),(40020,280,'panelist'),(40020,290,'panelist'),(40022,287,'chair'),(40022,34,'panelist'),(40022,109,'panelist'),(40018,49,'chair'),(40018,248,'panelist'),(40018,148,'panelist'),(40023,268,'chair'),(40023,9,'panelist'),(40023,45,'panelist'),(40031,169,'chair'),(40031,150,'panelist'),(40031,15,'panelist'),(40045,64,'chair'),(40045,277,'panelist'),(40045,84,'panelist'),(40043,47,'chair'),(40043,139,'panelist'),(40043,215,'panelist'),(40042,69,'chair'),(40042,295,'panelist'),(40042,214,'panelist'),(40048,224,'chair'),(40048,66,'panelist'),(40048,97,'panelist'),(40041,190,'chair'),(40041,177,'panelist'),(40041,255,'panelist'),(40046,246,'chair'),(40046,93,'panelist'),(40046,266,'panelist'),(40040,229,'chair'),(40040,126,'panelist'),(40040,275,'panelist'),(40049,164,'chair'),(40049,118,'panelist'),(40049,43,'panelist'),(40032,46,'chair'),(40032,85,'panelist'),(40032,106,'panelist'),(40033,90,'chair'),(40033,270,'panelist'),(40033,297,'panelist'),(40039,289,'chair'),(40039,121,'panelist'),(40039,58,'panelist'),(40035,30,'chair'),(40035,166,'panelist'),(40035,241,'panelist'),(40034,81,'chair'),(40034,296,'panelist'),(40034,48,'panelist'),(40038,228,'chair'),(40038,96,'panelist'),(40038,227,'panelist'),(40036,219,'chair'),(40036,154,'panelist'),(40036,286,'panelist'),(40037,204,'chair'),(40037,267,'panelist'),(40037,104,'panelist'),(40044,146,'chair'),(40044,26,'panelist'),(40044,279,'panelist'),(40047,110,'chair'),(40047,145,'panelist'),(40047,147,'panelist'),(40050,213,'chair'),(40050,73,'panelist'),(40050,14,'panelist'),(40064,107,'chair'),(40064,197,'panelist'),(40064,195,'panelist'),(40065,91,'chair'),(40065,211,'panelist'),(40065,174,'panelist'),(40061,35,'chair'),(40061,160,'panelist'),(40061,56,'panelist'),(40062,207,'chair'),(40062,141,'panelist'),(40062,36,'panelist'),(40067,95,'chair'),(40067,71,'panelist'),(40067,144,'panelist'),(40066,193,'chair'),(40066,87,'panelist'),(40066,168,'panelist'),(40060,252,'chair'),(40060,18,'panelist'),(40060,175,'panelist'),(40060,16,'panelist'),(40051,120,'chair'),(40051,23,'panelist'),(40051,137,'panelist'),(40063,178,'chair'),(40063,94,'panelist'),(40063,163,'panelist'),(40053,253,'chair'),(40053,181,'panelist'),(40053,98,'panelist'),(40058,5,'chair'),(40058,21,'panelist'),(40058,75,'panelist'),(40054,29,'chair'),(40054,191,'panelist'),(40054,206,'panelist'),(40052,203,'chair'),(40052,209,'panelist'),(40052,244,'panelist'),(40059,105,'chair'),(40059,83,'panelist'),(40059,223,'panelist'),(40057,12,'chair'),(40057,254,'panelist'),(40057,156,'panelist'),(40055,33,'chair'),(40055,236,'panelist'),(40055,103,'panelist'),(40056,143,'chair'),(40056,99,'panelist'),(40056,53,'panelist'),(40068,239,'chair'),(40068,3,'panelist'),(40068,292,'panelist'),(40080,88,'chair'),(40080,225,'panelist'),(40080,291,'panelist'),(40079,108,'chair'),(40079,282,'panelist'),(40079,57,'panelist'),(40077,157,'chair'),(40077,281,'panelist'),(40077,117,'panelist'),(40076,159,'chair'),(40076,293,'panelist'),(40076,6,'panelist'),(40081,257,'chair'),(40081,62,'panelist'),(40081,247,'panelist'),(40083,8,'chair'),(40083,102,'panelist'),(40078,72,'chair'),(40078,79,'panelist'),(40078,158,'panelist'),(40074,142,'chair'),(40074,234,'panelist'),(40074,170,'panelist'),(40071,194,'chair'),(40071,82,'panelist'),(40071,261,'panelist'),(40072,51,'chair'),(40072,11,'panelist'),(40072,210,'panelist'),(40075,218,'chair'),(40075,265,'panelist'),(40075,138,'panelist'),(40069,24,'chair'),(40069,115,'panelist'),(40069,10,'panelist'),(40073,259,'chair'),(40073,250,'panelist'),(40073,172,'panelist'),(40070,283,'chair'),(40070,122,'panelist'),(40070,116,'panelist'),(40082,22,'chair'),(40082,42,'panelist'),(40082,167,'panelist'),(40084,89,'chair'),(40084,44,'panelist'),(40084,176,'panelist'),(40089,185,'chair'),(40089,298,'panelist'),(40089,180,'panelist'),(40092,258,'chair'),(40092,271,'panelist'),(40092,20,'panelist'),(40090,59,'chair'),(40090,237,'panelist'),(40090,70,'panelist'),(40091,222,'chair'),(40091,32,'panelist'),(40091,188,'panelist'),(40085,136,'chair'),(40085,151,'panelist'),(40085,7,'panelist'),(40087,39,'chair'),(40087,196,'panelist'),(40087,77,'panelist'),(40093,41,'chair'),(40093,230,'panelist'),(40093,129,'panelist'),(40086,173,'chair'),(40086,284,'panelist'),(40086,2,'panelist'),(40088,232,'chair'),(40088,50,'panelist'),(40088,128,'panelist'),(40088,1,'panelist'),(40096,40,'chair'),(40096,243,'panelist'),(40096,123,'panelist'),(40095,231,'chair'),(40095,238,'panelist'),(40095,149,'panelist'),(40097,92,'chair'),(40097,31,'panelist'),(40097,111,'panelist'),(40094,192,'chair'),(40094,54,'panelist'),(40094,187,'panelist'),(40098,272,'chair'),(40098,199,'panelist'),(40098,276,'panelist'),(40099,186,'chair'),(40099,264,'panelist'),(40099,273,'panelist');
/*!40000 ALTER TABLE `adjud_round_4` ENABLE KEYS */;
UNLOCK TABLES;

--
-- Table structure for table `adjud_round_5`
--

DROP TABLE IF EXISTS `adjud_round_5`;
CREATE TABLE `adjud_round_5` (
  `debate_id` mediumint(9) NOT NULL,
  `adjud_id` mediumint(9) NOT NULL,
  `status` enum('chair','panelist','trainee') NOT NULL
) ENGINE=MyISAM DEFAULT CHARSET=latin1;

--
-- Dumping data for table `adjud_round_5`
--

LOCK TABLES `adjud_round_5` WRITE;
/*!40000 ALTER TABLE `adjud_round_5` DISABLE KEYS */;
INSERT INTO `adjud_round_5` VALUES (50000,132,'chair'),(50000,259,'panelist'),(50000,170,'panelist'),(50001,3,'chair'),(50001,185,'panelist'),(50001,135,'panelist'),(50001,50,'panelist'),(50003,51,'chair'),(50003,113,'panelist'),(50003,175,'panelist'),(50005,18,'chair'),(50005,56,'panelist'),(50005,189,'panelist'),(50004,104,'chair'),(50004,75,'panelist'),(50004,230,'panelist'),(50002,297,'chair'),(50002,6,'panelist'),(50002,296,'panelist'),(50011,293,'chair'),(50011,129,'panelist'),(50011,172,'panelist'),(50012,116,'chair'),(50012,105,'panelist'),(50012,137,'panelist'),(50010,102,'chair'),(50010,80,'panelist'),(50010,159,'panelist'),(50009,110,'chair'),(50009,9,'panelist'),(50009,101,'panelist'),(50007,203,'chair'),(50007,27,'panelist'),(50007,248,'panelist'),(50006,233,'chair'),(50006,202,'panelist'),(50006,162,'panelist'),(50008,82,'chair'),(50008,163,'panelist'),(50008,41,'panelist'),(50013,198,'chair'),(50013,109,'panelist'),(50013,174,'panelist'),(50025,128,'chair'),(50025,272,'panelist'),(50025,195,'panelist'),(50024,144,'chair'),(50024,225,'panelist'),(50024,238,'panelist'),(50023,250,'chair'),(50023,108,'panelist'),(50023,278,'panelist'),(50021,249,'chair'),(50021,93,'panelist'),(50021,161,'panelist'),(50022,150,'chair'),(50022,156,'panelist'),(50022,77,'panelist'),(50020,283,'chair'),(50020,67,'panelist'),(50020,176,'panelist'),(50019,254,'chair'),(50019,299,'panelist'),(50019,269,'panelist'),(50017,99,'chair'),(50017,289,'panelist'),(50017,217,'panelist'),(50018,134,'chair'),(50018,243,'panelist'),(50018,49,'panelist'),(50016,171,'chair'),(50016,208,'panelist'),(50016,237,'panelist'),(50015,78,'chair'),(50015,153,'panelist'),(50015,187,'panelist'),(50014,182,'chair'),(50014,91,'panelist'),(50014,273,'panelist'),(50037,247,'chair'),(50037,79,'panelist'),(50036,261,'chair'),(50036,149,'panelist'),(50036,169,'panelist'),(50040,130,'chair'),(50040,81,'panelist'),(50040,98,'panelist'),(50038,216,'chair'),(50038,274,'panelist'),(50038,96,'panelist'),(50027,84,'chair'),(50027,13,'panelist'),(50027,148,'panelist'),(50033,275,'chair'),(50033,24,'panelist'),(50033,236,'panelist'),(50039,22,'chair'),(50039,204,'panelist'),(50039,15,'panelist'),(50035,287,'chair'),(50035,193,'panelist'),(50035,118,'panelist'),(50026,36,'chair'),(50026,220,'panelist'),(50026,69,'panelist'),(50028,35,'chair'),(50028,143,'panelist'),(50028,218,'panelist'),(50029,268,'chair'),(50029,48,'panelist'),(50029,180,'panelist'),(50032,288,'chair'),(50032,40,'panelist'),(50032,126,'panelist'),(50030,224,'chair'),(50030,142,'panelist'),(50030,29,'panelist'),(50034,206,'chair'),(50034,173,'panelist'),(50034,71,'panelist'),(50031,190,'chair'),(50031,228,'panelist'),(50031,200,'panelist'),(50041,122,'chair'),(50041,70,'panelist'),(50041,294,'panelist'),(50049,138,'chair'),(50049,260,'panelist'),(50049,214,'panelist'),(50052,212,'chair'),(50052,19,'panelist'),(50052,242,'panelist'),(50051,124,'chair'),(50051,16,'panelist'),(50051,227,'panelist'),(50054,127,'chair'),(50054,94,'panelist'),(50054,158,'panelist'),(50053,271,'chair'),(50053,61,'panelist'),(50053,167,'panelist'),(50057,207,'chair'),(50057,263,'panelist'),(50055,14,'chair'),(50055,42,'panelist'),(50055,12,'panelist'),(50056,31,'chair'),(50056,147,'panelist'),(50056,47,'panelist'),(50048,194,'chair'),(50048,256,'panelist'),(50048,219,'panelist'),(50044,119,'chair'),(50044,246,'panelist'),(50044,188,'panelist'),(50043,151,'chair'),(50043,53,'panelist'),(50043,26,'panelist'),(50058,205,'chair'),(50058,64,'panelist'),(50058,65,'panelist'),(50045,21,'chair'),(50045,95,'panelist'),(50045,111,'panelist'),(50050,58,'chair'),(50050,117,'panelist'),(50050,184,'panelist'),(50050,286,'panelist'),(50042,55,'chair'),(50042,267,'panelist'),(50042,43,'panelist'),(50047,38,'chair'),(50047,183,'panelist'),(50047,222,'panelist'),(50046,2,'chair'),(50046,245,'panelist'),(50046,60,'panelist'),(50059,276,'chair'),(50059,258,'panelist'),(50059,145,'panelist'),(50069,131,'chair'),(50069,72,'panelist'),(50069,32,'panelist'),(50071,120,'chair'),(50071,213,'panelist'),(50071,114,'panelist'),(50070,239,'chair'),(50070,191,'panelist'),(50072,46,'chair'),(50072,179,'panelist'),(50072,88,'panelist'),(50067,7,'chair'),(50067,133,'panelist'),(50067,73,'panelist'),(50073,86,'chair'),(50073,83,'panelist'),(50073,211,'panelist'),(50068,229,'chair'),(50068,89,'panelist'),(50068,223,'panelist'),(50064,92,'chair'),(50064,123,'panelist'),(50064,290,'panelist'),(50061,87,'chair'),(50061,25,'panelist'),(50061,20,'panelist'),(50060,298,'chair'),(50060,76,'panelist'),(50060,265,'panelist'),(50062,291,'chair'),(50062,164,'panelist'),(50062,115,'panelist'),(50066,85,'chair'),(50066,157,'panelist'),(50066,181,'panelist'),(50065,5,'chair'),(50065,68,'panelist'),(50065,90,'panelist'),(50063,196,'chair'),(50063,23,'panelist'),(50063,44,'panelist'),(50083,209,'chair'),(50083,54,'panelist'),(50083,279,'panelist'),(50081,186,'chair'),(50081,280,'panelist'),(50081,136,'panelist'),(50080,140,'chair'),(50080,103,'panelist'),(50080,121,'panelist'),(50080,125,'panelist'),(50075,264,'chair'),(50075,240,'panelist'),(50075,232,'panelist'),(50084,285,'chair'),(50084,155,'panelist'),(50084,284,'panelist'),(50074,201,'chair'),(50074,106,'panelist'),(50074,45,'panelist'),(50082,292,'chair'),(50082,178,'panelist'),(50082,277,'panelist'),(50077,282,'chair'),(50077,4,'panelist'),(50077,300,'panelist'),(50076,66,'chair'),(50076,244,'panelist'),(50076,262,'panelist'),(50079,62,'chair'),(50079,231,'panelist'),(50079,11,'panelist'),(50078,295,'chair'),(50078,10,'panelist'),(50078,17,'panelist'),(50085,146,'chair'),(50085,251,'panelist'),(50085,74,'panelist'),(50090,226,'chair'),(50090,255,'panelist'),(50090,59,'panelist'),(50093,168,'chair'),(50093,33,'panelist'),(50093,63,'panelist'),(50092,197,'chair'),(50092,235,'panelist'),(50092,257,'panelist'),(50091,37,'chair'),(50091,107,'panelist'),(50091,28,'panelist'),(50086,166,'chair'),(50086,215,'panelist'),(50086,141,'panelist'),(50089,100,'chair'),(50089,281,'panelist'),(50089,234,'panelist'),(50088,160,'chair'),(50088,266,'panelist'),(50088,177,'panelist'),(50087,221,'chair'),(50087,210,'panelist'),(50087,52,'panelist'),(50097,34,'chair'),(50097,39,'panelist'),(50097,192,'panelist'),(50096,252,'chair'),(50096,8,'panelist'),(50096,57,'panelist'),(50095,199,'chair'),(50095,139,'panelist'),(50095,152,'panelist'),(50094,30,'chair'),(50094,270,'panelist'),(50094,112,'panelist'),(50098,241,'chair'),(50098,165,'panelist'),(50098,154,'panelist'),(50099,253,'chair'),(50099,1,'panelist'),(50099,97,'panelist');
/*!40000 ALTER TABLE `adjud_round_5` ENABLE KEYS */;
UNLOCK TABLES;

--
-- Table structure for table `adjud_round_6`
--

DROP TABLE IF EXISTS `adjud_round_6`;
CREATE TABLE `adjud_round_6` (
  `debate_id` mediumint(9) NOT NULL,
  `adjud_id` mediumint(9) NOT NULL,
  `status` enum('chair','panelist','trainee') NOT NULL
) ENGINE=MyISAM DEFAULT CHARSET=latin1;

--
-- Dumping data for table `adjud_round_6`
--

LOCK TABLES `adjud_round_6` WRITE;
/*!40000 ALTER TABLE `adjud_round_6` DISABLE KEYS */;
INSERT INTO `adjud_round_6` VALUES (60000,184,'chair'),(60000,206,'panelist'),(60000,71,'panelist'),(60001,160,'chair'),(60001,173,'panelist'),(60001,14,'panelist'),(60004,38,'chair'),(60004,25,'panelist'),(60004,81,'panelist'),(60003,49,'chair'),(60003,48,'panelist'),(60003,119,'panelist'),(60002,156,'chair'),(60002,140,'panelist'),(60002,163,'panelist'),(60005,233,'chair'),(60005,222,'panelist'),(60005,31,'panelist'),(60010,192,'chair'),(60010,111,'panelist'),(60010,60,'panelist'),(60007,58,'chair'),(60007,105,'panelist'),(60007,125,'panelist'),(60008,200,'chair'),(60008,250,'panelist'),(60008,80,'panelist'),(60009,186,'chair'),(60009,215,'panelist'),(60009,204,'panelist'),(60006,74,'chair'),(60006,122,'panelist'),(60006,96,'panelist'),(60011,270,'chair'),(60011,259,'panelist'),(60011,94,'panelist'),(60018,116,'chair'),(60018,195,'panelist'),(60018,194,'panelist'),(60020,272,'chair'),(60020,148,'panelist'),(60020,142,'panelist'),(60017,16,'chair'),(60017,171,'panelist'),(60017,283,'panelist'),(60013,22,'chair'),(60013,258,'panelist'),(60013,37,'panelist'),(60013,44,'panelist'),(60014,89,'chair'),(60014,210,'panelist'),(60014,214,'panelist'),(60019,157,'chair'),(60019,57,'panelist'),(60019,212,'panelist'),(60012,208,'chair'),(60012,132,'panelist'),(60012,239,'panelist'),(60015,276,'chair'),(60015,209,'panelist'),(60015,131,'panelist'),(60016,75,'chair'),(60016,35,'panelist'),(60016,99,'panelist'),(60021,17,'chair'),(60021,84,'panelist'),(60021,19,'panelist'),(60021,114,'panelist'),(60034,268,'chair'),(60034,10,'panelist'),(60034,136,'panelist'),(60031,180,'chair'),(60031,291,'panelist'),(60031,104,'panelist'),(60029,237,'chair'),(60029,257,'panelist'),(60029,1,'panelist'),(60024,79,'chair'),(60024,172,'panelist'),(60024,169,'panelist'),(60030,100,'chair'),(60030,275,'panelist'),(60030,265,'panelist'),(60033,174,'chair'),(60033,260,'panelist'),(60033,274,'panelist'),(60026,5,'chair'),(60026,211,'panelist'),(60026,249,'panelist'),(60022,262,'chair'),(60022,54,'panelist'),(60022,147,'panelist'),(60025,155,'chair'),(60025,40,'panelist'),(60025,223,'panelist'),(60028,137,'chair'),(60028,170,'panelist'),(60028,229,'panelist'),(60023,39,'chair'),(60023,41,'panelist'),(60023,238,'panelist'),(60027,294,'chair'),(60027,88,'panelist'),(60027,187,'panelist'),(60032,129,'chair'),(60032,279,'panelist'),(60032,103,'panelist'),(60035,240,'chair'),(60035,288,'panelist'),(60035,107,'panelist'),(60043,232,'chair'),(60043,178,'panelist'),(60043,69,'panelist'),(60045,18,'chair'),(60045,67,'panelist'),(60045,280,'panelist'),(60047,113,'chair'),(60047,4,'panelist'),(60047,202,'panelist'),(60044,92,'chair'),(60044,296,'panelist'),(60044,47,'panelist'),(60048,151,'chair'),(60048,90,'panelist'),(60048,243,'panelist'),(60038,168,'chair'),(60038,245,'panelist'),(60038,123,'panelist'),(60040,221,'chair'),(60040,154,'panelist'),(60040,220,'panelist'),(60036,166,'chair'),(60036,102,'panelist'),(60036,2,'panelist'),(60039,34,'chair'),(60039,289,'panelist'),(60039,188,'panelist'),(60037,126,'chair'),(60037,150,'panelist'),(60037,52,'panelist'),(60041,86,'chair'),(60041,128,'panelist'),(60041,127,'panelist'),(60042,218,'chair'),(60042,261,'panelist'),(60046,183,'chair'),(60046,167,'panelist'),(60046,30,'panelist'),(60049,78,'chair'),(60049,244,'panelist'),(60049,118,'panelist'),(60050,278,'chair'),(60050,32,'panelist'),(60050,121,'panelist'),(60063,42,'chair'),(60063,6,'panelist'),(60063,91,'panelist'),(60060,285,'chair'),(60060,68,'panelist'),(60060,248,'panelist'),(60059,225,'chair'),(60059,93,'panelist'),(60059,182,'panelist'),(60058,108,'chair'),(60058,139,'panelist'),(60058,269,'panelist'),(60064,33,'chair'),(60064,161,'panelist'),(60064,13,'panelist'),(60062,247,'chair'),(60062,185,'panelist'),(60062,198,'panelist'),(60061,162,'chair'),(60061,87,'panelist'),(60052,205,'chair'),(60052,106,'panelist'),(60052,98,'panelist'),(60051,124,'chair'),(60051,281,'panelist'),(60051,199,'panelist'),(60054,36,'chair'),(60054,267,'panelist'),(60054,62,'panelist'),(60056,231,'chair'),(60056,226,'panelist'),(60056,43,'panelist'),(60057,7,'chair'),(60057,191,'panelist'),(60057,189,'panelist'),(60053,9,'chair'),(60053,23,'panelist'),(60053,8,'panelist'),(60055,292,'chair'),(60055,190,'panelist'),(60055,177,'panelist'),(60073,83,'chair'),(60073,55,'panelist'),(60073,290,'panelist'),(60075,112,'chair'),(60075,256,'panelist'),(60075,82,'panelist'),(60071,165,'chair'),(60071,213,'panelist'),(60071,230,'panelist'),(60067,134,'chair'),(60067,144,'panelist'),(60067,255,'panelist'),(60077,164,'chair'),(60077,66,'panelist'),(60077,149,'panelist'),(60072,65,'chair'),(60072,176,'panelist'),(60072,53,'panelist'),(60076,271,'chair'),(60076,63,'panelist'),(60076,73,'panelist'),(60070,193,'chair'),(60070,217,'panelist'),(60070,152,'panelist'),(60065,97,'chair'),(60065,251,'panelist'),(60065,24,'panelist'),(60068,264,'chair'),(60068,46,'panelist'),(60068,26,'panelist'),(60066,287,'chair'),(60066,146,'panelist'),(60074,277,'chair'),(60074,295,'panelist'),(60074,29,'panelist'),(60074,45,'panelist'),(60069,300,'chair'),(60069,143,'panelist'),(60069,299,'panelist'),(60078,12,'chair'),(60078,95,'panelist'),(60078,72,'panelist'),(60084,135,'chair'),(60084,228,'panelist'),(60084,236,'panelist'),(60083,246,'chair'),(60083,130,'panelist'),(60083,56,'panelist'),(60082,20,'chair'),(60082,181,'panelist'),(60082,241,'panelist'),(60087,297,'chair'),(60087,216,'panelist'),(60087,76,'panelist'),(60086,133,'chair'),(60086,175,'panelist'),(60086,293,'panelist'),(60079,158,'chair'),(60079,141,'panelist'),(60079,298,'panelist'),(60080,3,'chair'),(60080,201,'panelist'),(60080,50,'panelist'),(60081,235,'chair'),(60081,284,'panelist'),(60081,27,'panelist'),(60085,197,'chair'),(60085,252,'panelist'),(60085,219,'panelist'),(60092,282,'chair'),(60092,224,'panelist'),(60092,59,'panelist'),(60093,138,'chair'),(60093,115,'panelist'),(60093,253,'panelist'),(60091,196,'chair'),(60091,242,'panelist'),(60091,77,'panelist'),(60090,85,'chair'),(60090,117,'panelist'),(60090,254,'panelist'),(60088,234,'chair'),(60088,266,'panelist'),(60088,64,'panelist'),(60089,28,'chair'),(60089,70,'panelist'),(60089,159,'panelist'),(60094,109,'chair'),(60094,179,'panelist'),(60094,286,'panelist'),(60095,11,'chair'),(60095,15,'panelist'),(60095,61,'panelist'),(60096,101,'chair'),(60096,153,'panelist'),(60096,263,'panelist'),(60097,145,'chair'),(60097,110,'panelist'),(60097,203,'panelist'),(60098,120,'chair'),(60098,51,'panelist'),(60098,207,'panelist'),(60099,21,'chair'),(60099,227,'panelist'),(60099,273,'panelist');
/*!40000 ALTER TABLE `adjud_round_6` ENABLE KEYS */;
UNLOCK TABLES;

--
-- Table structure for table `adjud_round_7`
--

DROP TABLE IF EXISTS `adjud_round_7`;
CREATE TABLE `adjud_round_7` (
  `debate_id` mediumint(9) NOT NULL,
  `adjud_id` mediumint(9) NOT NULL,
  `status` enum('chair','panelist','trainee') NOT NULL
) ENGINE=MyISAM DEFAULT CHARSET=latin1;

--
-- Dumping data for table `adjud_round_7`
--

LOCK TABLES `adjud_round_7` WRITE;
/*!40000 ALTER TABLE `adjud_round_7` DISABLE KEYS */;
INSERT INTO `adjud_round_7` VALUES (70000,116,'chair'),(70000,192,'panelist'),(70000,90,'panelist'),(70001,195,'chair'),(70001,267,'panelist'),(70001,79,'panelist'),(70004,112,'chair'),(70004,268,'panelist'),(70004,238,'panelist'),(70003,297,'chair'),(70003,283,'panelist'),(70003,269,'panelist'),(70002,57,'chair'),(70002,56,'panelist'),(70002,199,'panelist'),(70009,180,'chair'),(70009,94,'panelist'),(70009,161,'panelist'),(70006,254,'chair'),(70006,173,'panelist'),(70006,197,'panelist'),(70007,136,'chair'),(70007,139,'panelist'),(70007,95,'panelist'),(70008,172,'chair'),(70008,26,'panelist'),(70008,282,'panelist'),(70005,278,'chair'),(70005,169,'panelist'),(70005,17,'panelist'),(70015,287,'chair'),(70015,178,'panelist'),(70015,245,'panelist'),(70017,221,'chair'),(70017,131,'panelist'),(70017,240,'panelist'),(70014,63,'chair'),(70014,38,'panelist'),(70014,54,'panelist'),(70016,51,'chair'),(70016,160,'panelist'),(70016,1,'panelist'),(70012,36,'chair'),(70012,219,'panelist'),(70012,3,'panelist'),(70010,204,'chair'),(70010,158,'panelist'),(70010,207,'panelist'),(70013,202,'chair'),(70013,122,'panelist'),(70013,72,'panelist'),(70011,242,'chair'),(70011,274,'panelist'),(70011,109,'panelist'),(70018,52,'chair'),(70018,200,'panelist'),(70018,127,'panelist'),(70025,244,'chair'),(70025,252,'panelist'),(70025,117,'panelist'),(70024,102,'chair'),(70024,215,'panelist'),(70024,191,'panelist'),(70026,145,'chair'),(70026,231,'panelist'),(70026,108,'panelist'),(70028,107,'chair'),(70028,2,'panelist'),(70028,148,'panelist'),(70027,55,'chair'),(70027,18,'panelist'),(70027,233,'panelist'),(70023,223,'chair'),(70023,105,'panelist'),(70023,101,'panelist'),(70019,228,'chair'),(70019,294,'panelist'),(70019,298,'panelist'),(70021,290,'chair'),(70021,289,'panelist'),(70021,198,'panelist'),(70020,4,'chair'),(70020,15,'panelist'),(70020,170,'panelist'),(70020,48,'panelist'),(70022,24,'chair'),(70022,130,'panelist'),(70022,30,'panelist'),(70029,97,'chair'),(70029,111,'panelist'),(70029,7,'panelist'),(70041,153,'chair'),(70041,64,'panelist'),(70041,300,'panelist'),(70038,86,'chair'),(70038,261,'panelist'),(70038,71,'panelist'),(70042,280,'chair'),(70042,201,'panelist'),(70042,80,'panelist'),(70042,176,'panelist'),(70037,14,'chair'),(70037,224,'panelist'),(70037,121,'panelist'),(70039,151,'chair'),(70039,174,'panelist'),(70039,87,'panelist'),(70040,152,'chair'),(70040,37,'panelist'),(70040,34,'panelist'),(70036,203,'chair'),(70036,45,'panelist'),(70036,218,'panelist'),(70034,226,'chair'),(70034,92,'panelist'),(70034,182,'panelist'),(70031,292,'chair'),(70031,119,'panelist'),(70031,214,'panelist'),(70035,210,'chair'),(70035,29,'panelist'),(70035,19,'panelist'),(70030,88,'chair'),(70030,13,'panelist'),(70030,76,'panelist'),(70032,285,'chair'),(70032,133,'panelist'),(70032,135,'panelist'),(70033,156,'chair'),(70033,93,'panelist'),(70033,213,'panelist'),(70043,85,'chair'),(70043,177,'panelist'),(70043,150,'panelist'),(70049,284,'chair'),(70049,281,'panelist'),(70049,277,'panelist'),(70051,28,'chair'),(70051,91,'panelist'),(70051,255,'panelist'),(70053,96,'chair'),(70053,260,'panelist'),(70053,209,'panelist'),(70052,8,'chair'),(70052,66,'panelist'),(70052,120,'panelist'),(70054,265,'chair'),(70054,6,'panelist'),(70054,253,'panelist'),(70055,288,'chair'),(70055,179,'panelist'),(70055,167,'panelist'),(70048,53,'chair'),(70048,62,'panelist'),(70048,68,'panelist'),(70045,47,'chair'),(70045,74,'panelist'),(70045,273,'panelist'),(70056,220,'chair'),(70056,69,'panelist'),(70056,11,'panelist'),(70046,61,'chair'),(70046,234,'panelist'),(70046,144,'panelist'),(70050,227,'chair'),(70050,99,'panelist'),(70050,78,'panelist'),(70044,114,'chair'),(70044,270,'panelist'),(70044,208,'panelist'),(70047,230,'chair'),(70047,123,'panelist'),(70047,249,'panelist'),(70057,129,'chair'),(70057,264,'panelist'),(70057,146,'panelist'),(70069,181,'chair'),(70069,193,'panelist'),(70069,103,'panelist'),(70064,137,'chair'),(70064,194,'panelist'),(70064,183,'panelist'),(70065,190,'chair'),(70065,296,'panelist'),(70066,162,'chair'),(70066,205,'panelist'),(70066,235,'panelist'),(70067,232,'chair'),(70067,5,'panelist'),(70067,70,'panelist'),(70063,256,'chair'),(70063,23,'panelist'),(70063,166,'panelist'),(70059,65,'chair'),(70059,89,'panelist'),(70059,16,'panelist'),(70062,134,'chair'),(70062,41,'panelist'),(70062,188,'panelist'),(70058,257,'chair'),(70058,83,'panelist'),(70058,164,'panelist'),(70061,98,'chair'),(70061,241,'panelist'),(70061,293,'panelist'),(70060,50,'chair'),(70060,77,'panelist'),(70060,35,'panelist'),(70068,291,'chair'),(70068,175,'panelist'),(70068,60,'panelist'),(70070,140,'chair'),(70070,149,'panelist'),(70070,75,'panelist'),(70079,211,'chair'),(70079,217,'panelist'),(70079,10,'panelist'),(70076,39,'chair'),(70076,184,'panelist'),(70076,118,'panelist'),(70077,124,'chair'),(70077,159,'panelist'),(70077,106,'panelist'),(70080,154,'chair'),(70080,33,'panelist'),(70080,138,'panelist'),(70078,49,'chair'),(70078,43,'panelist'),(70078,185,'panelist'),(70072,216,'chair'),(70072,263,'panelist'),(70072,171,'panelist'),(70073,248,'chair'),(70073,168,'panelist'),(70073,82,'panelist'),(70074,206,'chair'),(70074,279,'panelist'),(70074,272,'panelist'),(70075,9,'chair'),(70075,239,'panelist'),(70075,132,'panelist'),(70071,147,'chair'),(70071,141,'panelist'),(70071,59,'panelist'),(70081,237,'chair'),(70081,20,'panelist'),(70081,46,'panelist'),(70085,189,'chair'),(70085,104,'panelist'),(70085,44,'panelist'),(70083,142,'chair'),(70083,27,'panelist'),(70083,247,'panelist'),(70086,155,'chair'),(70086,58,'panelist'),(70086,259,'panelist'),(70089,186,'chair'),(70089,275,'panelist'),(70089,262,'panelist'),(70084,81,'chair'),(70084,271,'panelist'),(70084,258,'panelist'),(70082,12,'chair'),(70082,276,'panelist'),(70082,125,'panelist'),(70088,84,'chair'),(70088,163,'panelist'),(70088,266,'panelist'),(70087,25,'chair'),(70087,42,'panelist'),(70087,40,'panelist'),(70093,22,'chair'),(70093,299,'panelist'),(70093,243,'panelist'),(70092,67,'chair'),(70092,100,'panelist'),(70092,250,'panelist'),(70091,246,'chair'),(70091,32,'panelist'),(70091,196,'panelist'),(70090,128,'chair'),(70090,222,'panelist'),(70090,31,'panelist'),(70094,295,'chair'),(70094,115,'panelist'),(70094,286,'panelist'),(70096,236,'chair'),(70096,165,'panelist'),(70096,187,'panelist'),(70095,143,'chair'),(70095,157,'panelist'),(70095,225,'panelist'),(70097,251,'chair'),(70097,229,'panelist'),(70097,73,'panelist'),(70099,212,'chair'),(70099,113,'panelist'),(70098,21,'chair'),(70098,110,'panelist'),(70098,126,'panelist');
/*!40000 ALTER TABLE `adjud_round_7` ENABLE KEYS */;
UNLOCK TABLES;

--
-- Table structure for table `adjud_round_8`
--

DROP TABLE IF EXISTS `adjud_round_8`;
CREATE TABLE `adjud_round_8` (
  `debate_id` mediumint(9) NOT NULL,
  `adjud_id` mediumint(9) NOT NULL,
  `status` enum('chair','panelist','trainee') NOT NULL
) ENGINE=MyISAM DEFAULT CHARSET=latin1;

--
-- Dumping data for table `adjud_round_8`
--

LOCK TABLES `adjud_round_8` WRITE;
/*!40000 ALTER TABLE `adjud_round_8` DISABLE KEYS */;
INSERT INTO `adjud_round_8` VALUES (80000,50,'chair'),(80000,62,'panelist'),(80000,282,'panelist'),(80001,153,'chair'),(80001,83,'panelist'),(80001,168,'panelist'),(80003,146,'chair'),(80003,16,'panelist'),(80003,203,'panelist'),(80002,217,'chair'),(80002,75,'panelist'),(80002,277,'panelist'),(80004,21,'chair'),(80004,72,'panelist'),(80004,148,'panelist'),(80005,36,'chair'),(80005,196,'panelist'),(80005,43,'panelist'),(80006,11,'chair'),(80006,229,'panelist'),(80006,6,'panelist'),(80007,104,'chair'),(80007,144,'panelist'),(80007,39,'panelist'),(80008,51,'chair'),(80008,30,'panelist'),(80014,14,'chair'),(80014,224,'panelist'),(80014,250,'panelist'),(80012,61,'chair'),(80012,101,'panelist'),(80012,186,'panelist'),(80011,264,'chair'),(80011,55,'panelist'),(80011,199,'panelist'),(80011,13,'panelist'),(80009,133,'chair'),(80009,60,'panelist'),(80009,52,'panelist'),(80013,243,'chair'),(80013,245,'panelist'),(80013,191,'panelist'),(80015,239,'chair'),(80015,223,'panelist'),(80015,185,'panelist'),(80010,293,'chair'),(80010,86,'panelist'),(80010,274,'panelist'),(80022,96,'chair'),(80022,127,'panelist'),(80022,119,'panelist'),(80024,176,'chair'),(80024,145,'panelist'),(80024,9,'panelist'),(80020,187,'chair'),(80020,298,'panelist'),(80020,216,'panelist'),(80019,226,'chair'),(80019,135,'panelist'),(80019,112,'panelist'),(80025,232,'chair'),(80025,167,'panelist'),(80025,227,'panelist'),(80016,125,'chair'),(80016,3,'panelist'),(80016,57,'panelist'),(80018,142,'chair'),(80018,158,'panelist'),(80018,157,'panelist'),(80017,255,'chair'),(80017,189,'panelist'),(80017,20,'panelist'),(80021,93,'chair'),(80021,140,'panelist'),(80021,222,'panelist'),(80023,120,'chair'),(80023,69,'panelist'),(80023,159,'panelist'),(80031,139,'chair'),(80031,31,'panelist'),(80031,70,'panelist'),(80035,26,'chair'),(80035,88,'panelist'),(80035,211,'panelist'),(80033,87,'chair'),(80033,122,'panelist'),(80033,7,'panelist'),(80032,256,'chair'),(80032,188,'panelist'),(80032,181,'panelist'),(80036,246,'chair'),(80036,29,'panelist'),(80036,209,'panelist'),(80028,200,'chair'),(80028,111,'panelist'),(80028,242,'panelist'),(80030,85,'chair'),(80030,103,'panelist'),(80030,259,'panelist'),(80027,99,'chair'),(80027,257,'panelist'),(80027,276,'panelist'),(80026,178,'chair'),(80026,261,'panelist'),(80026,97,'panelist'),(80029,206,'chair'),(80029,233,'panelist'),(80029,32,'panelist'),(80037,270,'chair'),(80037,208,'panelist'),(80037,28,'panelist'),(80034,91,'chair'),(80034,193,'panelist'),(80034,76,'panelist'),(80045,299,'chair'),(80045,12,'panelist'),(80045,115,'panelist'),(80048,1,'chair'),(80048,210,'panelist'),(80048,230,'panelist'),(80050,113,'chair'),(80050,106,'panelist'),(80050,161,'panelist'),(80046,241,'chair'),(80046,300,'panelist'),(80046,25,'panelist'),(80043,67,'chair'),(80043,121,'panelist'),(80043,154,'panelist'),(80040,237,'chair'),(80040,56,'panelist'),(80040,253,'panelist'),(80039,94,'chair'),(80039,163,'panelist'),(80039,80,'panelist'),(80042,44,'chair'),(80042,195,'panelist'),(80042,266,'panelist'),(80038,260,'chair'),(80038,90,'panelist'),(80038,164,'panelist'),(80049,17,'chair'),(80049,152,'panelist'),(80049,248,'panelist'),(80047,269,'chair'),(80047,286,'panelist'),(80047,34,'panelist'),(80044,84,'chair'),(80044,166,'panelist'),(80044,183,'panelist'),(80041,268,'chair'),(80041,4,'panelist'),(80041,155,'panelist'),(80057,40,'chair'),(80057,128,'panelist'),(80057,15,'panelist'),(80060,19,'chair'),(80060,10,'panelist'),(80060,53,'panelist'),(80059,89,'chair'),(80059,150,'panelist'),(80059,156,'panelist'),(80058,58,'chair'),(80058,204,'panelist'),(80058,63,'panelist'),(80061,219,'chair'),(80061,280,'panelist'),(80061,124,'panelist'),(80062,287,'chair'),(80062,141,'panelist'),(80062,252,'panelist'),(80051,47,'chair'),(80051,66,'panelist'),(80051,129,'panelist'),(80052,278,'chair'),(80052,290,'panelist'),(80052,22,'panelist'),(80053,46,'chair'),(80053,182,'panelist'),(80053,42,'panelist'),(80056,108,'chair'),(80056,130,'panelist'),(80056,194,'panelist'),(80054,201,'chair'),(80054,92,'panelist'),(80054,171,'panelist'),(80055,281,'chair'),(80055,267,'panelist'),(80055,295,'panelist'),(80070,77,'chair'),(80070,48,'panelist'),(80070,68,'panelist'),(80073,225,'chair'),(80073,109,'panelist'),(80073,102,'panelist'),(80068,238,'chair'),(80068,292,'panelist'),(80068,45,'panelist'),(80069,107,'chair'),(80069,18,'panelist'),(80069,271,'panelist'),(80071,205,'chair'),(80071,73,'panelist'),(80071,254,'panelist'),(80066,162,'chair'),(80066,198,'panelist'),(80066,288,'panelist'),(80064,54,'chair'),(80064,95,'panelist'),(80064,37,'panelist'),(80063,265,'chair'),(80063,160,'panelist'),(80063,49,'panelist'),(80067,118,'chair'),(80067,64,'panelist'),(80067,105,'panelist'),(80065,169,'chair'),(80065,235,'panelist'),(80065,262,'panelist'),(80072,82,'chair'),(80072,249,'panelist'),(80072,218,'panelist'),(80074,132,'chair'),(80074,33,'panelist'),(80074,244,'panelist'),(80076,228,'chair'),(80076,251,'panelist'),(80076,179,'panelist'),(80083,151,'chair'),(80083,240,'panelist'),(80083,279,'panelist'),(80080,231,'chair'),(80080,41,'panelist'),(80080,177,'panelist'),(80077,117,'chair'),(80077,285,'panelist'),(80077,138,'panelist'),(80082,134,'chair'),(80082,275,'panelist'),(80082,24,'panelist'),(80078,165,'chair'),(80078,172,'panelist'),(80078,23,'panelist'),(80075,65,'chair'),(80075,137,'panelist'),(80075,289,'panelist'),(80079,170,'chair'),(80079,98,'panelist'),(80079,116,'panelist'),(80081,284,'chair'),(80081,184,'panelist'),(80081,296,'panelist'),(80084,131,'chair'),(80084,291,'panelist'),(80084,149,'panelist'),(80085,100,'chair'),(80085,202,'panelist'),(80087,273,'chair'),(80087,214,'panelist'),(80087,79,'panelist'),(80088,71,'chair'),(80088,213,'panelist'),(80088,272,'panelist'),(80086,136,'chair'),(80086,294,'panelist'),(80086,207,'panelist'),(80090,27,'chair'),(80090,215,'panelist'),(80090,263,'panelist'),(80089,197,'chair'),(80089,147,'panelist'),(80089,81,'panelist'),(80092,297,'chair'),(80092,234,'panelist'),(80092,123,'panelist'),(80095,5,'chair'),(80095,110,'panelist'),(80095,283,'panelist'),(80094,212,'chair'),(80094,174,'panelist'),(80094,192,'panelist'),(80093,59,'chair'),(80093,78,'panelist'),(80093,221,'panelist'),(80091,38,'chair'),(80091,175,'panelist'),(80091,180,'panelist'),(80097,2,'chair'),(80097,114,'panelist'),(80097,220,'panelist'),(80096,35,'chair'),(80096,126,'panelist'),(80096,236,'panelist'),(80096,258,'panelist'),(80098,190,'chair'),(80098,143,'panelist'),(80098,173,'panelist'),(80099,74,'chair'),(80099,8,'panelist'),(80099,247,'panelist');
/*!40000 ALTER TABLE `adjud_round_8` ENABLE KEYS */;
UNLOCK TABLES;

--
-- Table structure for table `adjud_round_9`
--

DROP TABLE IF EXISTS `adjud_round_9`;
CREATE TABLE `adjud_round_9` (
  `debate_id` mediumint(9) NOT NULL,
  `adjud_id` mediumint(9) NOT NULL,
  `status` enum('chair','panelist','trainee') NOT NULL
) ENGINE=MyISAM DEFAULT CHARSET=latin1;

--
-- Dumping data for table `adjud_round_9`
--

LOCK TABLES `adjud_round_9` WRITE;
/*!40000 ALTER TABLE `adjud_round_9` DISABLE KEYS */;
INSERT INTO `adjud_round_9` VALUES (90000,94,'chair'),(90000,99,'panelist'),(90000,181,'panelist'),(90001,221,'chair'),(90001,23,'panelist'),(90001,191,'panelist'),(90002,22,'chair'),(90002,112,'panelist'),(90002,298,'panelist'),(90003,194,'chair'),(90003,276,'panelist'),(90003,254,'panelist'),(90004,61,'chair'),(90004,286,'panelist'),(90004,132,'panelist'),(90005,15,'chair'),(90005,145,'panelist'),(90005,57,'panelist'),(90005,27,'panelist'),(90006,228,'chair'),(90006,167,'panelist'),(90006,263,'panelist'),(90007,156,'chair'),(90007,78,'panelist'),(90007,120,'panelist'),(90011,35,'chair'),(90011,255,'panelist'),(90011,277,'panelist'),(90009,292,'chair'),(90009,266,'panelist'),(90009,190,'panelist'),(90010,146,'chair'),(90010,21,'panelist'),(90010,287,'panelist'),(90008,283,'chair'),(90008,33,'panelist'),(90008,119,'panelist'),(90012,59,'chair'),(90012,25,'panelist'),(90012,285,'panelist'),(90013,214,'chair'),(90013,299,'panelist'),(90013,159,'panelist'),(90014,85,'chair'),(90014,138,'panelist'),(90014,134,'panelist'),(90015,236,'chair'),(90015,65,'panelist'),(90015,199,'panelist'),(90020,269,'chair'),(90020,31,'panelist'),(90020,63,'panelist'),(90018,187,'chair'),(90018,152,'panelist'),(90018,53,'panelist'),(90016,219,'chair'),(90016,244,'panelist'),(90016,100,'panelist'),(90019,151,'chair'),(90019,124,'panelist'),(90019,223,'panelist'),(90017,2,'chair'),(90017,136,'panelist'),(90017,58,'panelist'),(90021,86,'chair'),(90021,165,'panelist'),(90021,29,'panelist'),(90029,121,'chair'),(90029,67,'panelist'),(90029,56,'panelist'),(90028,3,'chair'),(90028,39,'panelist'),(90028,80,'panelist'),(90027,81,'chair'),(90027,133,'panelist'),(90027,26,'panelist'),(90030,261,'chair'),(90030,197,'panelist'),(90030,248,'panelist'),(90031,270,'chair'),(90031,48,'panelist'),(90031,69,'panelist'),(90024,170,'chair'),(90024,157,'panelist'),(90022,125,'chair'),(90022,104,'panelist'),(90023,296,'chair'),(90023,229,'panelist'),(90023,202,'panelist'),(90026,155,'chair'),(90026,185,'panelist'),(90026,34,'panelist'),(90025,243,'chair'),(90025,233,'panelist'),(90025,246,'panelist'),(90032,257,'chair'),(90032,20,'panelist'),(90032,147,'panelist'),(90043,75,'chair'),(90043,281,'panelist'),(90043,110,'panelist'),(90039,258,'chair'),(90039,274,'panelist'),(90039,183,'panelist'),(90040,14,'chair'),(90040,163,'panelist'),(90040,207,'panelist'),(90041,149,'chair'),(90041,97,'panelist'),(90041,1,'panelist'),(90042,206,'chair'),(90042,140,'panelist'),(90042,208,'panelist'),(90038,109,'chair'),(90038,218,'panelist'),(90038,282,'panelist'),(90038,300,'panelist'),(90036,164,'chair'),(90036,84,'panelist'),(90036,232,'panelist'),(90037,74,'chair'),(90037,55,'panelist'),(90037,38,'panelist'),(90033,98,'chair'),(90033,142,'panelist'),(90033,179,'panelist'),(90034,106,'chair'),(90034,178,'panelist'),(90034,89,'panelist'),(90035,83,'chair'),(90035,234,'panelist'),(90035,18,'panelist'),(90051,9,'chair'),(90051,150,'panelist'),(90051,103,'panelist'),(90053,105,'chair'),(90053,32,'panelist'),(90053,49,'panelist'),(90050,91,'chair'),(90050,196,'panelist'),(90050,176,'panelist'),(90054,210,'chair'),(90054,249,'panelist'),(90054,268,'panelist'),(90055,88,'chair'),(90055,225,'panelist'),(90055,230,'panelist'),(90052,182,'chair'),(90052,24,'panelist'),(90052,4,'panelist'),(90046,168,'chair'),(90046,242,'panelist'),(90046,93,'panelist'),(90044,96,'chair'),(90044,141,'panelist'),(90044,237,'panelist'),(90049,118,'chair'),(90049,241,'panelist'),(90049,256,'panelist'),(90045,203,'chair'),(90045,291,'panelist'),(90045,200,'panelist'),(90048,71,'chair'),(90048,160,'panelist'),(90048,30,'panelist'),(90047,239,'chair'),(90047,113,'panelist'),(90047,10,'panelist'),(90056,271,'chair'),(90056,36,'panelist'),(90056,161,'panelist'),(90064,37,'chair'),(90064,294,'panelist'),(90064,122,'panelist'),(90065,11,'chair'),(90065,172,'panelist'),(90065,290,'panelist'),(90066,212,'chair'),(90066,245,'panelist'),(90066,295,'panelist'),(90063,144,'chair'),(90063,128,'panelist'),(90063,186,'panelist'),(90062,143,'chair'),(90062,79,'panelist'),(90062,201,'panelist'),(90061,204,'chair'),(90061,293,'panelist'),(90061,250,'panelist'),(90059,50,'chair'),(90059,130,'panelist'),(90059,171,'panelist'),(90060,253,'chair'),(90060,66,'panelist'),(90060,262,'panelist'),(90057,131,'chair'),(90057,275,'panelist'),(90057,123,'panelist'),(90058,153,'chair'),(90058,189,'panelist'),(90058,158,'panelist'),(90067,19,'chair'),(90067,238,'panelist'),(90067,278,'panelist'),(90067,264,'panelist'),(90073,44,'chair'),(90073,224,'panelist'),(90073,226,'panelist'),(90075,198,'chair'),(90075,273,'panelist'),(90075,139,'panelist'),(90077,28,'chair'),(90077,166,'panelist'),(90077,76,'panelist'),(90076,62,'chair'),(90076,60,'panelist'),(90076,279,'panelist'),(90074,45,'chair'),(90074,115,'panelist'),(90074,174,'panelist'),(90068,42,'chair'),(90068,195,'panelist'),(90068,43,'panelist'),(90072,7,'chair'),(90072,101,'panelist'),(90072,267,'panelist'),(90069,209,'chair'),(90069,95,'panelist'),(90069,154,'panelist'),(90070,8,'chair'),(90070,90,'panelist'),(90070,47,'panelist'),(90071,288,'chair'),(90071,265,'panelist'),(90071,272,'panelist'),(90083,87,'chair'),(90083,111,'panelist'),(90083,240,'panelist'),(90085,114,'chair'),(90085,284,'panelist'),(90085,251,'panelist'),(90082,52,'chair'),(90082,192,'panelist'),(90082,6,'panelist'),(90084,211,'chair'),(90084,5,'panelist'),(90080,217,'chair'),(90080,222,'panelist'),(90080,92,'panelist'),(90078,216,'chair'),(90078,184,'panelist'),(90078,193,'panelist'),(90081,46,'chair'),(90081,135,'panelist'),(90081,175,'panelist'),(90079,297,'chair'),(90079,289,'panelist'),(90079,116,'panelist'),(90086,260,'chair'),(90086,177,'panelist'),(90086,54,'panelist'),(90087,70,'chair'),(90087,72,'panelist'),(90087,68,'panelist'),(90090,180,'chair'),(90090,51,'panelist'),(90090,173,'panelist'),(90091,259,'chair'),(90091,107,'panelist'),(90091,126,'panelist'),(90088,213,'chair'),(90088,12,'panelist'),(90088,82,'panelist'),(90089,129,'chair'),(90089,41,'panelist'),(90089,220,'panelist'),(90092,162,'chair'),(90092,252,'panelist'),(90092,73,'panelist'),(90094,108,'chair'),(90094,280,'panelist'),(90094,227,'panelist'),(90095,137,'chair'),(90095,102,'panelist'),(90095,215,'panelist'),(90093,205,'chair'),(90093,40,'panelist'),(90093,64,'panelist'),(90097,169,'chair'),(90097,188,'panelist'),(90097,148,'panelist'),(90096,16,'chair'),(90096,117,'panelist'),(90096,13,'panelist'),(90098,235,'chair'),(90098,17,'panelist'),(90098,127,'panelist'),(90099,77,'chair'),(90099,247,'panelist'),(90099,231,'panelist');
/*!40000 ALTER TABLE `adjud_round_9` ENABLE KEYS */;
UNLOCK TABLES;

--
-- Table structure for table `adjudicator`
--

DROP TABLE IF EXISTS `adjudicator`;
CREATE TABLE `adjudicator` (
  `adjud_id` mediumint(9) NOT NULL auto_increment,
  `univ_id` mediumint(9) NOT NULL default '0',
  `adjud_name` varchar(100) NOT NULL default '',
  `ranking` mediumint(9) NOT NULL default '0',
  `active` enum('Y','N') NOT NULL default 'Y',
  `conflicts` varchar(100) default NULL,
  PRIMARY KEY  (`adjud_id`),
  UNIQUE KEY `adjud_name` (`adjud_name`)
) ENGINE=MyISAM AUTO_INCREMENT=301 DEFAULT CHARSET=latin1 COMMENT='Adjudicator Table';

--
-- Dumping data for table `adjudicator`
--
LOCK TABLES `adjudicator` WRITE;
/*!40000 ALTER TABLE `adjudicator` DISABLE KEYS */;
INSERT INTO `adjudicator` VALUES (1,1,'Capers',100,'Y',NULL),(2,2,'Annabeth',100,'Y',NULL),(3,3,'Blenda',98,'Y',NULL),(4,4,'Dennis',96,'Y',NULL),(5,5,'Dermot',98,'Y',NULL),(6,6,'Denham	Denholm',98,'Y',NULL),(7,7,'Beranger',98,'Y',NULL),(8,8,'Atarah',98,'Y',NULL),(9,9,'Abey',98,'Y',NULL),(10,10,'Darthmouth',98,'Y',NULL),(11,11,'Colbert',98,'Y',NULL),(12,12,'Aurelia',98,'Y',NULL),(13,13,'Aldea',98,'Y',NULL),(14,14,'Camille',98,'Y',NULL),(15,15,'Anuradha',90,'Y',NULL),(16,16,'Derby',90,'Y',NULL),(17,17,'Baji',90,'Y',NULL),(18,18,'Ciprian',90,'Y',NULL),(19,19,'Adoncia',90,'Y',NULL),(20,20,'Alethea',90,'Y',NULL),(21,21,'Briana',90,'Y',NULL),(22,22,'Cledwyn',90,'Y',NULL),(23,23,'Alyna',90,'Y',NULL),(24,24,'Athela',90,'Y',NULL),(25,25,'Demyan',90,'Y',NULL),(26,26,'Allie',90,'Y',NULL),(27,27,'Calvine',90,'Y',NULL),(28,28,'Aquene',90,'Y',NULL),(29,29,'Derren',90,'Y',NULL),(30,30,'Alodie',90,'Y',NULL),(31,1,'Donahue',90,'Y',NULL),(32,2,'Ancika',90,'Y',NULL),(33,3,'Bronwyn',90,'Y',NULL),(34,4,'Anamika',90,'Y',NULL),(35,5,'Cassius',90,'Y',NULL),(36,6,'Corcoran',90,'Y',NULL),(37,7,'Aricia',90,'Y',NULL),(38,8,'Armina',90,'Y',NULL),(39,9,'Askini',90,'Y',NULL),(40,10,'Brandee',90,'Y',NULL),(41,11,'Cheney',90,'Y',NULL),(42,12,'Amber',90,'Y',NULL),(43,13,'Alanna',90,'Y',NULL),(44,14,'Cobweb',90,'Y',NULL),(45,15,'Aubina',75,'Y',NULL),(46,16,'Delling',75,'Y',NULL),(47,17,'Dover',75,'Y',NULL),(48,18,'Alana',75,'Y',NULL),(49,19,'Alexia',75,'Y',NULL),(50,20,'Barnadine',75,'Y',NULL),(51,21,'Carlyle',75,'Y',NULL),(52,22,'Caley',75,'Y',NULL),(53,23,'Batyah',75,'Y',NULL),(54,24,'Bracha',75,'Y',NULL),(55,25,'Decretas',75,'Y',NULL),(56,26,'Alastrina',75,'Y',NULL),(57,27,'Cyril',75,'Y',NULL),(58,28,'Breda',75,'Y',NULL),(59,29,'Driscoll',75,'Y',NULL),(60,30,'Bernia',75,'Y',NULL),(61,1,'Bethesda',75,'Y',NULL),(62,2,'Aimee',75,'Y',NULL),(63,3,'Dayton',75,'Y',NULL),(64,4,'Alysia',75,'Y',NULL),(65,5,'Dyami',75,'Y',NULL),(66,6,'Anvita',75,'Y',NULL),(67,7,'Brysen',75,'Y',NULL),(68,8,'Anana',75,'Y',NULL),(69,9,'Cromwell',75,'Y',NULL),(70,10,'Anusia',75,'Y',NULL),(71,11,'Anneliese',75,'Y',NULL),(72,12,'Cornell',75,'Y',NULL),(73,13,'Asia',75,'Y',NULL),(74,14,'Blinn',75,'Y',NULL),(75,15,'Ciaran',65,'Y',NULL),(76,16,'Doug',65,'Y',NULL),(77,17,'Bina',65,'Y',NULL),(78,18,'Cam',65,'Y',NULL),(79,19,'Apolline',65,'Y',NULL),(80,20,'Branka',65,'Y',NULL),(81,21,'Blaze',65,'Y',NULL),(82,22,'Adeline',65,'Y',NULL),(83,23,'Darton',65,'Y',NULL),(84,24,'Darien',65,'Y',NULL),(85,25,'Basilia',65,'Y',NULL),(86,26,'Delwyn',65,'Y',NULL),(87,27,'Arda',65,'Y',NULL),(88,28,'Devi',65,'Y',NULL),(89,29,'Aliz',65,'Y',NULL),(90,30,'Bunty',65,'Y',NULL),(91,1,'Avasa',65,'Y',NULL),(92,2,'Ahava',65,'Y',NULL),(93,3,'Cronan',65,'Y',NULL),(94,4,'Donnie',65,'Y',NULL),(95,5,'Carnelian',65,'Y',NULL),(96,6,'Avantika',65,'Y',NULL),(97,7,'Cutter',65,'Y',NULL),(98,8,'Atara',65,'Y',NULL),(99,9,'Barbara',65,'Y',NULL),(100,10,'Curt',65,'Y',NULL),(101,11,'Athanasia',65,'Y',NULL),(102,12,'Avel',65,'Y',NULL),(103,13,'Althea',65,'Y',NULL),(104,14,'Annalise',65,'Y',NULL),(105,15,'Chapin',65,'Y',NULL),(106,16,'Beverley',65,'Y',NULL),(107,17,'Alisha',65,'Y',NULL),(108,18,'Drostan',65,'Y',NULL),(109,19,'Arti',65,'Y',NULL),(110,20,'Arlene',65,'Y',NULL),(111,21,'Denton',65,'Y',NULL),(112,22,'Bianca',65,'Y',NULL),(113,23,'Brittany',65,'Y',NULL),(114,24,'Chapman',65,'Y',NULL),(115,25,'Amadis',65,'Y',NULL),(116,26,'Averah',65,'Y',NULL),(117,27,'Claudius',45,'Y',NULL),(118,28,'Ama',45,'Y',NULL),(119,29,'Anstice	Anteia',45,'Y',NULL),(120,30,'Ashamed',45,'Y',NULL),(121,1,'Barina',45,'Y',NULL),(122,2,'Amita',45,'Y',NULL),(123,3,'Donnelly',45,'Y',NULL),(124,4,'Callis',45,'Y',NULL),(125,5,'Ashley',45,'Y',NULL),(126,6,'Dunstan',45,'Y',NULL),(127,7,'Donegal',45,'Y',NULL),(128,8,'Aylwen',45,'Y',NULL),(129,9,'Antoinette',45,'Y',NULL),(130,10,'Alatea',45,'Y',NULL),(131,11,'Ambar',45,'Y',NULL),(132,12,'Aliza',45,'Y',NULL),(133,13,'Conan',45,'Y',NULL),(134,14,'Afton',45,'Y',NULL),(135,15,'Azaria',45,'Y',NULL),(136,16,'Dade',45,'Y',NULL),(137,17,'Benilda',45,'Y',NULL),(138,18,'Blythe',45,'Y',NULL),(139,19,'Darius',45,'Y',NULL),(140,20,'Dawa',45,'Y',NULL),(141,21,'Amaranth',45,'Y',NULL),(142,22,'Anupama',45,'Y',NULL),(143,23,'Dillon',45,'Y',NULL),(144,24,'Cherokee',45,'Y',NULL),(145,25,'Bhoomi',45,'Y',NULL),(146,26,'Apanie',45,'Y',NULL),(147,27,'Chalmers',45,'Y',NULL),(148,28,'Bharati',45,'Y',NULL),(149,29,'Chase',45,'Y',NULL),(150,30,'Ahimsa',45,'Y',NULL),(151,1,'Deverell',45,'Y',NULL),(152,2,'Anar',45,'Y',NULL),(153,3,'Annette',45,'Y',NULL),(154,4,'Amorina',50,'Y',NULL),(155,5,'Clifford',50,'Y',NULL),(156,6,'Aaliyah',50,'Y',NULL),(157,7,'Darren',50,'Y',NULL),(158,8,'Dmitri',50,'Y',NULL),(159,9,'Anselma',50,'Y',NULL),(160,10,'Candan',50,'Y',NULL),(161,11,'Adabelle',50,'Y',NULL),(162,12,'Allene',50,'Y',NULL),(163,13,'Darrell',50,'Y',NULL),(164,14,'Dorak',50,'Y',NULL),(165,15,'Berenice',50,'Y',NULL),(166,16,'Ambria',50,'Y',NULL),(167,17,'Arnisha',50,'Y',NULL),(168,18,'Crisiant',50,'Y',NULL),(169,19,'Calhoun',50,'Y',NULL),(170,20,'Dymas',50,'Y',NULL),(171,21,'Cohn',50,'Y',NULL),(172,22,'Darcy',50,'Y',NULL),(173,23,'Drew',50,'Y',NULL),(174,24,'Bebe',50,'Y',NULL),(175,25,'Armilla',50,'Y',NULL),(176,26,'Devarsi',50,'Y',NULL),(177,27,'Alinga',50,'Y',NULL),(178,28,'Cailean',50,'Y',NULL),(179,29,'Abia',50,'Y',NULL),(180,30,'Bates',50,'Y',NULL),(181,1,'Aliya',50,'Y',NULL),(182,2,'Cutler',50,'Y',NULL),(183,3,'Devin',50,'Y',NULL),(184,4,'Alavda',50,'Y',NULL),(185,5,'Anzu',50,'Y',NULL),(186,6,'Aster',30,'Y',NULL),(187,7,'Bambi',30,'Y',NULL),(188,8,'Alva',30,'Y',NULL),(189,9,'Cyrus',30,'Y',NULL),(190,10,'Alka',30,'Y',NULL),(191,11,'Davidson',30,'Y',NULL),(192,12,'Aluma',30,'Y',NULL),(193,13,'Csaba',30,'Y',NULL),(194,14,'Conrad',30,'Y',NULL),(195,15,'Basimah',30,'Y',NULL),(196,16,'Alkira',30,'Y',NULL),(197,17,'Annora',30,'Y',NULL),(198,18,'Cain',30,'Y',NULL),(199,19,'Abbie',30,'Y',NULL),(200,20,'Carlin',30,'Y',NULL),(201,21,'Dwaine',30,'Y',NULL),(202,22,'Audrey',30,'Y',NULL),(203,23,'Colton',30,'Y',NULL),(204,24,'Bessie',30,'Y',NULL),(205,25,'Dorian',30,'Y',NULL),(206,26,'Anahid',30,'Y',NULL),(207,27,'Alita',30,'Y',NULL),(208,28,'Ashira',30,'Y',NULL),(209,29,'Aldabella',30,'Y',NULL),(210,30,'Adeola',30,'Y',NULL),(211,1,'Aloysia',30,'Y',NULL),(212,2,'Cesar',30,'Y',NULL),(213,3,'Dicky',30,'Y',NULL),(214,4,'Alkina',30,'Y',NULL),(215,5,'Amitola',30,'Y',NULL),(216,6,'Dempe',30,'Y',NULL),(217,7,'Durand',30,'Y',NULL),(218,8,'Desmond',30,'Y',NULL),(219,9,'Donohue',30,'Y',NULL),(220,10,'Ain',30,'Y',NULL),(221,11,'Amadika',30,'Y',NULL),(222,12,'Dwight',30,'Y',NULL),(223,13,'Chapal',30,'Y',NULL),(224,14,'Biddy',30,'Y',NULL),(225,15,'Delbert',30,'Y',NULL),(226,16,'Domokos',30,'Y',NULL),(227,17,'Alala',10,'Y',NULL),(228,18,'Aderes',10,'Y',NULL),(229,19,'Adhira',10,'Y',NULL),(230,20,'Barbie',10,'Y',NULL),(231,21,'Ana',10,'Y',NULL),(232,22,'Aveolela',10,'Y',NULL),(233,23,'Cailan',10,'Y',NULL),(234,24,'Ambra',10,'Y',NULL),(235,25,'Berthilda',10,'Y',NULL),(236,26,'Camillo',10,'Y',NULL),(237,27,'Dryden',10,'Y',NULL),(238,28,'Damian',10,'Y',NULL),(239,29,'Alaqua',10,'Y',NULL),(240,30,'Clarke',10,'Y',NULL),(241,1,'Daniel',10,'Y',NULL),(242,2,'Ariane',10,'Y',NULL),(243,3,'Betty',10,'Y',NULL),(244,4,'Arella',10,'Y',NULL),(245,5,'Danny',10,'Y',NULL),(246,6,'Ashling',10,'Y',NULL),(247,7,'Cranog',10,'Y',NULL),(248,8,'Claudio',10,'Y',NULL),(249,9,'Cemal',10,'Y',NULL),(250,10,'Dieter',10,'Y',NULL),(251,11,'Ami',10,'Y',NULL),(252,12,'Del',10,'Y',NULL),(253,13,'Azura',10,'Y',NULL),(254,14,'Adelina',10,'Y',NULL),(255,15,'Abilene',10,'Y',NULL),(256,16,'Adiel',10,'Y',NULL),(257,17,'Cyprian',10,'Y',NULL),(258,18,'Belinda',10,'Y',NULL),(259,19,'Ayushmati',10,'Y',NULL),(260,20,'Bhayana',10,'Y',NULL),(261,21,'Achal',10,'Y',NULL),(262,22,'Cobden',10,'Y',NULL),(263,23,'Beatriz',10,'Y',NULL),(264,24,'Dhatri',10,'Y',NULL),(265,25,'Alvina',10,'Y',NULL),(266,26,'Aveline',10,'Y',NULL),(267,27,'Arinya',10,'Y',NULL),(268,28,'Calum',80,'Y',NULL),(269,29,'Bessy',80,'Y',NULL),(270,30,'Chetwin',80,'Y',NULL),(271,1,'Chata',80,'Y',NULL),(272,2,'Alberta',80,'Y',NULL),(273,3,'Akela',80,'Y',NULL),(274,4,'Aleksandra',80,'Y',NULL),(275,5,'Caius',80,'Y',NULL),(276,6,'Akanksha',80,'Y',NULL),(277,7,'Alta',80,'Y',NULL),(278,8,'Currier',80,'Y',NULL),(279,9,'Costard',80,'Y',NULL),(280,10,'Comfort',80,'Y',NULL),(281,11,'Anjana',80,'Y',NULL),(282,12,'Carel',80,'Y',NULL),(283,13,'Anjali',80,'Y',NULL),(284,14,'Cassidy',80,'Y',NULL),(285,15,'Ainhoa',80,'Y',NULL),(286,16,'Bakarne',80,'Y',NULL),(287,17,'Adar',80,'Y',NULL),(288,18,'Curio',80,'Y',NULL),(289,19,'Brodie',80,'Y',NULL),(290,20,'Brites',80,'Y',NULL),(291,21,'Donoghue',80,'Y',NULL),(292,22,'Aemilia',80,'Y',NULL),(293,23,'Chayton',80,'Y',NULL),(294,24,'Dusan',80,'Y',NULL),(295,25,'Aisha',80,'Y',NULL),(296,26,'Annissa',80,'Y',NULL),(297,27,'Donny',80,'Y',NULL),(298,28,'Chauncey',80,'Y',NULL),(299,29,'Decker',80,'Y',NULL),(300,30,'Dull',80,'Y',NULL);
/*!40000 ALTER TABLE `adjudicator` ENABLE KEYS */;
UNLOCK TABLES;

--
-- Table structure for table `configure_adjud_draw`
--

DROP TABLE IF EXISTS `configure_adjud_draw`;
CREATE TABLE `configure_adjud_draw` (
  `param_name` varchar(100) NOT NULL default '',
  `param_value` double default NULL,
  PRIMARY KEY  (`param_name`)
) ENGINE=MyISAM DEFAULT CHARSET=latin1;

--
-- Dumping data for table `configure_adjud_draw`
--

LOCK TABLES `configure_adjud_draw` WRITE;
/*!40000 ALTER TABLE `configure_adjud_draw` DISABLE KEYS */;
INSERT INTO `configure_adjud_draw` VALUES ('university_conflict',10000),('team_conflict',10000),('chair_not_perfect',0),('chair_not_ciaran_perfect',1),('panel_steepness',0.1),('panel_strength_not_perfect',1),('panel_size_not_perfect',0),('panel_size_out_of_bounds',1000),('adjudicator_met_adjudicator',0),('adjudicator_met_team',0),('lock',0);
/*!40000 ALTER TABLE `configure_adjud_draw` ENABLE KEYS */;
UNLOCK TABLES;

--
-- Table structure for table `draw_round_1`
--

DROP TABLE IF EXISTS `draw_round_1`;
CREATE TABLE `draw_round_1` (
  `debate_id` mediumint(9) NOT NULL,
  `og` mediumint(9) NOT NULL,
  `oo` mediumint(9) NOT NULL,
  `cg` mediumint(9) NOT NULL,
  `co` mediumint(9) NOT NULL,
  `venue_id` mediumint(9) NOT NULL,
  PRIMARY KEY  (`debate_id`)
) ENGINE=MyISAM DEFAULT CHARSET=latin1;

--
-- Dumping data for table `draw_round_1`
--

LOCK TABLES `draw_round_1` WRITE;
/*!40000 ALTER TABLE `draw_round_1` DISABLE KEYS */;
INSERT INTO `draw_round_1` VALUES (10000,349,241,35,12,61),(10001,252,240,347,76,30),(10002,74,143,191,397,11),(10003,300,289,28,378,93),(10004,205,178,375,387,87),(10005,288,155,294,328,83),(10006,84,224,42,75,5),(10007,320,78,83,271,84),(10008,371,21,336,249,25),(10009,86,104,344,364,92),(10010,137,261,331,165,50),(10011,398,51,215,163,68),(10012,39,365,396,390,40),(10013,61,376,200,301,77),(10014,115,172,91,117,22),(10015,225,262,119,393,79),(10016,194,179,216,97,91),(10017,32,47,124,15,32),(10018,161,332,251,96,94),(10019,298,169,367,237,100),(10020,327,242,269,343,2),(10021,175,313,386,98,34),(10022,102,291,384,351,4),(10023,193,77,230,290,17),(10024,73,57,388,56,86),(10025,233,152,352,107,19),(10026,359,174,246,120,10),(10027,134,4,69,130,36),(10028,323,148,123,197,90),(10029,111,206,394,229,62),(10030,256,9,136,212,85),(10031,356,173,285,6,98),(10032,70,357,267,92,46),(10033,60,150,147,19,48),(10034,385,2,71,259,60),(10035,3,132,202,318,43),(10036,223,314,141,363,73),(10037,253,167,139,213,31),(10038,281,350,94,339,81),(10039,40,244,311,58,37),(10040,68,324,296,268,66),(10041,85,391,113,382,49),(10042,16,218,108,45,95),(10043,26,220,276,10,33),(10044,153,5,250,208,80),(10045,125,103,219,273,72),(10046,399,366,146,283,89),(10047,348,248,27,11,1),(10048,64,183,87,116,96),(10049,33,164,95,196,8),(10050,168,355,181,90,28),(10051,287,254,171,358,74),(10052,13,176,222,305,63),(10053,330,231,67,31,24),(10054,185,309,121,82,69),(10055,22,157,23,380,76),(10056,338,377,182,297,99),(10057,214,110,203,264,67),(10058,247,122,282,135,71),(10059,280,72,207,239,41),(10060,379,235,114,221,7),(10061,105,263,361,53,38),(10062,140,334,25,389,13),(10063,353,368,199,275,15),(10064,55,52,93,7,21),(10065,232,142,245,317,56),(10066,312,158,337,362,42),(10067,79,187,217,109,53),(10068,133,302,304,59,78),(10069,277,370,279,106,3),(10070,144,319,325,286,88),(10071,126,101,354,180,59),(10072,372,41,49,151,26),(10073,81,190,192,234,65),(10074,392,310,226,322,27),(10075,383,30,316,374,23),(10076,236,381,238,210,64),(10077,1,17,201,38,18),(10078,329,128,307,24,39),(10079,360,295,18,292,14),(10080,278,198,50,112,75),(10081,257,266,156,184,9),(10082,326,227,131,8,6),(10083,177,369,170,154,70),(10084,400,162,346,333,20),(10085,88,37,270,345,52),(10086,321,341,149,293,54),(10087,99,160,243,159,47),(10088,395,54,299,118,55),(10089,48,138,36,29,16),(10090,255,129,89,274,44),(10091,284,65,145,44,82),(10092,260,228,340,335,29),(10093,189,127,211,272,35),(10094,303,20,265,43,97),(10095,14,306,166,186,51),(10096,308,46,62,209,57),(10097,34,204,315,188,58),(10098,258,100,80,195,12),(10099,373,66,63,342,45);
/*!40000 ALTER TABLE `draw_round_1` ENABLE KEYS */;
UNLOCK TABLES;

--
-- Table structure for table `draw_round_2`
--

DROP TABLE IF EXISTS `draw_round_2`;
CREATE TABLE `draw_round_2` (
  `debate_id` mediumint(9) NOT NULL,
  `og` mediumint(9) NOT NULL,
  `oo` mediumint(9) NOT NULL,
  `cg` mediumint(9) NOT NULL,
  `co` mediumint(9) NOT NULL,
  `venue_id` mediumint(9) NOT NULL,
  PRIMARY KEY  (`debate_id`)
) ENGINE=MyISAM DEFAULT CHARSET=latin1;

--
-- Dumping data for table `draw_round_2`
--

LOCK TABLES `draw_round_2` WRITE;
/*!40000 ALTER TABLE `draw_round_2` DISABLE KEYS */;
INSERT INTO `draw_round_2` VALUES (20000,4,378,244,155,61),(20001,110,397,247,396,30),(20002,230,388,237,327,11),(20003,375,35,65,72,93),(20004,78,371,75,391,87),(20005,176,358,338,50,83),(20006,263,221,76,86,5),(20007,51,340,306,270,84),(20008,293,384,209,266,25),(20009,333,43,374,243,92),(20010,307,201,292,34,50),(20011,210,195,255,262,68),(20012,36,118,172,376,40),(20013,211,136,8,373,77),(20014,369,168,332,194,22),(20015,261,33,47,49,79),(20016,59,279,107,310,91),(20017,148,283,52,5,32),(20018,234,125,174,232,94),(20019,71,223,357,150,100),(20020,275,109,253,312,2),(20021,389,45,3,356,34),(20022,206,286,10,348,4),(20023,67,68,157,121,17),(20024,339,175,101,64,86),(20025,53,213,259,162,19),(20026,156,320,326,250,10),(20027,69,387,300,238,36),(20028,341,99,154,70,90),(20029,38,147,26,16,62),(20030,12,113,318,281,85),(20031,249,56,314,37,98),(20032,216,58,224,248,46),(20033,77,296,291,169,48),(20034,197,269,240,191,60),(20035,273,98,390,394,43),(20036,251,165,277,183,73),(20037,124,352,133,359,31),(20038,91,294,225,146,81),(20039,364,256,196,330,37),(20040,29,79,297,287,66),(20041,215,180,305,235,49),(20042,200,265,100,54,95),(20043,204,214,353,355,33),(20044,66,89,228,81,80),(20045,362,185,128,142,72),(20046,295,22,383,325,89),(20047,25,272,44,166,1),(20048,41,7,308,226,96),(20049,112,207,135,173,8),(20050,167,74,392,182,28),(20051,178,105,190,9,74),(20052,282,28,241,252,63),(20053,203,288,103,331,24),(20054,380,94,164,324,69),(20055,116,276,309,40,76),(20056,334,27,218,126,99),(20057,319,31,382,104,67),(20058,366,90,379,39,71),(20059,239,163,229,222,41),(20060,106,233,153,254,7),(20061,336,42,271,242,38),(20062,187,342,177,131,13),(20063,184,303,400,80,15),(20064,141,161,385,32,21),(20065,97,323,393,149,56),(20066,202,19,381,30,42),(20067,337,278,329,360,53),(20068,92,317,46,88,78),(20069,6,1,160,299,3),(20070,315,117,193,246,88),(20071,138,55,186,129,59),(20072,57,189,298,284,26),(20073,151,304,260,386,65),(20074,301,199,134,102,27),(20075,245,192,158,368,23),(20076,219,95,399,60,64),(20077,132,267,212,372,18),(20078,130,285,370,2,39),(20079,354,123,208,111,14),(20080,302,93,120,144,75),(20081,152,139,363,87,9),(20082,217,344,11,48,6),(20083,188,119,258,61,70),(20084,15,159,115,73,20),(20085,290,170,335,395,52),(20086,96,351,179,349,54),(20087,17,257,24,316,47),(20088,198,18,236,346,55),(20089,62,63,127,227,16),(20090,20,345,14,321,44),(20091,367,274,21,181,82),(20092,83,171,398,377,29),(20093,122,85,268,231,35),(20094,311,23,350,220,97),(20095,82,108,137,114,51),(20096,322,13,365,205,57),(20097,313,145,343,289,58),(20098,328,140,84,143,12),(20099,361,264,280,347,45);
/*!40000 ALTER TABLE `draw_round_2` ENABLE KEYS */;
UNLOCK TABLES;

--
-- Table structure for table `draw_round_3`
--

DROP TABLE IF EXISTS `draw_round_3`;
CREATE TABLE `draw_round_3` (
  `debate_id` mediumint(9) NOT NULL,
  `og` mediumint(9) NOT NULL,
  `oo` mediumint(9) NOT NULL,
  `cg` mediumint(9) NOT NULL,
  `co` mediumint(9) NOT NULL,
  `venue_id` mediumint(9) NOT NULL,
  PRIMARY KEY  (`debate_id`)
) ENGINE=MyISAM DEFAULT CHARSET=latin1;

--
-- Dumping data for table `draw_round_3`
--

LOCK TABLES `draw_round_3` WRITE;
/*!40000 ALTER TABLE `draw_round_3` DISABLE KEYS */;
INSERT INTO `draw_round_3` VALUES (30000,378,338,51,211,61),(30001,75,71,327,47,30),(30002,396,375,266,279,11),(30003,121,64,221,253,93),(30004,52,307,232,3,87),(30005,262,243,168,36,83),(30006,10,91,261,65,5),(30007,113,300,185,78,84),(30008,162,67,176,240,25),(30009,384,305,376,251,92),(30010,101,247,263,200,50),(30011,291,81,369,22,68),(30012,306,166,109,174,40),(30013,250,273,210,41,77),(30014,352,34,256,206,22),(30015,136,107,70,204,79),(30016,374,237,150,216,91),(30017,45,38,79,244,32),(30018,314,112,283,66,94),(30019,342,373,333,201,100),(30020,238,29,1,400,2),(30021,50,226,88,276,34),(30022,209,339,97,27,4),(30023,146,270,58,94,17),(30024,155,153,197,223,86),(30025,19,318,173,148,19),(30026,172,246,391,26,10),(30027,76,230,359,332,36),(30028,56,301,98,298,90),(30029,196,32,104,77,62),(30030,28,325,286,336,85),(30031,129,44,288,35,98),(30032,355,53,90,110,46),(30033,235,239,234,277,48),(30034,157,389,142,337,60),(30035,304,59,54,156,43),(30036,190,49,275,392,73),(30037,154,255,320,175,31),(30038,191,124,341,329,81),(30039,159,308,143,398,37),(30040,23,215,39,265,66),(30041,224,137,397,371,49),(30042,386,222,358,388,95),(30043,207,356,57,365,33),(30044,271,287,330,4,80),(30045,43,12,169,158,72),(30046,268,60,132,217,89),(30047,351,134,188,69,1),(30048,289,202,302,68,96),(30049,117,181,92,33,8),(30050,357,312,167,139,28),(30051,213,106,324,218,74),(30052,382,16,195,354,63),(30053,272,80,5,125,24),(30054,2,8,118,309,69),(30055,310,348,161,128,76),(30056,160,293,194,105,99),(30057,127,131,183,214,67),(30058,347,225,72,295,71),(30059,149,24,198,170,41),(30060,186,14,281,228,7),(30061,292,390,37,203,38),(30062,241,86,180,340,13),(30063,145,245,278,233,15),(30064,370,385,249,319,21),(30065,89,394,99,311,56),(30066,21,116,48,296,42),(30067,7,133,362,55,53),(30068,9,383,366,152,78),(30069,259,353,189,219,3),(30070,93,151,126,123,88),(30071,248,236,122,100,59),(30072,199,316,30,164,26),(30073,46,177,349,269,65),(30074,267,182,387,294,27),(30075,393,297,252,62,23),(30076,242,193,20,115,64),(30077,114,299,61,361,18),(30078,163,328,377,147,39),(30079,165,326,184,25,14),(30080,331,364,395,13,75),(30081,135,82,31,303,9),(30082,343,379,111,85,6),(30083,212,315,290,282,70),(30084,254,144,17,258,20),(30085,192,229,323,334,52),(30086,103,360,205,350,54),(30087,317,6,345,138,47),(30088,179,102,380,285,55),(30089,344,346,40,84,16),(30090,63,83,187,260,44),(30091,381,280,15,399,82),(30092,363,141,74,367,29),(30093,42,284,178,18,35),(30094,335,120,264,257,97),(30095,227,321,313,171,51),(30096,208,73,140,119,57),(30097,220,322,96,108,58),(30098,368,130,372,87,12),(30099,231,11,274,95,45);
/*!40000 ALTER TABLE `draw_round_3` ENABLE KEYS */;
UNLOCK TABLES;

--
-- Table structure for table `draw_round_4`
--

DROP TABLE IF EXISTS `draw_round_4`;
CREATE TABLE `draw_round_4` (
  `debate_id` mediumint(9) NOT NULL,
  `og` mediumint(9) NOT NULL,
  `oo` mediumint(9) NOT NULL,
  `cg` mediumint(9) NOT NULL,
  `co` mediumint(9) NOT NULL,
  `venue_id` mediumint(9) NOT NULL,
  PRIMARY KEY  (`debate_id`)
) ENGINE=MyISAM DEFAULT CHARSET=latin1;

--
-- Dumping data for table `draw_round_4`
--

LOCK TABLES `draw_round_4` WRITE;
/*!40000 ALTER TABLE `draw_round_4` DISABLE KEYS */;
INSERT INTO `draw_round_4` VALUES (40000,243,211,64,375,61),(40001,75,232,112,247,30),(40002,305,253,22,185,11),(40003,67,396,204,291,93),(40004,166,251,261,51,87),(40005,71,3,352,168,83),(40006,150,250,38,176,5),(40007,266,210,29,255,84),(40008,388,327,355,256,25),(40009,195,121,129,263,92),(40010,98,196,78,28,50),(40011,94,216,262,307,68),(40012,246,392,373,153,40),(40013,276,277,339,91,77),(40014,142,230,59,136,22),(40015,109,79,19,338,79),(40016,340,36,77,384,91),(40017,279,194,155,306,32),(40018,332,156,351,52,94),(40019,237,298,272,300,100),(40020,318,209,66,190,2),(40021,128,234,312,202,34),(40022,226,400,12,288,4),(40023,90,92,106,157,17),(40024,390,329,214,23,86),(40025,221,26,378,207,19),(40026,58,10,206,308,10),(40027,201,70,295,314,36),(40028,325,200,371,273,90),(40029,47,217,162,198,62),(40030,65,186,81,45,85),(40031,2,4,117,225,98),(40032,174,337,310,369,46),(40033,107,191,148,132,48),(40034,170,349,293,172,60),(40035,240,97,41,353,43),(40036,309,197,356,134,73),(40037,394,203,56,113,31),(40038,270,88,53,304,81),(40039,169,154,86,366,37),(40040,49,238,328,93,66),(40041,5,25,55,357,49),(40042,376,61,175,21,95),(40043,104,354,68,245,33),(40044,244,271,242,137,80),(40045,283,358,235,199,72),(40046,324,374,34,122,89),(40047,182,395,33,14,1),(40048,35,333,297,370,96),(40049,143,76,265,127,8),(40050,286,146,110,101,28),(40051,294,367,105,280,74),(40052,365,361,389,241,63),(40053,72,48,32,178,24),(40054,80,205,364,167,69),(40055,346,275,287,89,76),(40056,391,336,60,161,99),(40057,218,382,9,1,67),(40058,164,258,342,224,71),(40059,44,39,248,124,41),(40060,54,50,239,177,7),(40061,173,219,301,278,38),(40062,27,260,223,385,13),(40063,158,126,6,302,15),(40064,118,184,82,20,21),(40065,285,62,292,111,56),(40066,183,362,149,69,42),(40067,229,398,359,290,53),(40068,377,386,125,145,78),(40069,139,330,213,267,3),(40070,350,281,7,140,88),(40071,296,188,152,192,59),(40072,222,393,13,344,26),(40073,171,399,16,160,65),(40074,181,259,254,320,27),(40075,100,268,43,57,23),(40076,24,96,159,315,64),(40077,397,114,289,341,18),(40078,31,135,163,326,39),(40079,37,343,257,99,14),(40080,345,249,348,46,75),(40081,95,347,316,83,9),(40082,131,331,130,215,6),(40083,228,115,151,179,70),(40084,8,252,165,74,20),(40085,30,212,334,193,52),(40086,18,15,220,379,54),(40087,123,335,317,133,47),(40088,180,380,102,141,55),(40089,299,87,319,187,16),(40090,147,84,116,189,44),(40091,11,103,233,383,82),(40092,269,73,321,42,29),(40093,387,311,144,236,35),(40094,264,363,231,63,97),(40095,108,282,368,17,51),(40096,360,40,227,381,57),(40097,138,303,85,323,58),(40098,120,208,284,313,12),(40099,119,372,322,274,45);
/*!40000 ALTER TABLE `draw_round_4` ENABLE KEYS */;
UNLOCK TABLES;

--
-- Table structure for table `draw_round_5`
--

DROP TABLE IF EXISTS `draw_round_5`;
CREATE TABLE `draw_round_5` (
  `debate_id` mediumint(9) NOT NULL,
  `og` mediumint(9) NOT NULL,
  `oo` mediumint(9) NOT NULL,
  `cg` mediumint(9) NOT NULL,
  `co` mediumint(9) NOT NULL,
  `venue_id` mediumint(9) NOT NULL,
  PRIMARY KEY  (`debate_id`)
) ENGINE=MyISAM DEFAULT CHARSET=latin1;

--
-- Dumping data for table `draw_round_5`
--

LOCK TABLES `draw_round_5` WRITE;
/*!40000 ALTER TABLE `draw_round_5` DISABLE KEYS */;
INSERT INTO `draw_round_5` VALUES (50000,375,75,204,71,61),(50001,251,243,232,291,30),(50002,262,38,273,176,11),(50003,305,338,277,230,93),(50004,29,168,64,98,87),(50005,185,153,256,261,83),(50006,211,36,4,67,5),(50007,373,255,121,23,84),(50008,3,150,209,195,25),(50009,194,51,351,237,92),(50010,327,26,400,186,50),(50011,308,307,112,201,68),(50012,339,196,109,217,40),(50013,234,59,2,352,77),(50014,297,166,374,312,22),(50015,358,356,266,226,79),(50016,306,244,340,357,91),(50017,354,272,392,250,32),(50018,253,162,366,21,94),(50019,136,143,113,276,100),(50020,94,206,45,191,2),(50021,328,295,332,247,34),(50022,200,172,28,378,4),(50023,396,353,369,263,17),(50024,286,190,214,19,86),(50025,157,22,92,270,19),(50026,294,69,287,79,10),(50027,202,300,39,245,36),(50028,398,361,137,35,90),(50029,207,142,178,238,62),(50030,154,91,246,170,85),(50031,52,97,216,47,98),(50032,329,77,210,90,46),(50033,78,355,175,388,48),(50034,235,386,53,258,60),(50035,54,129,60,118,43),(50036,148,218,324,279,73),(50037,309,58,127,219,31),(50038,288,5,285,33,81),(50039,65,27,302,203,37),(50040,70,395,371,337,66),(50041,318,80,391,171,49),(50042,117,292,384,248,95),(50043,93,225,362,32,33),(50044,104,86,271,56,80),(50045,390,61,215,382,72),(50046,393,101,199,330,89),(50047,347,241,12,126,1),(50048,155,281,320,275,96),(50049,10,359,325,298,8),(50050,205,74,76,224,28),(50051,115,326,314,14,74),(50052,110,106,173,134,63),(50053,315,257,66,192,24),(50054,105,333,345,43,69),(50055,239,377,184,55,76),(50056,81,41,128,221,99),(50057,122,349,198,304,67),(50058,310,260,132,156,71),(50059,114,364,42,62,41),(50060,265,140,163,268,7),(50061,316,348,385,182,38),(50062,68,183,139,25,13),(50063,6,283,383,197,15),(50064,123,240,394,342,21),(50065,82,180,16,159,56),(50066,48,370,220,84,42),(50067,343,254,346,50,53),(50068,367,169,130,242,78),(50069,88,107,334,124,3),(50070,161,152,319,144,88),(50071,151,174,376,222,59),(50072,293,1,49,229,26),(50073,397,278,34,365,65),(50074,24,111,335,236,27),(50075,31,290,360,228,23),(50076,167,8,187,44,64),(50077,146,147,158,399,18),(50078,15,20,303,164,39),(50079,95,177,145,301,14),(50080,368,165,280,389,75),(50081,89,233,181,46,9),(50082,336,72,212,9,6),(50083,296,344,7,269,70),(50084,267,149,57,223,20),(50085,99,289,102,103,52),(50086,96,17,73,381,54),(50087,37,259,193,179,47),(50088,131,160,63,264,55),(50089,379,13,135,322,16),(50090,100,188,299,341,44),(50091,350,83,313,249,82),(50092,85,116,125,208,29),(50093,213,387,331,133,35),(50094,87,311,284,11,97),(50095,380,141,189,363,51),(50096,252,317,40,321,57),(50097,323,108,18,372,58),(50098,30,119,138,282,12),(50099,274,227,120,231,45);
/*!40000 ALTER TABLE `draw_round_5` ENABLE KEYS */;
UNLOCK TABLES;

--
-- Table structure for table `draw_round_6`
--

DROP TABLE IF EXISTS `draw_round_6`;
CREATE TABLE `draw_round_6` (
  `debate_id` mediumint(9) NOT NULL,
  `og` mediumint(9) NOT NULL,
  `oo` mediumint(9) NOT NULL,
  `cg` mediumint(9) NOT NULL,
  `co` mediumint(9) NOT NULL,
  `venue_id` mediumint(9) NOT NULL,
  PRIMARY KEY  (`debate_id`)
) ENGINE=MyISAM DEFAULT CHARSET=latin1;

--
-- Dumping data for table `draw_round_6`
--

LOCK TABLES `draw_round_6` WRITE;
/*!40000 ALTER TABLE `draw_round_6` DISABLE KEYS */;
INSERT INTO `draw_round_6` VALUES (60000,153,251,75,375,61),(60001,204,64,262,305,30),(60002,243,234,230,26,11),(60003,209,291,217,211,93),(60004,176,112,29,261,87),(60005,51,373,166,369,83),(60006,214,306,255,338,5),(60007,332,250,4,162,84),(60008,356,71,150,92,25),(60009,276,94,308,400,92),(60010,168,185,378,351,50),(60011,196,232,263,329,68),(60012,45,279,200,109,40),(60013,371,273,38,235,77),(60014,27,374,78,354,22),(60015,219,216,327,307,79),(60016,237,98,300,137,91),(60017,340,352,170,129,32),(60018,113,285,67,3,94),(60019,238,266,286,121,100),(60020,69,253,295,277,2),(60021,270,256,247,28,34),(60022,304,226,36,2,4),(60023,12,195,357,106,17),(60024,19,258,393,59,86),(60025,60,52,186,395,19),(60026,388,396,201,80,10),(60027,66,194,154,391,36),(60028,326,362,281,184,90),(60029,191,382,339,287,62),(60030,345,136,33,10,85),(60031,292,90,245,157,98),(60032,312,76,156,148,46),(60033,127,398,41,272,48),(60034,21,271,142,65,60),(60035,23,210,97,143,43),(60036,5,390,244,68,73),(60037,268,202,79,366,31),(60038,337,385,318,206,81),(60039,218,178,74,384,37),(60040,172,62,115,225,66),(60041,275,242,240,1,49),(60042,241,328,86,353,95),(60043,91,50,361,101,33),(60044,358,309,222,110,80),(60045,118,334,370,53,72),(60046,190,43,310,22,89),(60047,392,221,315,377,1),(60048,180,203,355,325,96),(60049,297,198,344,278,8),(60050,383,319,70,145,28),(60051,199,248,298,39,74),(60052,302,104,342,169,63),(60053,386,175,348,320,24),(60054,324,54,294,288,69),(60055,220,314,77,205,76),(60056,233,122,343,58,99),(60057,389,35,47,128,67),(60058,236,49,197,102,71),(60059,147,149,207,152,41),(60060,212,360,25,8,7),(60061,246,93,126,34,38),(60062,257,55,364,132,13),(60063,173,265,333,61,15),(60064,303,82,107,376,21),(60065,144,84,31,146,56),(60066,42,56,83,130,42),(60067,16,114,239,254,53),(60068,134,95,183,283,78),(60069,111,123,229,280,3),(60070,359,208,341,105,88),(60071,171,9,224,397,59),(60072,192,63,269,187,26),(60073,387,155,99,215,65),(60074,57,32,81,15,27),(60075,179,14,117,349,23),(60076,260,151,347,135,64),(60077,381,316,88,89,18),(60078,330,163,20,96,39),(60079,13,131,259,139,14),(60080,363,124,133,125,75),(60081,158,368,372,161,9),(60082,301,267,44,48,6),(60083,289,228,296,313,70),(60084,182,293,174,181,20),(60085,72,335,159,6,52),(60086,11,367,140,394,54),(60087,365,40,188,346,47),(60088,282,399,290,323,55),(60089,177,164,350,85,16),(60090,299,167,223,160,44),(60091,165,322,336,252,82),(60092,87,213,46,24,29),(60093,7,193,141,30,35),(60094,73,231,103,317,97),(60095,331,249,37,100,51),(60096,189,18,17,379,57),(60097,264,274,116,311,58),(60098,120,321,380,119,12),(60099,108,284,227,138,45);
/*!40000 ALTER TABLE `draw_round_6` ENABLE KEYS */;
UNLOCK TABLES;

--
-- Table structure for table `draw_round_7`
--

DROP TABLE IF EXISTS `draw_round_7`;
CREATE TABLE `draw_round_7` (
  `debate_id` mediumint(9) NOT NULL,
  `og` mediumint(9) NOT NULL,
  `oo` mediumint(9) NOT NULL,
  `cg` mediumint(9) NOT NULL,
  `co` mediumint(9) NOT NULL,
  `venue_id` mediumint(9) NOT NULL,
  PRIMARY KEY  (`debate_id`)
) ENGINE=MyISAM DEFAULT CHARSET=latin1;

--
-- Dumping data for table `draw_round_7`
--

LOCK TABLES `draw_round_7` WRITE;
/*!40000 ALTER TABLE `draw_round_7` DISABLE KEYS */;
INSERT INTO `draw_round_7` VALUES (70000,204,375,251,75,61),(70001,64,209,243,29,30),(70002,232,262,176,308,11),(70003,351,92,211,255,93),(70004,166,332,51,230,87),(70005,121,327,250,352,83),(70006,277,305,279,113,5),(70007,26,276,153,71,84),(70008,378,137,338,371,25),(70009,112,217,354,196,92),(70010,98,247,45,4,50),(70011,266,12,270,393,68),(70012,291,235,21,306,40),(70013,129,191,168,373,77),(70014,80,261,219,41,22),(70015,245,369,234,27,79),(70016,285,400,136,194,91),(70017,76,2,326,253,32),(70018,186,109,258,150,94),(70019,106,268,396,185,100),(70020,295,170,162,172,2),(70021,278,66,395,190,34),(70022,216,337,94,38,4),(70023,300,78,398,180,17),(70024,370,65,5,67,86),(70025,384,315,358,361,19),(70026,256,263,356,345,10),(70027,90,275,312,214,36),(70028,210,238,226,339,90),(70029,353,236,55,281,62),(70030,242,23,241,340,85),(70031,62,200,329,303,98),(70032,184,201,237,294,46),(70033,307,3,50,244,48),(70034,298,383,59,104,60),(70035,143,173,35,218,43),(70036,8,148,58,220,73),(70037,152,297,43,392,31),(70038,355,69,382,246,81),(70039,273,33,272,36,37),(70040,385,70,202,60,66),(70041,195,157,118,271,49),(70042,374,286,309,154,95),(70043,320,19,390,362,33),(70044,357,134,206,155,80),(70045,39,224,388,328,72),(70046,74,347,84,42,89),(70047,28,111,377,302,1),(70048,142,366,122,175,96),(70049,197,10,1,77,8),(70050,203,391,110,115,28),(70051,128,287,257,127,74),(70052,316,292,304,114,63),(70053,22,81,14,54,24),(70054,198,105,82,52,69),(70055,319,126,101,149,76),(70056,334,25,192,333,99),(70057,156,179,89,151,67),(70058,221,325,397,147,71),(70059,364,296,56,86,41),(70060,314,324,330,31,7),(70061,222,310,254,212,38),(70062,229,53,72,158,13),(70063,341,68,93,259,15),(70064,188,125,283,240,21),(70065,79,376,61,318,56),(70066,47,269,96,99,42),(70067,97,102,225,343,53),(70068,9,57,386,91,78),(70069,178,301,367,199,3),(70070,342,145,282,293,88),(70071,44,159,144,359,59),(70072,130,288,13,360,26),(70073,394,24,160,88,65),(70074,349,133,248,348,27),(70075,107,389,95,207,23),(70076,187,239,123,163,64),(70077,141,34,165,260,18),(70078,372,215,205,233,39),(70079,344,313,32,350,14),(70080,265,365,169,49,75),(70081,174,132,161,140,9),(70082,63,15,264,189,6),(70083,231,87,363,131,70),(70084,183,381,167,73,20),(70085,399,16,322,267,52),(70086,40,135,208,387,54),(70087,17,146,171,83,47),(70088,249,30,177,117,55),(70089,280,6,182,289,16),(70090,228,336,164,335,44),(70091,124,299,368,20,82),(70092,46,48,100,7,29),(70093,139,181,11,120,35),(70094,346,323,311,331,97),(70095,18,252,213,193,51),(70096,317,223,119,116,57),(70097,290,138,85,108,58),(70098,284,379,321,37,12),(70099,103,380,274,227,45);
/*!40000 ALTER TABLE `draw_round_7` ENABLE KEYS */;
UNLOCK TABLES;

--
-- Table structure for table `draw_round_8`
--

DROP TABLE IF EXISTS `draw_round_8`;
CREATE TABLE `draw_round_8` (
  `debate_id` mediumint(9) NOT NULL,
  `og` mediumint(9) NOT NULL,
  `oo` mediumint(9) NOT NULL,
  `cg` mediumint(9) NOT NULL,
  `co` mediumint(9) NOT NULL,
  `venue_id` mediumint(9) NOT NULL,
  PRIMARY KEY  (`debate_id`)
) ENGINE=MyISAM DEFAULT CHARSET=latin1;

--
-- Dumping data for table `draw_round_8`
--

LOCK TABLES `draw_round_8` WRITE;
/*!40000 ALTER TABLE `draw_round_8` DISABLE KEYS */;
INSERT INTO `draw_round_8` VALUES (80000,230,75,243,251,61),(80001,351,204,29,262,30),(80002,255,113,276,332,11),(80003,217,64,375,232,93),(80004,352,371,26,326,87),(80005,92,270,209,168,83),(80006,369,176,327,112,5),(80007,279,261,137,136,84),(80008,247,51,291,78,25),(80009,170,384,71,266,92),(80010,338,339,373,370,50),(80011,38,345,80,166,68),(80012,400,211,306,98,40),(80013,250,308,27,196,77),(80014,109,277,185,190,22),(80015,67,312,253,234,79),(80016,150,320,143,153,91),(80017,272,329,236,256,32),(80018,258,219,8,383,94),(80019,43,21,278,210,100),(80020,50,354,106,295,2),(80021,201,378,180,94,34),(80022,4,121,129,286,4),(80023,126,42,275,358,17),(80024,305,2,23,12,86),(80025,285,118,69,202,19),(80026,77,302,218,315,10),(80027,58,393,235,66,36),(80028,271,186,307,200,90),(80029,206,298,268,82,62),(80030,41,45,203,81,85),(80031,224,60,152,216,98),(80032,263,246,172,374,46),(80033,226,245,194,334,48),(80034,102,127,191,300,60),(80035,281,156,90,76,43),(80036,55,5,273,292,73),(80037,366,184,134,241,31),(80038,240,237,147,178,81),(80039,362,154,238,347,37),(80040,162,39,293,396,66),(80041,61,192,242,385,49),(80042,14,214,65,398,95),(80043,377,197,353,57,33),(80044,36,28,114,356,80),(80045,361,70,104,173,72),(80046,53,222,105,319,89),(80047,382,388,68,257,1),(80048,395,56,157,142,96),(80049,391,220,337,324,8),(80050,244,99,62,297,28),(80051,169,294,3,386,74),(80052,175,350,10,141,63),(80053,84,359,195,93,24),(80054,283,229,155,97,69),(80055,33,128,22,364,76),(80056,215,212,389,79,99),(80057,325,47,303,355,67),(80058,333,89,301,309,71),(80059,248,340,160,198,41),(80060,59,187,148,316,7),(80061,35,110,360,390,38),(80062,149,392,330,174,13),(80063,348,343,54,183,15),(80064,1,96,19,367,21),(80065,163,207,151,122,56),(80066,83,282,52,188,42),(80067,25,117,233,265,53),(80068,259,31,328,40,78),(80069,86,280,111,74,3),(80070,287,304,260,44,88),(80071,32,394,131,72,59),(80072,376,115,357,310,26),(80073,101,130,189,16,65),(80074,132,342,397,13,27),(80075,208,161,231,95,23),(80076,311,341,221,123,64),(80077,145,120,9,344,18),(80078,225,144,179,296,39),(80079,254,171,24,336,14),(80080,125,46,349,165,75),(80081,269,372,15,368,9),(80082,49,158,6,177,6),(80083,267,318,91,314,70),(80084,381,199,124,107,20),(80085,322,205,365,167,52),(80086,159,100,288,18,54),(80087,313,363,289,34,47),(80088,133,88,228,239,55),(80089,181,182,323,223,16),(80090,135,264,30,17,44),(80091,140,346,48,299,82),(80092,119,11,108,387,29),(80093,227,331,379,138,35),(80094,335,252,73,399,97),(80095,146,87,249,63,51),(80096,164,290,20,103,57),(80097,193,7,139,116,58),(80098,321,85,317,213,12),(80099,274,37,380,284,45);
/*!40000 ALTER TABLE `draw_round_8` ENABLE KEYS */;
UNLOCK TABLES;

--
-- Table structure for table `draw_round_9`
--

DROP TABLE IF EXISTS `draw_round_9`;
CREATE TABLE `draw_round_9` (
  `debate_id` mediumint(9) NOT NULL,
  `og` mediumint(9) NOT NULL,
  `oo` mediumint(9) NOT NULL,
  `cg` mediumint(9) NOT NULL,
  `co` mediumint(9) NOT NULL,
  `venue_id` mediumint(9) NOT NULL,
  PRIMARY KEY  (`debate_id`)
) ENGINE=MyISAM DEFAULT CHARSET=latin1;

--
-- Dumping data for table `draw_round_9`
--

LOCK TABLES `draw_round_9` WRITE;
/*!40000 ALTER TABLE `draw_round_9` DISABLE KEYS */;
INSERT INTO `draw_round_9` VALUES (90000,243,262,251,64,61),(90001,332,29,371,112,30),(90002,261,351,75,270,11),(90003,247,276,375,204,93),(90004,137,230,168,369,87),(90005,266,67,113,352,83),(90006,26,80,190,338,5),(90007,217,306,27,209,84),(90008,255,211,383,129,25),(90009,176,329,305,373,92),(90010,166,278,291,136,50),(90011,71,69,232,143,68),(90012,109,253,250,354,40),(90013,180,78,2,51,77),(90014,246,256,98,92,22),(90015,43,150,307,58,79),(90016,184,326,298,285,91),(90017,194,216,345,327,32),(90018,295,384,219,76,94),(90019,300,201,196,275,100),(90020,279,302,185,81,2),(90021,121,55,126,70,34),(90022,56,68,178,244,4),(90023,339,50,378,206,17),(90024,23,38,272,258,86),(90025,222,374,324,218,19),(90026,14,358,238,242,10),(90027,308,170,202,271,36),(90028,281,370,197,320,90),(90029,393,277,312,203,62),(90030,4,400,162,234,85),(90031,152,356,334,292,98),(90032,21,82,240,128,46),(90033,236,294,35,77,48),(90034,106,8,102,172,60),(90035,286,325,392,99,43),(90036,210,155,12,257,73),(90037,41,396,333,226,31),(90038,90,362,395,366,81),(90039,118,187,153,273,37),(90040,235,212,127,134,66),(90041,340,398,377,53,49),(90042,391,361,200,141,95),(90043,60,94,195,114,33),(90044,160,357,192,5,80),(90045,173,397,79,3,72),(90046,385,337,174,394,89),(90047,229,347,93,268,1),(90048,191,233,304,42,96),(90049,224,45,241,175,8),(90050,142,245,343,148,28),(90051,353,33,96,259,74),(90052,237,66,390,122,63),(90053,101,355,263,156,24),(90054,280,297,293,105,69),(90055,186,315,36,188,76),(90056,89,65,111,95,99),(90057,165,330,151,215,67),(90058,364,44,1,310,71),(90059,214,157,316,360,41),(90060,104,16,382,220,7),(90061,171,350,40,303,38),(90062,52,348,359,248,13),(90063,39,62,309,344,15),(90064,72,221,269,91,21),(90065,388,154,57,61,56),(90066,147,25,179,319,42),(90067,97,169,177,386,53),(90068,34,189,59,13,78),(90069,158,282,322,144,3),(90070,10,19,88,46,88),(90071,120,389,117,301,59),(90072,107,311,318,231,26),(90073,159,110,199,54,65),(90074,328,115,28,198,27),(90075,368,149,283,47,23),(90076,163,135,24,287,64),(90077,74,32,22,84,18),(90078,223,11,267,299,39),(90079,125,260,376,161,14),(90080,130,239,183,372,75),(90081,289,63,6,264,9),(90082,31,205,252,182,6),(90083,288,367,225,207,70),(90084,145,254,342,265,20),(90085,131,227,86,123,52),(90086,83,314,87,140,54),(90087,116,132,181,9,47),(90088,336,313,138,100,55),(90089,49,296,381,365,16),(90090,119,133,124,15,44),(90091,103,341,208,73,82),(90092,349,167,30,18,29),(90093,363,17,146,274,35),(90094,164,213,323,108,97),(90095,335,228,7,249,51),(90096,20,139,387,85,57),(90097,346,331,379,48,58),(90098,193,37,399,317,12),(90099,290,321,284,380,45);
/*!40000 ALTER TABLE `draw_round_9` ENABLE KEYS */;
UNLOCK TABLES;

--
-- Table structure for table `highlight`
--

DROP TABLE IF EXISTS `highlight`;
CREATE TABLE `highlight` (
  `lowerlimit` char(50) default NULL,
  `upperlimit` char(50) default NULL,
  `type` char(50) default NULL
) ENGINE=MyISAM DEFAULT CHARSET=latin1;

--
-- Dumping data for table `highlight`
--

LOCK TABLES `highlight` WRITE;
/*!40000 ALTER TABLE `highlight` DISABLE KEYS */;
INSERT INTO `highlight` VALUES ('50','100','result');
/*!40000 ALTER TABLE `highlight` ENABLE KEYS */;
UNLOCK TABLES;

--
-- Table structure for table `motions`
--

DROP TABLE IF EXISTS `motions`;
CREATE TABLE `motions` (
  `round_no` smallint(6) NOT NULL default '0',
  `motion` text NOT NULL,
  PRIMARY KEY  (`round_no`)
) ENGINE=MyISAM DEFAULT CHARSET=latin1;

--
-- Dumping data for table `motions`
--

LOCK TABLES `motions` WRITE;
/*!40000 ALTER TABLE `motions` DISABLE KEYS */;
/*!40000 ALTER TABLE `motions` ENABLE KEYS */;
UNLOCK TABLES;

--
-- Table structure for table `result_round_1`
--

DROP TABLE IF EXISTS `result_round_1`;
CREATE TABLE `result_round_1` (
  `debate_id` mediumint(9) NOT NULL default '0',
  `first` mediumint(9) NOT NULL default '0',
  `second` mediumint(9) NOT NULL default '0',
  `third` mediumint(9) NOT NULL default '0',
  `fourth` mediumint(9) NOT NULL default '0',
  PRIMARY KEY  (`debate_id`)
) ENGINE=MyISAM DEFAULT CHARSET=latin1;

--
-- Dumping data for table `result_round_1`
--

LOCK TABLES `result_round_1` WRITE;
/*!40000 ALTER TABLE `result_round_1` DISABLE KEYS */;
INSERT INTO `result_round_1` VALUES (10000,35,12,241,349),(10001,76,240,252,347),(10002,397,191,74,143),(10003,378,300,28,289),(10004,375,387,178,205),(10005,155,294,288,328),(10006,75,224,42,84),(10007,78,320,271,83),(10008,371,249,336,21),(10009,86,364,104,344),(10010,261,165,331,137),(10011,51,215,163,398),(10012,396,390,39,365),(10013,376,200,301,61),(10014,172,91,117,115),(10015,262,225,393,119),(10016,194,216,97,179),(10017,47,124,32,15),(10018,332,251,161,96),(10019,237,169,298,367),(10020,327,269,242,343),(10021,175,98,386,313),(10022,384,291,102,351),(10023,230,77,193,290),(10024,388,56,57,73),(10025,107,352,233,152),(10026,174,359,246,120),(10027,4,69,134,130),(10028,148,197,323,123),(10029,206,394,229,111),(10030,136,256,9,212),(10031,356,173,6,285),(10032,357,70,92,267),(10033,150,147,19,60),(10034,71,259,385,2),(10035,3,318,202,132),(10036,223,314,141,363),(10037,253,213,167,139),(10038,339,281,94,350),(10039,244,58,40,311),(10040,68,296,324,268),(10041,391,113,382,85),(10042,45,16,218,108),(10043,10,26,276,220),(10044,5,250,153,208),(10045,125,273,103,219),(10046,283,146,366,399),(10047,348,248,27,11),(10048,64,183,116,87),(10049,33,196,164,95),(10050,168,355,90,181),(10051,358,287,254,171),(10052,176,305,222,13),(10053,67,330,31,231),(10054,121,185,309,82),(10055,157,22,380,23),(10056,338,297,182,377),(10057,110,214,203,264),(10058,247,135,282,122),(10059,72,207,239,280),(10060,221,235,379,114),(10061,263,53,105,361),(10062,389,25,334,140),(10063,275,353,199,368),(10064,52,7,55,93),(10065,232,142,317,245),(10066,312,362,337,158),(10067,109,79,187,217),(10068,59,133,304,302),(10069,279,277,106,370),(10070,286,325,319,144),(10071,101,180,126,354),(10072,49,41,151,372),(10073,234,81,190,192),(10074,310,226,392,322),(10075,374,383,30,316),(10076,210,238,381,236),(10077,201,38,1,17),(10078,307,128,329,24),(10079,292,295,360,18),(10080,50,112,278,198),(10081,266,156,184,257),(10082,8,326,131,227),(10083,369,154,177,170),(10084,333,162,400,346),(10085,270,37,88,345),(10086,293,341,149,321),(10087,243,99,160,159),(10088,118,54,299,395),(10089,36,29,138,48),(10090,255,89,129,274),(10091,65,44,284,145),(10092,340,228,260,335),(10093,211,272,189,127),(10094,43,265,303,20),(10095,306,166,186,14),(10096,209,308,46,62),(10097,34,204,315,188),(10098,195,100,80,258),(10099,373,66,342,63);
/*!40000 ALTER TABLE `result_round_1` ENABLE KEYS */;
UNLOCK TABLES;

--
-- Table structure for table `result_round_2`
--

DROP TABLE IF EXISTS `result_round_2`;
CREATE TABLE `result_round_2` (
  `debate_id` mediumint(9) NOT NULL default '0',
  `first` mediumint(9) NOT NULL default '0',
  `second` mediumint(9) NOT NULL default '0',
  `third` mediumint(9) NOT NULL default '0',
  `fourth` mediumint(9) NOT NULL default '0',
  PRIMARY KEY  (`debate_id`)
) ENGINE=MyISAM DEFAULT CHARSET=latin1;

--
-- Dumping data for table `result_round_2`
--

LOCK TABLES `result_round_2` WRITE;
/*!40000 ALTER TABLE `result_round_2` DISABLE KEYS */;
INSERT INTO `result_round_2` VALUES (20000,378,244,155,4),(20001,396,247,110,397),(20002,327,237,230,388),(20003,375,65,35,72),(20004,75,78,391,371),(20005,338,176,50,358),(20006,221,263,76,86),(20007,51,306,270,340),(20008,266,384,209,293),(20009,243,374,333,43),(20010,307,34,201,292),(20011,262,210,255,195),(20012,36,376,172,118),(20013,211,136,373,8),(20014,168,369,332,194),(20015,47,261,49,33),(20016,279,107,59,310),(20017,52,283,148,5),(20018,232,174,234,125),(20019,71,150,223,357),(20020,253,109,275,312),(20021,3,45,389,356),(20022,10,206,286,348),(20023,121,67,157,68),(20024,64,101,339,175),(20025,162,53,213,259),(20026,250,156,320,326),(20027,300,238,69,387),(20028,70,154,341,99),(20029,38,26,16,147),(20030,113,318,12,281),(20031,314,56,37,249),(20032,216,58,224,248),(20033,291,77,169,296),(20034,240,197,191,269),(20035,273,98,390,394),(20036,251,277,183,165),(20037,352,359,124,133),(20038,91,146,225,294),(20039,256,196,330,364),(20040,79,29,287,297),(20041,305,235,215,180),(20042,200,54,265,100),(20043,204,355,214,353),(20044,81,66,228,89),(20045,185,142,128,362),(20046,22,325,295,383),(20047,166,44,272,25),(20048,41,226,308,7),(20049,112,173,207,135),(20050,392,167,182,74),(20051,190,105,9,178),(20052,28,241,252,282),(20053,288,203,331,103),(20054,94,324,164,380),(20055,276,309,116,40),(20056,27,218,126,334),(20057,104,382,319,31),(20058,90,39,366,379),(20059,239,222,163,229),(20060,153,106,233,254),(20061,336,271,242,42),(20062,342,131,177,187),(20063,400,80,184,303),(20064,32,161,385,141),(20065,97,149,393,323),(20066,19,202,30,381),(20067,337,329,278,360),(20068,88,92,46,317),(20069,1,160,299,6),(20070,246,117,193,315),(20071,129,186,55,138),(20072,298,57,189,284),(20073,304,386,151,260),(20074,301,134,199,102),(20075,158,245,192,368),(20076,60,219,399,95),(20077,132,267,212,372),(20078,2,370,285,130),(20079,354,123,111,208),(20080,302,93,144,120),(20081,139,152,363,87),(20082,217,48,344,11),(20083,188,61,258,119),(20084,159,115,15,73),(20085,170,395,290,335),(20086,351,349,179,96),(20087,24,316,17,257),(20088,198,236,346,18),(20089,127,62,63,227),(20090,14,20,345,321),(20091,181,21,367,274),(20092,398,377,83,171),(20093,268,122,85,231),(20094,23,311,350,220),(20095,137,114,82,108),(20096,365,13,205,322),(20097,289,145,343,313),(20098,143,328,84,140),(20099,347,361,280,264);
/*!40000 ALTER TABLE `result_round_2` ENABLE KEYS */;
UNLOCK TABLES;

--
-- Table structure for table `result_round_3`
--

DROP TABLE IF EXISTS `result_round_3`;
CREATE TABLE `result_round_3` (
  `debate_id` mediumint(9) NOT NULL default '0',
  `first` mediumint(9) NOT NULL default '0',
  `second` mediumint(9) NOT NULL default '0',
  `third` mediumint(9) NOT NULL default '0',
  `fourth` mediumint(9) NOT NULL default '0',
  PRIMARY KEY  (`debate_id`)
) ENGINE=MyISAM DEFAULT CHARSET=latin1;

--
-- Dumping data for table `result_round_3`
--

LOCK TABLES `result_round_3` WRITE;
/*!40000 ALTER TABLE `result_round_3` DISABLE KEYS */;
INSERT INTO `result_round_3` VALUES (30000,211,51,338,378),(30001,75,71,327,47),(30002,375,396,266,279),(30003,64,253,121,221),(30004,232,3,307,52),(30005,243,168,262,36),(30006,261,91,65,10),(30007,185,78,300,113),(30008,67,176,162,240),(30009,251,305,384,376),(30010,247,263,200,101),(30011,291,22,81,369),(30012,166,109,306,174),(30013,250,210,273,41),(30014,352,256,206,34),(30015,204,136,70,107),(30016,150,216,237,374),(30017,38,79,45,244),(30018,112,66,314,283),(30019,373,201,333,342),(30020,29,400,238,1),(30021,276,226,88,50),(30022,339,209,97,27),(30023,94,58,270,146),(30024,153,155,197,223),(30025,19,318,148,173),(30026,246,26,172,391),(30027,230,332,76,359),(30028,98,298,56,301),(30029,196,77,104,32),(30030,28,325,286,336),(30031,129,288,35,44),(30032,355,90,53,110),(30033,277,234,235,239),(30034,142,157,337,389),(30035,59,156,304,54),(30036,392,190,49,275),(30037,255,175,154,320),(30038,329,191,124,341),(30039,308,143,398,159),(30040,23,265,39,215),(30041,371,137,224,397),(30042,388,358,386,222),(30043,207,356,365,57),(30044,4,271,287,330),(30045,12,169,158,43),(30046,217,132,60,268),(30047,351,134,69,188),(30048,202,68,302,289),(30049,117,92,33,181),(30050,312,357,167,139),(30051,106,324,218,213),(30052,195,354,382,16),(30053,272,5,80,125),(30054,2,309,118,8),(30055,128,310,161,348),(30056,194,293,105,160),(30057,214,127,183,131),(30058,295,225,72,347),(30059,198,170,149,24),(30060,186,14,281,228),(30061,390,203,292,37),(30062,340,86,241,180),(30063,245,278,145,233),(30064,370,385,249,319),(30065,394,89,99,311),(30066,21,48,296,116),(30067,55,362,7,133),(30068,366,9,152,383),(30069,353,219,259,189),(30070,93,126,151,123),(30071,122,248,100,236),(30072,199,164,316,30),(30073,349,177,46,269),(30074,182,294,267,387),(30075,297,62,393,252),(30076,242,20,115,193),(30077,61,361,114,299),(30078,328,377,163,147),(30079,25,184,326,165),(30080,395,364,13,331),(30081,82,31,135,303),(30082,111,343,379,85),(30083,290,315,212,282),(30084,258,254,144,17),(30085,229,192,334,323),(30086,205,350,103,360),(30087,6,345,317,138),(30088,285,179,102,380),(30089,346,344,84,40),(30090,260,83,187,63),(30091,280,399,15,381),(30092,367,74,141,363),(30093,178,18,42,284),(30094,257,335,120,264),(30095,171,321,227,313),(30096,140,73,208,119),(30097,96,220,108,322),(30098,130,87,368,372),(30099,95,11,231,274);
/*!40000 ALTER TABLE `result_round_3` ENABLE KEYS */;
UNLOCK TABLES;

--
-- Table structure for table `result_round_4`
--

DROP TABLE IF EXISTS `result_round_4`;
CREATE TABLE `result_round_4` (
  `debate_id` mediumint(9) NOT NULL default '0',
  `first` mediumint(9) NOT NULL default '0',
  `second` mediumint(9) NOT NULL default '0',
  `third` mediumint(9) NOT NULL default '0',
  `fourth` mediumint(9) NOT NULL default '0',
  PRIMARY KEY  (`debate_id`)
) ENGINE=MyISAM DEFAULT CHARSET=latin1;

--
-- Dumping data for table `result_round_4`
--

LOCK TABLES `result_round_4` WRITE;
/*!40000 ALTER TABLE `result_round_4` DISABLE KEYS */;
INSERT INTO `result_round_4` VALUES (40000,375,243,64,211),(40001,75,232,112,247),(40002,305,185,22,253),(40003,204,291,67,396),(40004,251,261,51,166),(40005,71,168,3,352),(40006,176,38,150,250),(40007,29,255,266,210),(40008,256,327,388,355),(40009,195,121,263,129),(40010,98,196,28,78),(40011,262,307,94,216),(40012,153,373,392,246),(40013,277,339,276,91),(40014,230,59,136,142),(40015,338,109,19,79),(40016,36,340,77,384),(40017,194,306,279,155),(40018,351,332,52,156),(40019,237,272,300,298),(40020,209,190,318,66),(40021,234,312,202,128),(40022,400,226,288,12),(40023,92,157,90,106),(40024,23,214,329,390),(40025,26,378,207,221),(40026,308,206,58,10),(40027,201,295,70,314),(40028,273,200,371,325),(40029,217,162,47,198),(40030,186,45,65,81),(40031,4,2,225,117),(40032,369,337,310,174),(40033,191,148,132,107),(40034,172,170,349,293),(40035,353,97,41,240),(40036,356,309,134,197),(40037,113,203,56,394),(40038,270,53,304,88),(40039,366,154,86,169),(40040,328,238,93,49),(40041,357,5,55,25),(40042,21,175,61,376),(40043,354,245,104,68),(40044,244,137,271,242),(40045,358,235,199,283),(40046,374,324,122,34),(40047,33,395,14,182),(40048,297,35,333,370),(40049,143,127,76,265),(40050,286,110,101,146),(40051,294,105,367,280),(40052,361,241,365,389),(40053,178,32,48,72),(40054,80,205,364,167),(40055,287,275,346,89),(40056,60,391,161,336),(40057,218,382,1,9),(40058,258,224,342,164),(40059,39,248,124,44),(40060,54,239,50,177),(40061,219,173,278,301),(40062,27,260,385,223),(40063,302,126,6,158),(40064,118,184,82,20),(40065,285,292,62,111),(40066,69,362,183,149),(40067,398,359,229,290),(40068,386,377,145,125),(40069,330,139,267,213),(40070,281,140,7,350),(40071,192,152,296,188),(40072,393,222,344,13),(40073,171,16,399,160),(40074,320,254,181,259),(40075,43,268,57,100),(40076,315,159,24,96),(40077,114,397,289,341),(40078,326,163,31,135),(40079,257,343,99,37),(40080,345,348,46,249),(40081,347,316,95,83),(40082,215,130,331,131),(40083,115,151,228,179),(40084,74,165,8,252),(40085,334,212,193,30),(40086,220,15,379,18),(40087,123,335,133,317),(40088,180,102,380,141),(40089,319,187,299,87),(40090,84,147,116,189),(40091,383,233,103,11),(40092,42,269,73,321),(40093,144,236,387,311),(40094,264,63,363,231),(40095,368,17,108,282),(40096,360,381,40,227),(40097,303,85,323,138),(40098,313,208,284,120),(40099,322,372,119,274);
/*!40000 ALTER TABLE `result_round_4` ENABLE KEYS */;
UNLOCK TABLES;

--
-- Table structure for table `result_round_5`
--

DROP TABLE IF EXISTS `result_round_5`;
CREATE TABLE `result_round_5` (
  `debate_id` mediumint(9) NOT NULL default '0',
  `first` mediumint(9) NOT NULL default '0',
  `second` mediumint(9) NOT NULL default '0',
  `third` mediumint(9) NOT NULL default '0',
  `fourth` mediumint(9) NOT NULL default '0',
  PRIMARY KEY  (`debate_id`)
) ENGINE=MyISAM DEFAULT CHARSET=latin1;

--
-- Dumping data for table `result_round_5`
--

LOCK TABLES `result_round_5` WRITE;
/*!40000 ALTER TABLE `result_round_5` DISABLE KEYS */;
INSERT INTO `result_round_5` VALUES (50000,375,204,75,71),(50001,251,291,243,232),(50002,262,176,273,38),(50003,305,230,338,277),(50004,64,29,168,98),(50005,153,261,185,256),(50006,211,4,67,36),(50007,373,255,121,23),(50008,209,150,3,195),(50009,51,351,237,194),(50010,26,400,327,186),(50011,112,308,307,201),(50012,217,196,109,339),(50013,234,352,2,59),(50014,166,374,312,297),(50015,356,266,226,358),(50016,306,340,357,244),(50017,250,354,272,392),(50018,162,253,21,366),(50019,276,113,136,143),(50020,94,45,191,206),(50021,332,295,247,328),(50022,378,200,28,172),(50023,369,263,396,353),(50024,214,286,19,190),(50025,92,270,157,22),(50026,69,287,79,294),(50027,300,245,202,39),(50028,137,398,361,35),(50029,238,142,178,207),(50030,170,154,91,246),(50031,216,52,97,47),(50032,329,90,210,77),(50033,78,388,355,175),(50034,235,258,53,386),(50035,129,60,118,54),(50036,279,148,218,324),(50037,219,127,309,58),(50038,285,33,5,288),(50039,27,65,203,302),(50040,371,395,337,70),(50041,391,80,318,171),(50042,292,384,248,117),(50043,362,225,93,32),(50044,271,86,104,56),(50045,382,390,61,215),(50046,393,101,199,330),(50047,12,241,126,347),(50048,281,275,320,155),(50049,10,325,298,359),(50050,76,74,205,224),(50051,326,115,314,14),(50052,106,110,173,134),(50053,66,315,257,192),(50054,345,43,333,105),(50055,184,377,55,239),(50056,41,221,128,81),(50057,304,198,122,349),(50058,156,310,132,260),(50059,62,364,42,114),(50060,268,265,163,140),(50061,385,348,316,182),(50062,68,25,183,139),(50063,383,197,283,6),(50064,240,342,123,394),(50065,180,82,16,159),(50066,370,220,84,48),(50067,50,343,254,346),(50068,242,169,130,367),(50069,334,107,88,124),(50070,319,152,144,161),(50071,222,376,151,174),(50072,1,49,229,293),(50073,278,34,397,365),(50074,236,111,335,24),(50075,360,31,228,290),(50076,8,187,44,167),(50077,147,146,158,399),(50078,303,15,20,164),(50079,145,95,301,177),(50080,389,280,368,165),(50081,233,89,181,46),(50082,212,9,72,336),(50083,344,269,296,7),(50084,149,57,267,223),(50085,102,99,289,103),(50086,381,96,73,17),(50087,179,259,193,37),(50088,63,131,160,264),(50089,135,13,322,379),(50090,341,188,299,100),(50091,83,313,350,249),(50092,208,125,85,116),(50093,387,133,213,331),(50094,11,87,311,284),(50095,363,141,189,380),(50096,40,252,317,321),(50097,372,323,18,108),(50098,282,30,119,138),(50099,274,231,120,227);
/*!40000 ALTER TABLE `result_round_5` ENABLE KEYS */;
UNLOCK TABLES;

--
-- Table structure for table `result_round_6`
--

DROP TABLE IF EXISTS `result_round_6`;
CREATE TABLE `result_round_6` (
  `debate_id` mediumint(9) NOT NULL default '0',
  `first` mediumint(9) NOT NULL default '0',
  `second` mediumint(9) NOT NULL default '0',
  `third` mediumint(9) NOT NULL default '0',
  `fourth` mediumint(9) NOT NULL default '0',
  PRIMARY KEY  (`debate_id`)
) ENGINE=MyISAM DEFAULT CHARSET=latin1;

--
-- Dumping data for table `result_round_6`
--

LOCK TABLES `result_round_6` WRITE;
/*!40000 ALTER TABLE `result_round_6` DISABLE KEYS */;
INSERT INTO `result_round_6` VALUES (60000,251,75,375,153),(60001,204,64,262,305),(60002,243,230,26,234),(60003,209,211,217,291),(60004,29,176,112,261),(60005,166,51,369,373),(60006,255,338,306,214),(60007,332,250,4,162),(60008,92,71,150,356),(60009,308,276,400,94),(60010,351,378,168,185),(60011,232,196,263,329),(60012,279,45,109,200),(60013,371,235,38,273),(60014,354,27,78,374),(60015,327,219,216,307),(60016,137,98,300,237),(60017,352,129,170,340),(60018,113,285,67,3),(60019,121,266,238,286),(60020,277,253,295,69),(60021,247,270,256,28),(60022,2,226,36,304),(60023,12,106,195,357),(60024,393,258,59,19),(60025,186,395,60,52),(60026,80,396,201,388),(60027,194,66,154,391),(60028,326,281,184,362),(60029,191,339,382,287),(60030,136,345,33,10),(60031,245,90,157,292),(60032,76,312,148,156),(60033,41,398,272,127),(60034,21,65,271,142),(60035,210,143,23,97),(60036,5,244,390,68),(60037,268,202,366,79),(60038,337,385,206,318),(60039,384,218,74,178),(60040,172,62,115,225),(60041,275,242,1,240),(60042,353,241,328,86),(60043,361,50,101,91),(60044,358,309,110,222),(60045,370,118,334,53),(60046,190,43,22,310),(60047,315,392,377,221),(60048,180,355,203,325),(60049,278,297,198,344),(60050,70,383,319,145),(60051,298,39,199,248),(60052,104,302,342,169),(60053,320,175,386,348),(60054,294,54,324,288),(60055,220,77,314,205),(60056,58,122,343,233),(60057,35,128,47,389),(60058,236,197,102,49),(60059,152,149,147,207),(60060,8,25,212,360),(60061,246,126,93,34),(60062,55,257,364,132),(60063,173,333,61,265),(60064,303,82,376,107),(60065,84,31,144,146),(60066,42,56,130,83),(60067,114,254,239,16),(60068,134,283,95,183),(60069,111,229,123,280),(60070,105,341,359,208),(60071,224,397,9,171),(60072,192,269,187,63),(60073,155,99,215,387),(60074,81,57,32,15),(60075,14,179,349,117),(60076,347,151,260,135),(60077,316,89,88,381),(60078,96,330,163,20),(60079,259,13,131,139),(60080,125,133,363,124),(60081,158,372,161,368),(60082,301,44,267,48),(60083,296,313,289,228),(60084,293,174,182,181),(60085,72,159,6,335),(60086,367,394,140,11),(60087,188,365,40,346),(60088,282,399,323,290),(60089,350,177,164,85),(60090,160,167,299,223),(60091,165,322,336,252),(60092,24,87,46,213),(60093,141,30,7,193),(60094,231,73,317,103),(60095,249,100,331,37),(60096,189,17,18,379),(60097,264,311,116,274),(60098,120,119,380,321),(60099,138,227,108,284);
/*!40000 ALTER TABLE `result_round_6` ENABLE KEYS */;
UNLOCK TABLES;

--
-- Table structure for table `result_round_7`
--

DROP TABLE IF EXISTS `result_round_7`;
CREATE TABLE `result_round_7` (
  `debate_id` mediumint(9) NOT NULL default '0',
  `first` mediumint(9) NOT NULL default '0',
  `second` mediumint(9) NOT NULL default '0',
  `third` mediumint(9) NOT NULL default '0',
  `fourth` mediumint(9) NOT NULL default '0',
  PRIMARY KEY  (`debate_id`)
) ENGINE=MyISAM DEFAULT CHARSET=latin1;

--
-- Dumping data for table `result_round_7`
--

LOCK TABLES `result_round_7` WRITE;
/*!40000 ALTER TABLE `result_round_7` DISABLE KEYS */;
INSERT INTO `result_round_7` VALUES (70000,251,75,204,375),(70001,243,29,64,209),(70002,262,232,176,308),(70003,351,255,92,211),(70004,230,332,51,166),(70005,352,327,250,121),(70006,113,279,277,305),(70007,276,26,71,153),(70008,371,137,338,378),(70009,217,112,196,354),(70010,247,98,4,45),(70011,270,266,12,393),(70012,291,306,21,235),(70013,168,373,129,191),(70014,261,80,219,41),(70015,369,27,234,245),(70016,136,400,285,194),(70017,326,253,2,76),(70018,109,258,150,186),(70019,185,106,268,396),(70020,170,295,172,162),(70021,190,278,66,395),(70022,38,94,216,337),(70023,78,180,300,398),(70024,67,370,5,65),(70025,384,358,315,361),(70026,345,256,263,356),(70027,312,275,90,214),(70028,339,210,226,238),(70029,236,55,281,353),(70030,23,241,242,340),(70031,329,200,62,303),(70032,201,184,237,294),(70033,50,307,244,3),(70034,383,298,104,59),(70035,143,218,173,35),(70036,8,58,220,148),(70037,43,152,297,392),(70038,69,246,382,355),(70039,272,273,36,33),(70040,202,60,70,385),(70041,118,271,157,195),(70042,286,374,154,309),(70043,320,362,390,19),(70044,206,134,155,357),(70045,224,39,388,328),(70046,42,347,84,74),(70047,302,377,28,111),(70048,366,142,175,122),(70049,77,197,10,1),(70050,203,391,110,115),(70051,127,257,128,287),(70052,292,114,316,304),(70053,81,14,22,54),(70054,82,105,198,52),(70055,126,319,149,101),(70056,334,192,333,25),(70057,156,89,151,179),(70058,147,325,397,221),(70059,56,364,86,296),(70060,324,330,31,314),(70061,222,212,310,254),(70062,53,229,72,158),(70063,68,93,259,341),(70064,240,283,188,125),(70065,61,79,376,318),(70066,99,47,96,269),(70067,102,97,343,225),(70068,57,386,9,91),(70069,178,301,367,199),(70070,293,282,145,342),(70071,359,44,144,159),(70072,360,130,13,288),(70073,160,394,24,88),(70074,248,348,349,133),(70075,389,207,95,107),(70076,187,163,123,239),(70077,141,260,165,34),(70078,215,233,372,205),(70079,350,32,344,313),(70080,169,265,49,365),(70081,174,161,132,140),(70082,189,15,264,63),(70083,131,231,363,87),(70084,183,381,167,73),(70085,16,267,322,399),(70086,40,208,135,387),(70087,83,171,17,146),(70088,117,177,30,249),(70089,280,6,289,182),(70090,336,228,335,164),(70091,368,124,299,20),(70092,46,100,48,7),(70093,120,181,11,139),(70094,311,323,331,346),(70095,18,252,193,213),(70096,223,119,116,317),(70097,108,138,290,85),(70098,379,321,37,284),(70099,227,103,274,380);
/*!40000 ALTER TABLE `result_round_7` ENABLE KEYS */;
UNLOCK TABLES;

--
-- Table structure for table `result_round_8`
--

DROP TABLE IF EXISTS `result_round_8`;
CREATE TABLE `result_round_8` (
  `debate_id` mediumint(9) NOT NULL default '0',
  `first` mediumint(9) NOT NULL default '0',
  `second` mediumint(9) NOT NULL default '0',
  `third` mediumint(9) NOT NULL default '0',
  `fourth` mediumint(9) NOT NULL default '0',
  PRIMARY KEY  (`debate_id`)
) ENGINE=MyISAM DEFAULT CHARSET=latin1;

--
-- Dumping data for table `result_round_8`
--

LOCK TABLES `result_round_8` WRITE;
/*!40000 ALTER TABLE `result_round_8` DISABLE KEYS */;
INSERT INTO `result_round_8` VALUES (80000,251,243,75,230),(80001,262,29,351,204),(80002,332,276,113,255),(80003,64,375,217,232),(80004,371,26,352,326),(80005,270,168,209,92),(80006,112,369,176,327),(80007,261,137,136,279),(80008,247,78,291,51),(80009,266,71,384,170),(80010,338,373,370,339),(80011,80,166,345,38),(80012,306,211,98,400),(80013,27,250,196,308),(80014,190,109,185,277),(80015,67,253,234,312),(80016,143,150,320,153),(80017,329,256,272,236),(80018,383,219,258,8),(80019,278,43,21,210),(80020,354,295,50,106),(80021,180,201,378,94),(80022,129,121,4,286),(80023,126,275,358,42),(80024,305,2,23,12),(80025,69,285,202,118),(80026,302,218,77,315),(80027,58,393,235,66),(80028,307,271,200,186),(80029,298,206,82,268),(80030,81,203,41,45),(80031,216,152,60,224),(80032,246,374,172,263),(80033,194,334,226,245),(80034,300,102,127,191),(80035,76,281,90,156),(80036,55,292,273,5),(80037,184,134,366,241),(80038,178,240,237,147),(80039,238,362,347,154),(80040,162,396,293,39),(80041,242,385,192,61),(80042,14,398,65,214),(80043,197,377,353,57),(80044,356,114,36,28),(80045,70,361,173,104),(80046,222,53,105,319),(80047,68,257,388,382),(80048,56,395,142,157),(80049,324,391,337,220),(80050,244,99,297,62),(80051,294,3,169,386),(80052,141,175,350,10),(80053,195,93,359,84),(80054,155,229,97,283),(80055,128,33,364,22),(80056,212,79,215,389),(80057,325,355,303,47),(80058,333,89,309,301),(80059,340,160,248,198),(80060,187,148,316,59),(80061,35,390,360,110),(80062,392,174,330,149),(80063,343,348,54,183),(80064,96,1,19,367),(80065,122,151,163,207),(80066,188,52,282,83),(80067,233,25,117,265),(80068,259,40,328,31),(80069,280,111,74,86),(80070,304,44,287,260),(80071,394,72,32,131),(80072,357,310,115,376),(80073,101,16,189,130),(80074,397,13,342,132),(80075,95,231,161,208),(80076,221,311,123,341),(80077,344,120,145,9),(80078,179,144,225,296),(80079,171,24,254,336),(80080,165,46,125,349),(80081,269,368,372,15),(80082,177,158,6,49),(80083,91,318,267,314),(80084,107,199,124,381),(80085,322,205,365,167),(80086,159,288,100,18),(80087,34,289,313,363),(80088,88,239,133,228),(80089,182,223,181,323),(80090,135,264,17,30),(80091,299,140,346,48),(80092,11,119,108,387),(80093,227,138,331,379),(80094,252,73,335,399),(80095,63,87,249,146),(80096,103,164,20,290),(80097,116,7,193,139),(80098,213,85,317,321),(80099,274,37,284,380);
/*!40000 ALTER TABLE `result_round_8` ENABLE KEYS */;
UNLOCK TABLES;

--
-- Table structure for table `result_round_9`
--

DROP TABLE IF EXISTS `result_round_9`;
CREATE TABLE `result_round_9` (
  `debate_id` mediumint(9) NOT NULL default '0',
  `first` mediumint(9) NOT NULL default '0',
  `second` mediumint(9) NOT NULL default '0',
  `third` mediumint(9) NOT NULL default '0',
  `fourth` mediumint(9) NOT NULL default '0',
  PRIMARY KEY  (`debate_id`)
) ENGINE=MyISAM DEFAULT CHARSET=latin1;

--
-- Dumping data for table `result_round_9`
--

LOCK TABLES `result_round_9` WRITE;
/*!40000 ALTER TABLE `result_round_9` DISABLE KEYS */;
INSERT INTO `result_round_9` VALUES (90000,243,251,262,64),(90001,29,112,371,332),(90002,351,261,270,75),(90003,276,204,375,247),(90004,230,168,137,369),(90005,67,113,266,352),(90006,338,190,80,26),(90007,306,217,27,209),(90008,129,255,383,211),(90009,176,329,373,305),(90010,278,166,291,136),(90011,71,143,69,232),(90012,354,250,253,109),(90013,180,2,51,78),(90014,92,98,256,246),(90015,43,150,58,307),(90016,285,298,326,184),(90017,327,345,194,216),(90018,219,295,384,76),(90019,275,300,201,196),(90020,185,302,81,279),(90021,126,70,121,55),(90022,178,244,68,56),(90023,206,339,50,378),(90024,38,258,272,23),(90025,374,222,218,324),(90026,242,358,238,14),(90027,308,170,271,202),(90028,281,197,320,370),(90029,277,393,203,312),(90030,234,400,162,4),(90031,356,152,292,334),(90032,21,82,128,240),(90033,77,35,236,294),(90034,172,8,106,102),(90035,286,99,325,392),(90036,12,257,210,155),(90037,396,226,41,333),(90038,366,395,90,362),(90039,118,187,153,273),(90040,235,212,134,127),(90041,377,340,398,53),(90042,200,141,361,391),(90043,114,60,195,94),(90044,160,5,192,357),(90045,173,3,397,79),(90046,174,337,394,385),(90047,268,93,347,229),(90048,304,233,42,191),(90049,241,45,175,224),(90050,245,142,343,148),(90051,353,33,259,96),(90052,237,122,66,390),(90053,355,156,263,101),(90054,105,293,297,280),(90055,315,186,36,188),(90056,95,65,111,89),(90057,330,215,151,165),(90058,364,310,1,44),(90059,360,316,157,214),(90060,16,220,382,104),(90061,40,350,303,171),(90062,52,359,248,348),(90063,344,309,39,62),(90064,72,91,221,269),(90065,57,388,154,61),(90066,319,25,147,179),(90067,97,177,386,169),(90068,34,13,59,189),(90069,322,158,144,282),(90070,19,46,88,10),(90071,301,117,389,120),(90072,231,107,311,318),(90073,199,110,54,159),(90074,198,115,28,328),(90075,47,368,283,149),(90076,163,287,24,135),(90077,74,84,22,32),(90078,267,11,223,299),(90079,125,161,376,260),(90080,183,239,130,372),(90081,6,264,289,63),(90082,182,31,252,205),(90083,207,288,225,367),(90084,265,342,254,145),(90085,86,131,227,123),(90086,83,140,314,87),(90087,132,181,9,116),(90088,138,336,100,313),(90089,49,365,296,381),(90090,133,124,119,15),(90091,73,208,103,341),(90092,30,18,349,167),(90093,274,17,146,363),(90094,213,323,164,108),(90095,249,7,335,228),(90096,387,20,85,139),(90097,379,48,346,331),(90098,193,399,37,317),(90099,284,290,321,380);
/*!40000 ALTER TABLE `result_round_9` ENABLE KEYS */;
UNLOCK TABLES;

--
-- Table structure for table `speaker`
--

DROP TABLE IF EXISTS `speaker`;
CREATE TABLE `speaker` (
  `speaker_id` mediumint(9) NOT NULL auto_increment,
  `team_id` mediumint(9) NOT NULL default '0',
  `speaker_name` varchar(100) NOT NULL default '',
  PRIMARY KEY  (`speaker_id`),
  UNIQUE KEY `team_id` (`team_id`,`speaker_name`)
) ENGINE=MyISAM AUTO_INCREMENT=801 DEFAULT CHARSET=latin1;

--
-- Dumping data for table `speaker`
--

LOCK TABLES `speaker` WRITE;
/*!40000 ALTER TABLE `speaker` DISABLE KEYS */;
INSERT INTO `speaker` VALUES (1,1,'Derrell'),(2,1,'Amalie'),(3,2,'Bellona'),(4,2,'Chet'),(5,3,'Arden'),(6,3,'Annika'),(7,4,'Aine'),(8,4,'Chiamaka'),(9,5,'Algerine'),(10,5,'Durwin'),(11,6,'Dahana'),(12,6,'Coman'),(13,7,'Bohdana'),(14,7,'David'),(15,8,'Conner'),(16,8,'Dharuna'),(17,9,'Angela'),(18,9,'Achen'),(19,10,'Allora'),(20,10,'Bliss'),(21,11,'Desiderio'),(22,11,'Carver'),(23,12,'Devesh'),(24,12,'Ashrita'),(25,13,'Demas'),(26,13,'Birdie'),(27,14,'Bathsheba'),(28,14,'Cheyney'),(29,15,'Aida'),(30,15,'Deiphobus'),(31,16,'Aiko'),(32,16,'Acantha'),(33,17,'Dumaine'),(34,17,'Akala'),(35,18,'Corey'),(36,18,'Bara'),(37,19,'Addie'),(38,19,'Abina'),(39,20,'Atalanta'),(40,20,'Channing'),(41,21,'Ahuva'),(42,21,'Amberley'),(43,22,'Darrel'),(44,22,'Anezka'),(45,23,'Amazonia'),(46,23,'Arashel'),(47,24,'Christy'),(48,24,'Berit'),(49,25,'Dagan'),(50,25,'Adriano'),(51,26,'Apara'),(52,26,'Chander'),(53,27,'Aideen'),(54,27,'Calixto'),(55,28,'Bertha'),(56,28,'Adima'),(57,29,'Cadby'),(58,29,'Alcina'),(59,30,'Curry'),(60,30,'Agnes'),(61,31,'Aroha'),(62,31,'Casey'),(63,32,'Adelicia'),(64,32,'Addy'),(65,33,'Bunny'),(66,33,'Constantine'),(67,34,'Barakah'),(68,34,'Duncan'),(69,35,'Csepel'),(70,35,'Duman'),(71,36,'Anusree'),(72,36,'Clayton'),(73,37,'Carter'),(74,37,'Arlynda'),(75,38,'Akina'),(76,38,'Anthea'),(77,39,'Baako'),(78,39,'Alissa'),(79,40,'Dempsey'),(80,40,'Alida'),(81,41,'Akili'),(82,41,'Astra'),(83,42,'Derward'),(84,42,'Benedicta'),(85,43,'Andie'),(86,43,'Aislinn'),(87,44,'Atlanta'),(88,44,'Dragan'),(89,45,'Arushi'),(90,45,'Bluma'),(91,46,'Betsy'),(92,46,'Adrienne'),(93,47,'Autumn'),(94,47,'Carlton'),(95,48,'Arielle'),(96,48,'Amdis'),(97,49,'Adiva'),(98,49,'Adana'),(99,50,'Declan'),(100,50,'Conroy'),(101,51,'Allunga'),(102,51,'Berta'),(103,52,'Ahnada'),(104,52,'Ayesha'),(105,53,'Adela'),(106,53,'Dail'),(107,54,'Adina'),(108,54,'Anais'),(109,55,'Cuba'),(110,55,'Duff'),(111,56,'Dedrick'),(112,56,'Case'),(113,57,'Chico'),(114,57,'Bellanca'),(115,58,'Bronnen'),(116,58,'Chaim'),(117,59,'Chike'),(118,59,'Chilton'),(119,60,'Chandra'),(120,60,'Dolph'),(121,61,'Brunhilde'),(122,61,'Candidius'),(123,62,'Charleton'),(124,62,'Bonny'),(125,63,'Achilla'),(126,63,'Almeda'),(127,64,'Ariella'),(128,64,'Christopher'),(129,65,'Demos'),(130,65,'Cynfor'),(131,66,'Agape'),(132,66,'Anemone'),(133,67,'Ava'),(134,67,'Derry'),(135,68,'Dharmesh'),(136,68,'Angharad'),(137,69,'Acanit'),(138,69,'Affrica'),(139,70,'Aide'),(140,70,'Aruna'),(141,71,'Beatrice'),(142,71,'Doyle'),(143,72,'Charan'),(144,72,'Bansari'),(145,73,'Akila'),(146,73,'Ai'),(147,74,'Andreana'),(148,74,'Dunn'),(149,75,'Beda'),(150,75,'Doron'),(151,76,'Anika'),(152,76,'Alpha'),(153,77,'Avery'),(154,77,'Ayushi'),(155,78,'Dyre'),(156,78,'Brittania'),(157,79,'Alessandra'),(158,79,'Artemisia'),(159,80,'Asisa'),(160,80,'Daruka'),(161,81,'Adolfina'),(162,81,'Alazne'),(163,82,'Amata'),(164,82,'Caradoc'),(165,83,'Aiesha'),(166,83,'Annabel'),(167,84,'Curran'),(168,84,'Creighton'),(169,85,'Antonia'),(170,85,'Djavan'),(171,86,'Chane'),(172,86,'Azland'),(173,87,'Abrienda'),(174,87,'Azra'),(175,88,'Abir'),(176,88,'Bridgit'),(177,89,'Antonie'),(178,89,'Armelle'),(179,90,'Coltin'),(180,90,'Aysegel'),(181,91,'Desiderius'),(182,91,'Ciro'),(183,92,'Ayse'),(184,92,'Belita'),(185,93,'Compton'),(186,93,'Davie'),(187,94,'Ali'),(188,94,'Aphrodite'),(189,95,'Babette'),(190,95,'Daren'),(191,96,'Aileen'),(192,96,'Andea'),(193,97,'Armynel'),(194,97,'Dara'),(195,98,'Asenka'),(196,98,'Carmelo'),(197,99,'Calvin'),(198,99,'Adara'),(199,100,'Cadeo'),(200,100,'Carrington'),(201,101,'Demitrius'),(202,101,'Aldora'),(203,102,'Dilip'),(204,102,'Anaya'),(205,103,'Douglas'),(206,103,'Dartagnan'),(207,104,'Daly'),(208,104,'Bobby'),(209,105,'Clint'),(210,105,'Dheran'),(211,106,'Donovan'),(212,106,'Davey'),(213,107,'Devitri'),(214,107,'Andromeda'),(215,108,'Carson'),(216,108,'Cranley'),(217,109,'Achit'),(218,109,'Amadora'),(219,110,'Carleton'),(220,110,'Belicia'),(221,111,'Anka'),(222,111,'Caedmon'),(223,112,'Derwent'),(224,112,'Darel'),(225,113,'Akanke'),(226,113,'Diamond'),(227,114,'Carden'),(228,114,'Alda'),(229,115,'Damien'),(230,115,'Brandi'),(231,116,'Clayland'),(232,116,'Dwayne'),(233,117,'Colby'),(234,117,'Alice'),(235,118,'Amara'),(236,118,'Chen'),(237,119,'Bo'),(238,119,'Bona'),(239,120,'Acedia'),(240,120,'Afric'),(241,121,'Dickie'),(242,121,'Apollonia'),(243,122,'Birgitta'),(244,122,'Agate'),(245,123,'Dimitri'),(246,123,'Cleveland'),(247,124,'Alexa'),(248,124,'Challis'),(249,125,'Crandon'),(250,125,'Dallas'),(251,126,'Bree'),(252,126,'Dinsdale'),(253,127,'Abra'),(254,127,'Amissa'),(255,128,'Aline'),(256,128,'Aretina'),(257,129,'Blodwen'),(258,129,'Akako'),(259,130,'Binty'),(260,130,'Crawford'),(261,131,'Alzena'),(262,131,'Cedric'),(263,132,'Devante'),(264,132,'Ambika'),(265,133,'Ardath'),(266,133,'Calder'),(267,134,'Dalton'),(268,134,'Ann'),(269,135,'Davy'),(270,135,'Blake'),(271,136,'Bryanne'),(272,136,'Denis'),(273,137,'Clark'),(274,137,'Conall'),(275,138,'Chuck'),(276,138,'Ayame'),(277,139,'Avalon'),(278,139,'Courtney'),(279,140,'Aniela'),(280,140,'Aegea'),(281,141,'Betrys'),(282,141,'Denley'),(283,142,'Duglas'),(284,142,'Bette'),(285,143,'Alonza'),(286,143,'Aure'),(287,144,'Cato'),(288,144,'Christie'),(289,145,'Clachas'),(290,145,'Ausiana'),(291,146,'Duarte'),(292,146,'Antje'),(293,147,'Adele'),(294,147,'Chiranjeev'),(295,148,'Chaman'),(296,148,'Alena'),(297,149,'Brigit'),(298,149,'Aneya'),(299,150,'Almedha'),(300,150,'Bryony'),(301,151,'Afra'),(302,151,'Alouetta'),(303,152,'Alexandra'),(304,152,'Caine'),(305,153,'Avanti'),(306,153,'Csombor'),(307,154,'Cadogan'),(308,154,'Dinkar'),(309,155,'Bakana'),(310,155,'Becky'),(311,156,'Aidan'),(312,156,'Adorabelle'),(313,157,'Bernice'),(314,157,'Chadwick'),(315,158,'Annata'),(316,158,'Afina'),(317,159,'Darshan'),(318,159,'Craig'),(319,160,'Begonia'),(320,160,'Diederik'),(321,161,'Anani'),(322,161,'Anona'),(323,162,'Dugald'),(324,162,'Dodd'),(325,163,'Beau'),(326,163,'Atin'),(327,164,'Boa'),(328,164,'Cranmer'),(329,165,'Cathan'),(330,165,'Denzil'),(331,166,'Astrid'),(332,166,'Aeryn'),(333,167,'Calisto'),(334,167,'Andromache'),(335,168,'Bly'),(336,168,'Adamina'),(337,169,'Dobry'),(338,169,'Annapurna'),(339,170,'Acadia'),(340,170,'Caldwell'),(341,171,'Amira'),(342,171,'Chancey'),(343,172,'Dagobert'),(344,172,'Adama'),(345,173,'Crewe'),(346,173,'Castel'),(347,174,'April'),(348,174,'Allyson'),(349,175,'Berwyn'),(350,175,'Christmas'),(351,176,'Aditi'),(352,176,'Carlos'),(353,177,'Alima'),(354,177,'Derek'),(355,178,'Arista'),(356,178,'Aqua'),(357,179,'Avice'),(358,179,'Amina'),(359,180,'Alisa'),(360,180,'Anca'),(361,181,'Blossom'),(362,181,'Andrea'),(363,182,'Cubert'),(364,182,'Arva'),(365,183,'Blanda'),(366,183,'Darnell'),(367,184,'Arabelle'),(368,184,'Caphis'),(369,185,'Bronya'),(370,185,'Clem'),(371,186,'Amena'),(372,186,'Duranjaya'),(373,187,'Darin'),(374,187,'Beryan'),(375,188,'Dominic'),(376,188,'Aingeal'),(377,189,'Cable'),(378,189,'Daley'),(379,190,'Brit'),(380,190,'Bryna'),(381,191,'Buena'),(382,191,'Christos'),(383,192,'Barika'),(384,192,'Dante'),(385,193,'Abijah'),(386,193,'Angevin'),(387,194,'Clemens'),(388,194,'Anninka'),(389,195,'Adelaide'),(390,195,'Avoca'),(391,196,'Basia'),(392,196,'Cathmor'),(393,197,'Burdette'),(394,197,'Adelle'),(395,198,'Dudley'),(396,198,'Ankita'),(397,199,'Cynric'),(398,199,'Anatola'),(399,200,'Cullen'),(400,200,'Campbell'),(401,201,'Aintzane'),(402,201,'Chuckie'),(403,202,'Aminta'),(404,202,'Abigail'),(405,203,'Chal'),(406,203,'Aleksia'),(407,204,'Agatha'),(408,204,'Araceli'),(409,205,'Charles'),(410,205,'Dustin'),(411,206,'Dunbar'),(412,206,'Briony'),(413,207,'Dyfan'),(414,207,'Dunham'),(415,208,'Brunella'),(416,208,'Audlin'),(417,209,'Athalia'),(418,209,'Dunmore'),(419,210,'Cadell'),(420,210,'Dino'),(421,211,'Churchill'),(422,211,'Derex'),(423,212,'Clive'),(424,212,'Behira'),(425,213,'Brietta'),(426,213,'Adonia'),(427,214,'Alameda'),(428,214,'Benta'),(429,215,'Ciprien'),(430,215,'Anan'),(431,216,'Artemis'),(432,216,'Bernadette'),(433,217,'Borgny'),(434,217,'Accalia'),(435,218,'Chandler'),(436,218,'Corin'),(437,219,'Chin'),(438,219,'Cahil'),(439,220,'Athena'),(440,220,'Durant'),(441,221,'Abbey'),(442,221,'Bhavya'),(443,222,'Alysa'),(444,222,'Carlyon'),(445,223,'Ashima'),(446,223,'Alike'),(447,224,'Carwyn'),(448,224,'Ancelin'),(449,225,'Denzel'),(450,225,'Durham'),(451,226,'Claude'),(452,226,'Colin'),(453,227,'Azalea'),(454,227,'Darby'),(455,228,'Alani'),(456,228,'Amandine'),(457,229,'Akana'),(458,229,'Aggie'),(459,230,'Aasia'),(460,230,'Derwin'),(461,231,'Dolan'),(462,231,'Andraya'),(463,232,'Bedelia'),(464,232,'Chancellor'),(465,233,'Calvert'),(466,233,'Billie'),(467,234,'Alvita'),(468,234,'Britt'),(469,235,'Derwood'),(470,235,'Ardine'),(471,236,'Dory'),(472,236,'Corwin'),(473,237,'Ajay'),(474,237,'Court'),(475,238,'Druce'),(476,238,'Arnurna'),(477,239,'Casimir'),(478,239,'Addi'),(479,240,'Diarmad'),(480,240,'Amethyst'),(481,241,'Cecil'),(482,241,'Crispin'),(483,242,'Aurora'),(484,242,'Apirka'),(485,243,'Demetrius'),(486,243,'Dromio'),(487,244,'Aspasia'),(488,244,'Darryl'),(489,245,'Aleta'),(490,245,'Ardelia'),(491,246,'Achlys'),(492,246,'Ancilla'),(493,247,'Beata'),(494,247,'Amarante'),(495,248,'Deniz'),(496,248,'Branwen'),(497,249,'Cassio'),(498,249,'Akriti'),(499,250,'Caerwyn'),(500,250,'Connor'),(501,251,'Antigone'),(502,251,'Adalgisa'),(503,252,'Adalia'),(504,252,'Aneira'),(505,253,'Araxie'),(506,253,'Douglass'),(507,254,'Amelia'),(508,254,'Carroll'),(509,255,'Belvia'),(510,255,'Damon'),(511,256,'Cosmo'),(512,256,'Amani'),(513,257,'Argenta'),(514,257,'Carlisle'),(515,258,'Cerimon'),(516,258,'Ardis'),(517,259,'Aldonza'),(518,259,'Allirea'),(519,260,'Durmada'),(520,260,'Amberjill'),(521,261,'Adelinda'),(522,261,'Alula'),(523,262,'Dalziel'),(524,262,'Bryn'),(525,263,'Axelia'),(526,263,'Dempster'),(527,264,'Casper'),(528,264,'Benita'),(529,265,'Columba'),(530,265,'Brygid'),(531,266,'Adolpha'),(532,266,'Cengis'),(533,267,'Csongor'),(534,267,'Briar'),(535,268,'Bageshwari'),(536,268,'Akuti'),(537,269,'Amelinda'),(538,269,'Bibi'),(539,270,'Delsin'),(540,270,'Divyesh'),(541,271,'Betsey'),(542,271,'Coty'),(543,272,'Canute'),(544,272,'Dinesh'),(545,273,'Avera'),(546,273,'Dakshesh'),(547,274,'Birgitte'),(548,274,'Bryher'),(549,275,'Arora'),(550,275,'Azalia'),(551,276,'Africa'),(552,276,'Denby'),(553,277,'Audora'),(554,277,'Connley'),(555,278,'Brilynn'),(556,278,'Alejandra'),(557,279,'Carne'),(558,279,'Ariene'),(559,280,'Dag'),(560,280,'Cordell'),(561,281,'Awsta'),(562,281,'Alumit'),(563,282,'Dick'),(564,282,'An'),(565,283,'Ashleigh'),(566,283,'Adesina'),(567,284,'Alessa'),(568,284,'Aparajita'),(569,285,'Bian'),(570,285,'Cane'),(571,286,'Asenette'),(572,286,'Danby'),(573,287,'Ayiana'),(574,287,'Dexter'),(575,288,'Aundy'),(576,288,'Daryl'),(577,289,'Dutch'),(578,289,'Alfreda'),(579,290,'Beckie'),(580,290,'Clitus'),(581,291,'Conn'),(582,291,'Cseke'),(583,292,'Cormac'),(584,292,'Ardere'),(585,293,'Dev'),(586,293,'Aubine'),(587,294,'Dean'),(588,294,'Allison'),(589,295,'Camden'),(590,295,'Dakota'),(591,296,'Bethshaya'),(592,296,'Delano'),(593,297,'Beta'),(594,297,'Aldara'),(595,298,'Ayita'),(596,298,'Andras'),(597,299,'Carl'),(598,299,'Blair'),(599,300,'Amarina'),(600,300,'Dirke'),(601,301,'Derwyn'),(602,301,'Dietrich'),(603,302,'Asmita'),(604,302,'Anisa'),(605,303,'Aisling'),(606,303,'Benquasha'),(607,304,'Alba'),(608,304,'Alodia'),(609,305,'Aolani'),(610,305,'Devrity'),(611,306,'Cory'),(612,306,'Blaine'),(613,307,'Anja'),(614,307,'Aleshanee'),(615,308,'Avis'),(616,308,'Aura'),(617,309,'Des'),(618,309,'Amadea'),(619,310,'Asella'),(620,310,'Bela'),(621,311,'Dhaval'),(622,311,'Bega'),(623,312,'Csenger'),(624,312,'Bronte'),(625,313,'Belva'),(626,313,'Ambrosine'),(627,314,'Akaisha'),(628,314,'Curan'),(629,315,'Dewey'),(630,315,'Amaris'),(631,316,'Antionette'),(632,316,'Blanche'),(633,317,'Bo-Bae'),(634,317,'Aksana'),(635,318,'Doran'),(636,318,'Alma'),(637,319,'Cajan'),(638,319,'Chung'),(639,320,'Bala'),(640,320,'Andria'),(641,321,'Allegra'),(642,321,'Dov'),(643,322,'Astera'),(644,322,'Derain'),(645,323,'Dow'),(646,323,'Bruna'),(647,324,'Astrea'),(648,324,'Don'),(649,325,'Dougal'),(650,325,'Carvell'),(651,326,'Abelia'),(652,326,'Dalbert'),(653,327,'Alexavia'),(654,327,'Dallin'),(655,328,'Anya'),(656,328,'Drystan'),(657,329,'Audun'),(658,329,'Cody'),(659,330,'Bernina'),(660,330,'Dharma'),(661,331,'Buffy'),(662,331,'Dionysus'),(663,332,'Cort'),(664,332,'Ariadne'),(665,333,'Anabelle'),(666,333,'Dolabella'),(667,334,'Alona'),(668,334,'Alex'),(669,335,'Deo'),(670,335,'Belda'),(671,336,'Belle'),(672,336,'Aila'),(673,337,'Beryl'),(674,337,'Colon'),(675,338,'Caithness'),(676,338,'Clancy'),(677,339,'Beverly'),(678,339,'Atifa'),(679,340,'Anke'),(680,340,'Brooke'),(681,341,'Cristiano'),(682,341,'Arran'),(683,342,'Dominick'),(684,342,'Angeni'),(685,343,'Briallen'),(686,343,'Dennison'),(687,344,'Damek'),(688,344,'Alexina	Alexis'),(689,345,'Albinka'),(690,345,'Bess'),(691,346,'Arlette'),(692,346,'Akilina'),(693,347,'Cavan'),(694,347,'Carrick'),(695,348,'Belladonna'),(696,348,'Avara'),(697,349,'Cal'),(698,349,'Alia'),(699,350,'Cooper'),(700,350,'Dickinson'),(701,351,'Adriana'),(702,351,'Axelle'),(703,352,'Curnow'),(704,352,'Averil'),(705,353,'Brigitte'),(706,353,'Capucius'),(707,354,'Blinda'),(708,354,'Altair'),(709,355,'Donalbain'),(710,355,'Ayala'),(711,356,'Collin'),(712,356,'Dural'),(713,357,'Amanda'),(714,357,'Dogberry'),(715,358,'Cayden'),(716,358,'Dickson'),(717,359,'Areta'),(718,359,'Abby'),(719,360,'Alonsa'),(720,360,'Cicero'),(721,361,'Amandla'),(722,361,'Clarence'),(723,362,'Berry'),(724,362,'Azarni'),(725,363,'Chris'),(726,363,'Aiyana'),(727,364,'Cupid'),(728,364,'Ameerah'),(729,365,'Anoush'),(730,365,'Cyrano'),(731,366,'Bethia'),(732,366,'Ailsa'),(733,367,'Derrick'),(734,367,'Chale'),(735,368,'Amandeep'),(736,368,'Devlin'),(737,369,'Donatien'),(738,369,'Devereux'),(739,370,'Cian'),(740,370,'Beulah'),(741,371,'Clement'),(742,371,'Digby'),(743,372,'Ames'),(744,372,'Arezou'),(745,373,'Boronia'),(746,373,'Derron'),(747,374,'Caton'),(748,374,'Dione'),(749,375,'Amy'),(750,375,'Deli'),(751,376,'Brianne'),(752,376,'Alvira'),(753,377,'Atmaja'),(754,377,'Dooley'),(755,378,'Alize'),(756,378,'Denver'),(757,379,'Deacon'),(758,379,'Curtis'),(759,380,'Dell'),(760,380,'Cliff'),(761,381,'Abiona'),(762,381,'Chrirag'),(763,382,'Amabel'),(764,382,'Anata'),(765,383,'Crosby'),(766,383,'Conor'),(767,384,'Dattatreya'),(768,384,'Ankareeda'),(769,385,'Cristo'),(770,385,'Aquamarine'),(771,386,'Chrysander'),(772,386,'Ayme'),(773,387,'Akshita'),(774,387,'Conlan'),(775,388,'Condon'),(776,388,'Assunta'),(777,389,'Duane'),(778,389,'Chahaya	Chaika'),(779,390,'Deepak'),(780,390,'Aparna'),(781,391,'Alarice'),(782,391,'Aina'),(783,392,'Durriken'),(784,392,'Carsyn'),(785,393,'Alithia'),(786,393,'Cristian'),(787,394,'Clinton'),(788,394,'Arachne'),(789,395,'Aquaria'),(790,395,'Aurkene'),(791,396,'Chetan'),(792,396,'Bayo'),(793,397,'Aissa'),(794,397,'Ctirad'),(795,398,'Dwennon'),(796,398,'Chan'),(797,399,'Annunziata'),(798,399,'Azrael'),(799,400,'Addisyn'),(800,400,'Albina');
/*!40000 ALTER TABLE `speaker` ENABLE KEYS */;
UNLOCK TABLES;

--
-- Table structure for table `speaker_round_1`
--

DROP TABLE IF EXISTS `speaker_round_1`;
CREATE TABLE `speaker_round_1` (
  `speaker_id` mediumint(9) NOT NULL default '0',
  `debate_id` mediumint(9) NOT NULL default '0',
  `points` smallint(9) NOT NULL default '0',
  PRIMARY KEY  (`speaker_id`)
) ENGINE=MyISAM DEFAULT CHARSET=latin1;

--
-- Dumping data for table `speaker_round_1`
--

LOCK TABLES `speaker_round_1` WRITE;
/*!40000 ALTER TABLE `speaker_round_1` DISABLE KEYS */;
INSERT INTO `speaker_round_1` VALUES (69,10000,90),(70,10000,90),(24,10000,74),(23,10000,74),(481,10000,65),(482,10000,65),(698,10000,56),(697,10000,56),(152,10001,90),(151,10001,90),(480,10001,74),(479,10001,74),(503,10001,65),(504,10001,65),(694,10001,56),(693,10001,56),(793,10002,90),(794,10002,90),(381,10002,74),(382,10002,74),(147,10002,65),(148,10002,65),(285,10002,56),(286,10002,56),(755,10003,90),(756,10003,90),(599,10003,74),(600,10003,74),(56,10003,65),(55,10003,65),(578,10003,56),(577,10003,56),(749,10004,90),(750,10004,90),(773,10004,74),(774,10004,74),(356,10004,65),(355,10004,65),(409,10004,56),(410,10004,56),(309,10005,90),(310,10005,90),(588,10005,74),(587,10005,74),(575,10005,65),(576,10005,65),(655,10005,56),(656,10005,56),(149,10006,90),(150,10006,90),(448,10006,74),(447,10006,74),(84,10006,65),(83,10006,65),(168,10006,56),(167,10006,56),(156,10007,90),(155,10007,90),(640,10007,74),(639,10007,74),(541,10007,65),(542,10007,65),(165,10007,56),(166,10007,56),(741,10008,90),(742,10008,90),(498,10008,74),(497,10008,74),(672,10008,65),(671,10008,65),(41,10008,56),(42,10008,56),(172,10009,90),(171,10009,90),(728,10009,74),(727,10009,74),(208,10009,65),(207,10009,65),(688,10009,56),(687,10009,56),(521,10010,90),(522,10010,90),(329,10010,74),(330,10010,74),(661,10010,65),(662,10010,65),(273,10010,56),(274,10010,56),(101,10011,90),(102,10011,90),(430,10011,74),(429,10011,74),(326,10011,65),(325,10011,65),(796,10011,56),(795,10011,56),(792,10012,90),(791,10012,90),(780,10012,74),(779,10012,74),(78,10012,65),(77,10012,65),(729,10012,56),(730,10012,56),(752,10013,90),(751,10013,90),(400,10013,74),(399,10013,74),(601,10013,65),(602,10013,65),(121,10013,56),(122,10013,56),(344,10014,90),(343,10014,90),(182,10014,74),(181,10014,74),(234,10014,65),(233,10014,65),(230,10014,56),(229,10014,56),(524,10015,90),(523,10015,90),(449,10015,74),(450,10015,74),(785,10015,65),(786,10015,65),(237,10015,56),(238,10015,56),(388,10016,90),(387,10016,90),(431,10016,74),(432,10016,74),(193,10016,65),(194,10016,65),(358,10016,56),(357,10016,56),(93,10017,90),(94,10017,90),(247,10017,74),(248,10017,74),(64,10017,65),(63,10017,65),(29,10017,56),(30,10017,56),(664,10018,90),(663,10018,90),(502,10018,74),(501,10018,74),(321,10018,65),(322,10018,65),(191,10018,56),(192,10018,56),(473,10019,90),(474,10019,90),(338,10019,74),(337,10019,74),(596,10019,65),(595,10019,65),(734,10019,56),(733,10019,56),(653,10020,90),(654,10020,90),(537,10020,74),(538,10020,74),(484,10020,65),(483,10020,65),(685,10020,56),(686,10020,56),(349,10021,90),(350,10021,90),(195,10021,74),(196,10021,74),(772,10021,65),(771,10021,65),(626,10021,56),(625,10021,56),(768,10022,90),(767,10022,90),(581,10022,74),(582,10022,74),(204,10022,65),(203,10022,65),(701,10022,56),(702,10022,56),(459,10023,90),(460,10023,90),(153,10023,74),(154,10023,74),(385,10023,65),(386,10023,65),(579,10023,56),(580,10023,56),(776,10024,90),(775,10024,90),(112,10024,74),(111,10024,74),(114,10024,65),(113,10024,65),(146,10024,56),(145,10024,56),(214,10025,90),(213,10025,90),(704,10025,74),(703,10025,74),(466,10025,65),(465,10025,65),(303,10025,56),(304,10025,56),(348,10026,90),(347,10026,90),(718,10026,74),(717,10026,74),(491,10026,65),(492,10026,65),(239,10026,56),(240,10026,56),(7,10027,90),(8,10027,90),(137,10027,74),(138,10027,74),(268,10027,65),(267,10027,65),(259,10027,56),(260,10027,56),(296,10028,90),(295,10028,90),(394,10028,74),(393,10028,74),(646,10028,65),(645,10028,65),(246,10028,56),(245,10028,56),(412,10029,90),(411,10029,90),(788,10029,74),(787,10029,74),(458,10029,65),(457,10029,65),(221,10029,56),(222,10029,56),(271,10030,90),(272,10030,90),(512,10030,74),(511,10030,74),(18,10030,65),(17,10030,65),(424,10030,56),(423,10030,56),(711,10031,90),(712,10031,90),(346,10031,74),(345,10031,74),(12,10031,65),(11,10031,65),(569,10031,56),(570,10031,56),(713,10032,90),(714,10032,90),(139,10032,74),(140,10032,74),(183,10032,65),(184,10032,65),(534,10032,56),(533,10032,56),(299,10033,90),(300,10033,90),(293,10033,74),(294,10033,74),(38,10033,65),(37,10033,65),(119,10033,56),(120,10033,56),(141,10034,90),(142,10034,90),(517,10034,74),(518,10034,74),(770,10034,65),(769,10034,65),(3,10034,56),(4,10034,56),(6,10035,90),(5,10035,90),(636,10035,74),(635,10035,74),(404,10035,65),(403,10035,65),(264,10035,56),(263,10035,56),(446,10036,90),(445,10036,90),(627,10036,74),(628,10036,74),(281,10036,65),(282,10036,65),(726,10036,56),(725,10036,56),(505,10037,90),(506,10037,90),(426,10037,74),(425,10037,74),(334,10037,65),(333,10037,65),(277,10037,56),(278,10037,56),(678,10038,90),(677,10038,90),(562,10038,74),(561,10038,74),(187,10038,65),(188,10038,65),(699,10038,56),(700,10038,56),(487,10039,90),(488,10039,90),(115,10039,74),(116,10039,74),(80,10039,65),(79,10039,65),(622,10039,56),(621,10039,56),(136,10040,90),(135,10040,90),(591,10040,74),(592,10040,74),(647,10040,65),(648,10040,65),(536,10040,56),(535,10040,56),(782,10041,90),(781,10041,90),(225,10041,74),(226,10041,74),(763,10041,65),(764,10041,65),(169,10041,56),(170,10041,56),(89,10042,90),(90,10042,90),(32,10042,74),(31,10042,74),(435,10042,65),(436,10042,65),(215,10042,56),(216,10042,56),(19,10043,90),(20,10043,90),(51,10043,74),(52,10043,74),(551,10043,65),(552,10043,65),(439,10043,56),(440,10043,56),(9,10044,90),(10,10044,90),(499,10044,74),(500,10044,74),(305,10044,65),(306,10044,65),(416,10044,56),(415,10044,56),(249,10045,90),(250,10045,90),(545,10045,74),(546,10045,74),(206,10045,65),(205,10045,65),(438,10045,56),(437,10045,56),(566,10046,90),(565,10046,90),(292,10046,74),(291,10046,74),(732,10046,65),(731,10046,65),(797,10046,56),(798,10046,56),(696,10047,90),(695,10047,90),(496,10047,74),(495,10047,74),(53,10047,65),(54,10047,65),(22,10047,56),(21,10047,56),(127,10048,90),(128,10048,90),(365,10048,74),(366,10048,74),(231,10048,65),(232,10048,65),(173,10048,56),(174,10048,56),(65,10049,90),(66,10049,90),(391,10049,74),(392,10049,74),(327,10049,65),(328,10049,65),(189,10049,56),(190,10049,56),(336,10050,90),(335,10050,90),(710,10050,74),(709,10050,74),(180,10050,65),(179,10050,65),(362,10050,56),(361,10050,56),(715,10051,90),(716,10051,90),(573,10051,74),(574,10051,74),(507,10051,65),(508,10051,65),(341,10051,56),(342,10051,56),(351,10052,90),(352,10052,90),(609,10052,74),(610,10052,74),(443,10052,65),(444,10052,65),(26,10052,56),(25,10052,56),(133,10053,90),(134,10053,90),(659,10053,74),(660,10053,74),(61,10053,65),(62,10053,65),(462,10053,56),(461,10053,56),(242,10054,90),(241,10054,90),(369,10054,74),(370,10054,74),(618,10054,65),(617,10054,65),(163,10054,56),(164,10054,56),(313,10055,90),(314,10055,90),(44,10055,74),(43,10055,74),(760,10055,65),(759,10055,65),(45,10055,56),(46,10055,56),(675,10056,90),(676,10056,90),(594,10056,74),(593,10056,74),(364,10056,65),(363,10056,65),(753,10056,56),(754,10056,56),(220,10057,90),(219,10057,90),(427,10057,74),(428,10057,74),(406,10057,65),(405,10057,65),(528,10057,56),(527,10057,56),(494,10058,90),(493,10058,90),(270,10058,74),(269,10058,74),(564,10058,65),(563,10058,65),(244,10058,56),(243,10058,56),(144,10059,90),(143,10059,90),(414,10059,74),(413,10059,74),(478,10059,65),(477,10059,65),(560,10059,56),(559,10059,56),(441,10060,90),(442,10060,90),(470,10060,74),(469,10060,74),(758,10060,65),(757,10060,65),(228,10060,56),(227,10060,56),(525,10061,90),(526,10061,90),(105,10061,74),(106,10061,74),(209,10061,65),(210,10061,65),(721,10061,56),(722,10061,56),(778,10062,90),(777,10062,90),(50,10062,74),(49,10062,74),(668,10062,65),(667,10062,65),(280,10062,56),(279,10062,56),(549,10063,90),(550,10063,90),(705,10063,74),(706,10063,74),(398,10063,65),(397,10063,65),(735,10063,56),(736,10063,56),(103,10064,90),(104,10064,90),(13,10064,74),(14,10064,74),(109,10064,65),(110,10064,65),(185,10064,56),(186,10064,56),(463,10065,90),(464,10065,90),(284,10065,74),(283,10065,74),(634,10065,65),(633,10065,65),(489,10065,56),(490,10065,56),(624,10066,90),(623,10066,90),(724,10066,74),(723,10066,74),(673,10066,65),(674,10066,65),(316,10066,56),(315,10066,56),(217,10067,90),(218,10067,90),(157,10067,74),(158,10067,74),(374,10067,65),(373,10067,65),(434,10067,56),(433,10067,56),(117,10068,90),(118,10068,90),(265,10068,74),(266,10068,74),(607,10068,65),(608,10068,65),(604,10068,56),(603,10068,56),(558,10069,90),(557,10069,90),(553,10069,74),(554,10069,74),(212,10069,65),(211,10069,65),(740,10069,56),(739,10069,56),(571,10070,90),(572,10070,90),(650,10070,74),(649,10070,74),(637,10070,65),(638,10070,65),(287,10070,56),(288,10070,56),(202,10071,90),(201,10071,90),(359,10071,74),(360,10071,74),(251,10071,65),(252,10071,65),(708,10071,56),(707,10071,56),(98,10072,90),(97,10072,90),(81,10072,74),(82,10072,74),(301,10072,65),(302,10072,65),(743,10072,56),(744,10072,56),(467,10073,90),(468,10073,90),(161,10073,74),(162,10073,74),(379,10073,65),(380,10073,65),(383,10073,56),(384,10073,56),(619,10074,90),(620,10074,90),(451,10074,74),(452,10074,74),(784,10074,65),(783,10074,65),(643,10074,56),(644,10074,56),(747,10075,90),(748,10075,90),(766,10075,74),(765,10075,74),(60,10075,65),(59,10075,65),(631,10075,56),(632,10075,56),(419,10076,90),(420,10076,90),(476,10076,74),(475,10076,74),(761,10076,65),(762,10076,65),(472,10076,56),(471,10076,56),(401,10077,90),(402,10077,90),(75,10077,74),(76,10077,74),(2,10077,65),(1,10077,65),(34,10077,56),(33,10077,56),(614,10078,90),(613,10078,90),(255,10078,74),(256,10078,74),(657,10078,65),(658,10078,65),(48,10078,56),(47,10078,56),(584,10079,90),(583,10079,90),(589,10079,74),(590,10079,74),(719,10079,65),(720,10079,65),(36,10079,56),(35,10079,56),(100,10080,90),(99,10080,90),(224,10080,74),(223,10080,74),(556,10080,65),(555,10080,65),(396,10080,56),(395,10080,56),(531,10081,90),(532,10081,90),(312,10081,74),(311,10081,74),(367,10081,65),(368,10081,65),(513,10081,56),(514,10081,56),(15,10082,90),(16,10082,90),(651,10082,74),(652,10082,74),(261,10082,65),(262,10082,65),(453,10082,56),(454,10082,56),(738,10083,90),(737,10083,90),(307,10083,74),(308,10083,74),(353,10083,65),(354,10083,65),(339,10083,56),(340,10083,56),(665,10084,90),(666,10084,90),(324,10084,74),(323,10084,74),(799,10084,65),(800,10084,65),(692,10084,56),(691,10084,56),(539,10085,90),(540,10085,90),(74,10085,74),(73,10085,74),(175,10085,65),(176,10085,65),(689,10085,56),(690,10085,56),(586,10086,90),(585,10086,90),(682,10086,74),(681,10086,74),(298,10086,65),(297,10086,65),(641,10086,56),(642,10086,56),(485,10087,90),(486,10087,90),(198,10087,74),(197,10087,74),(319,10087,65),(320,10087,65),(318,10087,56),(317,10087,56),(235,10088,90),(236,10088,90),(107,10088,74),(108,10088,74),(598,10088,65),(597,10088,65),(789,10088,56),(790,10088,56),(71,10089,90),(72,10089,90),(58,10089,74),(57,10089,74),(276,10089,65),(275,10089,65),(96,10089,56),(95,10089,56),(509,10090,90),(510,10090,90),(177,10090,74),(178,10090,74),(258,10090,65),(257,10090,65),(547,10090,56),(548,10090,56),(130,10091,90),(129,10091,90),(87,10091,74),(88,10091,74),(567,10091,65),(568,10091,65),(290,10091,56),(289,10091,56),(679,10092,90),(680,10092,90),(455,10092,74),(456,10092,74),(520,10092,65),(519,10092,65),(670,10092,56),(669,10092,56),(421,10093,90),(422,10093,90),(543,10093,74),(544,10093,74),(377,10093,65),(378,10093,65),(253,10093,56),(254,10093,56),(86,10094,90),(85,10094,90),(530,10094,74),(529,10094,74),(605,10094,65),(606,10094,65),(39,10094,56),(40,10094,56),(612,10095,90),(611,10095,90),(332,10095,74),(331,10095,74),(371,10095,65),(372,10095,65),(27,10095,56),(28,10095,56),(417,10096,90),(418,10096,90),(616,10096,74),(615,10096,74),(92,10096,65),(91,10096,65),(124,10096,56),(123,10096,56),(67,10097,90),(68,10097,90),(407,10097,74),(408,10097,74),(630,10097,65),(629,10097,65),(376,10097,56),(375,10097,56),(389,10098,90),(390,10098,90),(199,10098,74),(200,10098,74),(159,10098,65),(160,10098,65),(516,10098,56),(515,10098,56),(745,10099,90),(746,10099,90),(131,10099,74),(132,10099,74),(684,10099,65),(683,10099,65),(125,10099,56),(126,10099,56);
/*!40000 ALTER TABLE `speaker_round_1` ENABLE KEYS */;
UNLOCK TABLES;

--
-- Table structure for table `speaker_round_2`
--

DROP TABLE IF EXISTS `speaker_round_2`;
CREATE TABLE `speaker_round_2` (
  `speaker_id` mediumint(9) NOT NULL default '0',
  `debate_id` mediumint(9) NOT NULL default '0',
  `points` smallint(9) NOT NULL default '0',
  PRIMARY KEY  (`speaker_id`)
) ENGINE=MyISAM DEFAULT CHARSET=latin1;

--
-- Dumping data for table `speaker_round_2`
--

LOCK TABLES `speaker_round_2` WRITE;
/*!40000 ALTER TABLE `speaker_round_2` DISABLE KEYS */;
INSERT INTO `speaker_round_2` VALUES (755,20000,90),(756,20000,90),(487,20000,74),(488,20000,74),(309,20000,65),(310,20000,65),(7,20000,56),(8,20000,56),(792,20001,90),(791,20001,90),(494,20001,74),(493,20001,74),(220,20001,65),(219,20001,65),(793,20001,56),(794,20001,56),(653,20002,90),(654,20002,90),(473,20002,74),(474,20002,74),(459,20002,65),(460,20002,65),(776,20002,56),(775,20002,56),(749,20003,90),(750,20003,90),(130,20003,74),(129,20003,74),(69,20003,65),(70,20003,65),(144,20003,56),(143,20003,56),(149,20004,90),(150,20004,90),(156,20004,74),(155,20004,74),(782,20004,65),(781,20004,65),(741,20004,56),(742,20004,56),(675,20005,90),(676,20005,90),(351,20005,74),(352,20005,74),(100,20005,65),(99,20005,65),(715,20005,56),(716,20005,56),(441,20006,90),(442,20006,90),(525,20006,74),(526,20006,74),(152,20006,65),(151,20006,65),(172,20006,56),(171,20006,56),(101,20007,90),(102,20007,90),(612,20007,74),(611,20007,74),(539,20007,65),(540,20007,65),(679,20007,56),(680,20007,56),(531,20008,90),(532,20008,90),(768,20008,74),(767,20008,74),(417,20008,65),(418,20008,65),(586,20008,56),(585,20008,56),(485,20009,90),(486,20009,90),(747,20009,74),(748,20009,74),(665,20009,65),(666,20009,65),(86,20009,56),(85,20009,56),(614,20010,90),(613,20010,90),(67,20010,74),(68,20010,74),(401,20010,65),(402,20010,65),(584,20010,56),(583,20010,56),(524,20011,90),(523,20011,90),(419,20011,74),(420,20011,74),(509,20011,65),(510,20011,65),(389,20011,56),(390,20011,56),(71,20012,90),(72,20012,90),(752,20012,74),(751,20012,74),(344,20012,65),(343,20012,65),(235,20012,56),(236,20012,56),(421,20013,90),(422,20013,90),(271,20013,74),(272,20013,74),(745,20013,65),(746,20013,65),(15,20013,56),(16,20013,56),(336,20014,90),(335,20014,90),(738,20014,74),(737,20014,74),(664,20014,65),(663,20014,65),(388,20014,56),(387,20014,56),(93,20015,90),(94,20015,90),(521,20015,74),(522,20015,74),(98,20015,65),(97,20015,65),(65,20015,56),(66,20015,56),(558,20016,90),(557,20016,90),(214,20016,74),(213,20016,74),(117,20016,65),(118,20016,65),(619,20016,56),(620,20016,56),(103,20017,90),(104,20017,90),(566,20017,74),(565,20017,74),(296,20017,65),(295,20017,65),(9,20017,56),(10,20017,56),(463,20018,90),(464,20018,90),(348,20018,74),(347,20018,74),(467,20018,65),(468,20018,65),(249,20018,56),(250,20018,56),(141,20019,90),(142,20019,90),(299,20019,74),(300,20019,74),(446,20019,65),(445,20019,65),(713,20019,56),(714,20019,56),(505,20020,90),(506,20020,90),(217,20020,74),(218,20020,74),(549,20020,65),(550,20020,65),(624,20020,56),(623,20020,56),(6,20021,90),(5,20021,90),(89,20021,74),(90,20021,74),(778,20021,65),(777,20021,65),(711,20021,56),(712,20021,56),(19,20022,90),(20,20022,90),(412,20022,74),(411,20022,74),(571,20022,65),(572,20022,65),(696,20022,56),(695,20022,56),(242,20023,90),(241,20023,90),(133,20023,74),(134,20023,74),(313,20023,65),(314,20023,65),(136,20023,56),(135,20023,56),(127,20024,90),(128,20024,90),(202,20024,74),(201,20024,74),(678,20024,65),(677,20024,65),(349,20024,56),(350,20024,56),(324,20025,90),(323,20025,90),(105,20025,74),(106,20025,74),(426,20025,65),(425,20025,65),(517,20025,56),(518,20025,56),(499,20026,90),(500,20026,90),(312,20026,74),(311,20026,74),(640,20026,65),(639,20026,65),(651,20026,56),(652,20026,56),(599,20027,90),(600,20027,90),(476,20027,74),(475,20027,74),(137,20027,65),(138,20027,65),(773,20027,56),(774,20027,56),(139,20028,90),(140,20028,90),(307,20028,74),(308,20028,74),(682,20028,65),(681,20028,65),(198,20028,56),(197,20028,56),(75,20029,90),(76,20029,90),(51,20029,74),(52,20029,74),(32,20029,65),(31,20029,65),(293,20029,56),(294,20029,56),(225,20030,90),(226,20030,90),(636,20030,74),(635,20030,74),(24,20030,65),(23,20030,65),(562,20030,56),(561,20030,56),(627,20031,90),(628,20031,90),(112,20031,74),(111,20031,74),(74,20031,65),(73,20031,65),(498,20031,56),(497,20031,56),(431,20032,90),(432,20032,90),(115,20032,74),(116,20032,74),(448,20032,65),(447,20032,65),(496,20032,56),(495,20032,56),(581,20033,90),(582,20033,90),(153,20033,74),(154,20033,74),(338,20033,65),(337,20033,65),(591,20033,56),(592,20033,56),(480,20034,90),(479,20034,90),(394,20034,74),(393,20034,74),(381,20034,65),(382,20034,65),(537,20034,56),(538,20034,56),(545,20035,90),(546,20035,90),(195,20035,74),(196,20035,74),(780,20035,65),(779,20035,65),(788,20035,56),(787,20035,56),(502,20036,90),(501,20036,90),(553,20036,74),(554,20036,74),(365,20036,65),(366,20036,65),(329,20036,56),(330,20036,56),(704,20037,90),(703,20037,90),(718,20037,74),(717,20037,74),(247,20037,65),(248,20037,65),(265,20037,56),(266,20037,56),(182,20038,90),(181,20038,90),(292,20038,74),(291,20038,74),(449,20038,65),(450,20038,65),(588,20038,56),(587,20038,56),(512,20039,90),(511,20039,90),(391,20039,74),(392,20039,74),(659,20039,65),(660,20039,65),(728,20039,56),(727,20039,56),(157,20040,90),(158,20040,90),(58,20040,74),(57,20040,74),(573,20040,65),(574,20040,65),(594,20040,56),(593,20040,56),(609,20041,90),(610,20041,90),(470,20041,74),(469,20041,74),(430,20041,65),(429,20041,65),(359,20041,56),(360,20041,56),(400,20042,90),(399,20042,90),(107,20042,74),(108,20042,74),(530,20042,65),(529,20042,65),(199,20042,56),(200,20042,56),(407,20043,90),(408,20043,90),(710,20043,74),(709,20043,74),(427,20043,65),(428,20043,65),(705,20043,56),(706,20043,56),(161,20044,90),(162,20044,90),(131,20044,74),(132,20044,74),(455,20044,65),(456,20044,65),(177,20044,56),(178,20044,56),(369,20045,90),(370,20045,90),(284,20045,74),(283,20045,74),(255,20045,65),(256,20045,65),(724,20045,56),(723,20045,56),(44,20046,90),(43,20046,90),(650,20046,74),(649,20046,74),(589,20046,65),(590,20046,65),(766,20046,56),(765,20046,56),(332,20047,90),(331,20047,90),(87,20047,74),(88,20047,74),(543,20047,65),(544,20047,65),(50,20047,56),(49,20047,56),(81,20048,90),(82,20048,90),(451,20048,74),(452,20048,74),(616,20048,65),(615,20048,65),(13,20048,56),(14,20048,56),(224,20049,90),(223,20049,90),(346,20049,74),(345,20049,74),(414,20049,65),(413,20049,65),(270,20049,56),(269,20049,56),(784,20050,90),(783,20050,90),(334,20050,74),(333,20050,74),(364,20050,65),(363,20050,65),(147,20050,56),(148,20050,56),(379,20051,90),(380,20051,90),(209,20051,74),(210,20051,74),(18,20051,65),(17,20051,65),(356,20051,56),(355,20051,56),(56,20052,90),(55,20052,90),(481,20052,74),(482,20052,74),(503,20052,65),(504,20052,65),(564,20052,56),(563,20052,56),(575,20053,90),(576,20053,90),(406,20053,74),(405,20053,74),(661,20053,65),(662,20053,65),(206,20053,56),(205,20053,56),(187,20054,90),(188,20054,90),(647,20054,74),(648,20054,74),(327,20054,65),(328,20054,65),(760,20054,56),(759,20054,56),(551,20055,90),(552,20055,90),(618,20055,74),(617,20055,74),(231,20055,65),(232,20055,65),(80,20055,56),(79,20055,56),(53,20056,90),(54,20056,90),(435,20056,74),(436,20056,74),(251,20056,65),(252,20056,65),(668,20056,56),(667,20056,56),(208,20057,90),(207,20057,90),(763,20057,74),(764,20057,74),(637,20057,65),(638,20057,65),(61,20057,56),(62,20057,56),(180,20058,90),(179,20058,90),(78,20058,74),(77,20058,74),(732,20058,65),(731,20058,65),(758,20058,56),(757,20058,56),(478,20059,90),(477,20059,90),(443,20059,74),(444,20059,74),(326,20059,65),(325,20059,65),(458,20059,56),(457,20059,56),(305,20060,90),(306,20060,90),(212,20060,74),(211,20060,74),(466,20060,65),(465,20060,65),(507,20060,56),(508,20060,56),(672,20061,90),(671,20061,90),(541,20061,74),(542,20061,74),(484,20061,65),(483,20061,65),(84,20061,56),(83,20061,56),(684,20062,90),(683,20062,90),(261,20062,74),(262,20062,74),(353,20062,65),(354,20062,65),(374,20062,56),(373,20062,56),(799,20063,90),(800,20063,90),(159,20063,74),(160,20063,74),(367,20063,65),(368,20063,65),(605,20063,56),(606,20063,56),(64,20064,90),(63,20064,90),(321,20064,74),(322,20064,74),(770,20064,65),(769,20064,65),(281,20064,56),(282,20064,56),(193,20065,90),(194,20065,90),(298,20065,74),(297,20065,74),(785,20065,65),(786,20065,65),(646,20065,56),(645,20065,56),(38,20066,90),(37,20066,90),(404,20066,74),(403,20066,74),(60,20066,65),(59,20066,65),(761,20066,56),(762,20066,56),(673,20067,90),(674,20067,90),(657,20067,74),(658,20067,74),(556,20067,65),(555,20067,65),(719,20067,56),(720,20067,56),(175,20068,90),(176,20068,90),(183,20068,74),(184,20068,74),(92,20068,65),(91,20068,65),(634,20068,56),(633,20068,56),(2,20069,90),(1,20069,90),(319,20069,74),(320,20069,74),(598,20069,65),(597,20069,65),(12,20069,56),(11,20069,56),(491,20070,90),(492,20070,90),(234,20070,74),(233,20070,74),(385,20070,65),(386,20070,65),(630,20070,56),(629,20070,56),(258,20071,90),(257,20071,90),(371,20071,74),(372,20071,74),(109,20071,65),(110,20071,65),(276,20071,56),(275,20071,56),(596,20072,90),(595,20072,90),(114,20072,74),(113,20072,74),(377,20072,65),(378,20072,65),(567,20072,56),(568,20072,56),(607,20073,90),(608,20073,90),(772,20073,74),(771,20073,74),(301,20073,65),(302,20073,65),(520,20073,56),(519,20073,56),(601,20074,90),(602,20074,90),(268,20074,74),(267,20074,74),(398,20074,65),(397,20074,65),(204,20074,56),(203,20074,56),(316,20075,90),(315,20075,90),(489,20075,74),(490,20075,74),(383,20075,65),(384,20075,65),(735,20075,56),(736,20075,56),(119,20076,90),(120,20076,90),(438,20076,74),(437,20076,74),(797,20076,65),(798,20076,65),(189,20076,56),(190,20076,56),(264,20077,90),(263,20077,90),(534,20077,74),(533,20077,74),(424,20077,65),(423,20077,65),(743,20077,56),(744,20077,56),(3,20078,90),(4,20078,90),(740,20078,74),(739,20078,74),(569,20078,65),(570,20078,65),(259,20078,56),(260,20078,56),(708,20079,90),(707,20079,90),(246,20079,74),(245,20079,74),(221,20079,65),(222,20079,65),(416,20079,56),(415,20079,56),(604,20080,90),(603,20080,90),(185,20080,74),(186,20080,74),(287,20080,65),(288,20080,65),(239,20080,56),(240,20080,56),(277,20081,90),(278,20081,90),(303,20081,74),(304,20081,74),(726,20081,65),(725,20081,65),(173,20081,56),(174,20081,56),(434,20082,90),(433,20082,90),(96,20082,74),(95,20082,74),(688,20082,65),(687,20082,65),(22,20082,56),(21,20082,56),(376,20083,90),(375,20083,90),(121,20083,74),(122,20083,74),(516,20083,65),(515,20083,65),(237,20083,56),(238,20083,56),(318,20084,90),(317,20084,90),(230,20084,74),(229,20084,74),(29,20084,65),(30,20084,65),(146,20084,56),(145,20084,56),(339,20085,90),(340,20085,90),(789,20085,74),(790,20085,74),(579,20085,65),(580,20085,65),(670,20085,56),(669,20085,56),(701,20086,90),(702,20086,90),(698,20086,74),(697,20086,74),(358,20086,65),(357,20086,65),(191,20086,56),(192,20086,56),(48,20087,90),(47,20087,90),(631,20087,74),(632,20087,74),(34,20087,65),(33,20087,65),(513,20087,56),(514,20087,56),(396,20088,90),(395,20088,90),(472,20088,74),(471,20088,74),(692,20088,65),(691,20088,65),(36,20088,56),(35,20088,56),(253,20089,90),(254,20089,90),(124,20089,74),(123,20089,74),(125,20089,65),(126,20089,65),(453,20089,56),(454,20089,56),(27,20090,90),(28,20090,90),(39,20090,74),(40,20090,74),(689,20090,65),(690,20090,65),(641,20090,56),(642,20090,56),(362,20091,90),(361,20091,90),(41,20091,74),(42,20091,74),(734,20091,65),(733,20091,65),(547,20091,56),(548,20091,56),(796,20092,90),(795,20092,90),(753,20092,74),(754,20092,74),(165,20092,65),(166,20092,65),(341,20092,56),(342,20092,56),(536,20093,90),(535,20093,90),(244,20093,74),(243,20093,74),(169,20093,65),(170,20093,65),(462,20093,56),(461,20093,56),(45,20094,90),(46,20094,90),(622,20094,74),(621,20094,74),(699,20094,65),(700,20094,65),(439,20094,56),(440,20094,56),(273,20095,90),(274,20095,90),(228,20095,74),(227,20095,74),(163,20095,65),(164,20095,65),(215,20095,56),(216,20095,56),(729,20096,90),(730,20096,90),(26,20096,74),(25,20096,74),(409,20096,65),(410,20096,65),(643,20096,56),(644,20096,56),(578,20097,90),(577,20097,90),(290,20097,74),(289,20097,74),(685,20097,65),(686,20097,65),(626,20097,56),(625,20097,56),(285,20098,90),(286,20098,90),(655,20098,74),(656,20098,74),(168,20098,65),(167,20098,65),(280,20098,56),(279,20098,56),(694,20099,90),(693,20099,90),(721,20099,74),(722,20099,74),(560,20099,65),(559,20099,65),(528,20099,56),(527,20099,56);
/*!40000 ALTER TABLE `speaker_round_2` ENABLE KEYS */;
UNLOCK TABLES;

--
-- Table structure for table `speaker_round_3`
--

DROP TABLE IF EXISTS `speaker_round_3`;
CREATE TABLE `speaker_round_3` (
  `speaker_id` mediumint(9) NOT NULL default '0',
  `debate_id` mediumint(9) NOT NULL default '0',
  `points` smallint(9) NOT NULL default '0',
  PRIMARY KEY  (`speaker_id`)
) ENGINE=MyISAM DEFAULT CHARSET=latin1;

--
-- Dumping data for table `speaker_round_3`
--

LOCK TABLES `speaker_round_3` WRITE;
/*!40000 ALTER TABLE `speaker_round_3` DISABLE KEYS */;
INSERT INTO `speaker_round_3` VALUES (421,30000,90),(422,30000,90),(101,30000,74),(102,30000,74),(675,30000,65),(676,30000,65),(755,30000,56),(756,30000,56),(149,30001,90),(150,30001,90),(141,30001,74),(142,30001,74),(653,30001,65),(654,30001,65),(93,30001,56),(94,30001,56),(749,30002,90),(750,30002,90),(792,30002,74),(791,30002,74),(531,30002,65),(532,30002,65),(558,30002,56),(557,30002,56),(127,30003,90),(128,30003,90),(505,30003,74),(506,30003,74),(242,30003,65),(241,30003,65),(441,30003,56),(442,30003,56),(463,30004,90),(464,30004,90),(6,30004,74),(5,30004,74),(614,30004,65),(613,30004,65),(103,30004,56),(104,30004,56),(485,30005,90),(486,30005,90),(336,30005,74),(335,30005,74),(524,30005,65),(523,30005,65),(71,30005,56),(72,30005,56),(521,30006,90),(522,30006,90),(182,30006,74),(181,30006,74),(130,30006,65),(129,30006,65),(19,30006,56),(20,30006,56),(369,30007,90),(370,30007,90),(156,30007,74),(155,30007,74),(599,30007,65),(600,30007,65),(225,30007,56),(226,30007,56),(133,30008,90),(134,30008,90),(351,30008,74),(352,30008,74),(324,30008,65),(323,30008,65),(480,30008,56),(479,30008,56),(502,30009,90),(501,30009,90),(609,30009,74),(610,30009,74),(768,30009,65),(767,30009,65),(752,30009,56),(751,30009,56),(494,30010,90),(493,30010,90),(525,30010,74),(526,30010,74),(400,30010,65),(399,30010,65),(202,30010,56),(201,30010,56),(581,30011,90),(582,30011,90),(44,30011,74),(43,30011,74),(161,30011,65),(162,30011,65),(738,30011,56),(737,30011,56),(332,30012,90),(331,30012,90),(217,30012,74),(218,30012,74),(612,30012,65),(611,30012,65),(348,30012,56),(347,30012,56),(499,30013,90),(500,30013,90),(419,30013,74),(420,30013,74),(545,30013,65),(546,30013,65),(81,30013,56),(82,30013,56),(704,30014,90),(703,30014,90),(512,30014,74),(511,30014,74),(412,30014,65),(411,30014,65),(67,30014,56),(68,30014,56),(407,30015,90),(408,30015,90),(271,30015,74),(272,30015,74),(139,30015,65),(140,30015,65),(214,30015,56),(213,30015,56),(299,30016,90),(300,30016,90),(431,30016,74),(432,30016,74),(473,30016,65),(474,30016,65),(747,30016,56),(748,30016,56),(75,30017,90),(76,30017,90),(157,30017,74),(158,30017,74),(89,30017,65),(90,30017,65),(487,30017,56),(488,30017,56),(224,30018,90),(223,30018,90),(131,30018,74),(132,30018,74),(627,30018,65),(628,30018,65),(566,30018,56),(565,30018,56),(745,30019,90),(746,30019,90),(401,30019,74),(402,30019,74),(665,30019,65),(666,30019,65),(684,30019,56),(683,30019,56),(58,30020,90),(57,30020,90),(799,30020,74),(800,30020,74),(476,30020,65),(475,30020,65),(2,30020,56),(1,30020,56),(551,30021,90),(552,30021,90),(451,30021,74),(452,30021,74),(175,30021,65),(176,30021,65),(100,30021,56),(99,30021,56),(678,30022,90),(677,30022,90),(417,30022,74),(418,30022,74),(193,30022,65),(194,30022,65),(53,30022,56),(54,30022,56),(187,30023,90),(188,30023,90),(115,30023,74),(116,30023,74),(539,30023,65),(540,30023,65),(292,30023,56),(291,30023,56),(305,30024,90),(306,30024,90),(309,30024,74),(310,30024,74),(394,30024,65),(393,30024,65),(446,30024,56),(445,30024,56),(38,30025,90),(37,30025,90),(636,30025,74),(635,30025,74),(296,30025,65),(295,30025,65),(346,30025,56),(345,30025,56),(491,30026,90),(492,30026,90),(51,30026,74),(52,30026,74),(344,30026,65),(343,30026,65),(782,30026,56),(781,30026,56),(459,30027,90),(460,30027,90),(664,30027,74),(663,30027,74),(152,30027,65),(151,30027,65),(718,30027,56),(717,30027,56),(195,30028,90),(196,30028,90),(596,30028,74),(595,30028,74),(112,30028,65),(111,30028,65),(601,30028,56),(602,30028,56),(391,30029,90),(392,30029,90),(153,30029,74),(154,30029,74),(208,30029,65),(207,30029,65),(64,30029,56),(63,30029,56),(56,30030,90),(55,30030,90),(650,30030,74),(649,30030,74),(571,30030,65),(572,30030,65),(672,30030,56),(671,30030,56),(258,30031,90),(257,30031,90),(575,30031,74),(576,30031,74),(69,30031,65),(70,30031,65),(87,30031,56),(88,30031,56),(710,30032,90),(709,30032,90),(180,30032,74),(179,30032,74),(105,30032,65),(106,30032,65),(220,30032,56),(219,30032,56),(553,30033,90),(554,30033,90),(467,30033,74),(468,30033,74),(470,30033,65),(469,30033,65),(478,30033,56),(477,30033,56),(284,30034,90),(283,30034,90),(313,30034,74),(314,30034,74),(673,30034,65),(674,30034,65),(778,30034,56),(777,30034,56),(117,30035,90),(118,30035,90),(312,30035,74),(311,30035,74),(607,30035,65),(608,30035,65),(107,30035,56),(108,30035,56),(784,30036,90),(783,30036,90),(379,30036,74),(380,30036,74),(98,30036,65),(97,30036,65),(549,30036,56),(550,30036,56),(509,30037,90),(510,30037,90),(349,30037,74),(350,30037,74),(307,30037,65),(308,30037,65),(640,30037,56),(639,30037,56),(657,30038,90),(658,30038,90),(381,30038,74),(382,30038,74),(247,30038,65),(248,30038,65),(682,30038,56),(681,30038,56),(616,30039,90),(615,30039,90),(285,30039,74),(286,30039,74),(796,30039,65),(795,30039,65),(318,30039,56),(317,30039,56),(45,30040,90),(46,30040,90),(530,30040,74),(529,30040,74),(78,30040,65),(77,30040,65),(430,30040,56),(429,30040,56),(741,30041,90),(742,30041,90),(273,30041,74),(274,30041,74),(448,30041,65),(447,30041,65),(793,30041,56),(794,30041,56),(776,30042,90),(775,30042,90),(715,30042,74),(716,30042,74),(772,30042,65),(771,30042,65),(443,30042,56),(444,30042,56),(414,30043,90),(413,30043,90),(711,30043,74),(712,30043,74),(729,30043,65),(730,30043,65),(114,30043,56),(113,30043,56),(7,30044,90),(8,30044,90),(541,30044,74),(542,30044,74),(573,30044,65),(574,30044,65),(659,30044,56),(660,30044,56),(24,30045,90),(23,30045,90),(338,30045,74),(337,30045,74),(316,30045,65),(315,30045,65),(86,30045,56),(85,30045,56),(434,30046,90),(433,30046,90),(264,30046,74),(263,30046,74),(119,30046,65),(120,30046,65),(536,30046,56),(535,30046,56),(701,30047,90),(702,30047,90),(268,30047,74),(267,30047,74),(137,30047,65),(138,30047,65),(376,30047,56),(375,30047,56),(404,30048,90),(403,30048,90),(136,30048,74),(135,30048,74),(604,30048,65),(603,30048,65),(578,30048,56),(577,30048,56),(234,30049,90),(233,30049,90),(183,30049,74),(184,30049,74),(65,30049,65),(66,30049,65),(362,30049,56),(361,30049,56),(624,30050,90),(623,30050,90),(713,30050,74),(714,30050,74),(334,30050,65),(333,30050,65),(277,30050,56),(278,30050,56),(212,30051,90),(211,30051,90),(647,30051,74),(648,30051,74),(435,30051,65),(436,30051,65),(426,30051,56),(425,30051,56),(389,30052,90),(390,30052,90),(708,30052,74),(707,30052,74),(763,30052,65),(764,30052,65),(32,30052,56),(31,30052,56),(543,30053,90),(544,30053,90),(9,30053,74),(10,30053,74),(159,30053,65),(160,30053,65),(249,30053,56),(250,30053,56),(3,30054,90),(4,30054,90),(618,30054,74),(617,30054,74),(235,30054,65),(236,30054,65),(15,30054,56),(16,30054,56),(255,30055,90),(256,30055,90),(619,30055,74),(620,30055,74),(321,30055,65),(322,30055,65),(696,30055,56),(695,30055,56),(388,30056,90),(387,30056,90),(586,30056,74),(585,30056,74),(209,30056,65),(210,30056,65),(319,30056,56),(320,30056,56),(427,30057,90),(428,30057,90),(253,30057,74),(254,30057,74),(365,30057,65),(366,30057,65),(261,30057,56),(262,30057,56),(589,30058,90),(590,30058,90),(449,30058,74),(450,30058,74),(144,30058,65),(143,30058,65),(694,30058,56),(693,30058,56),(396,30059,90),(395,30059,90),(339,30059,74),(340,30059,74),(298,30059,65),(297,30059,65),(48,30059,56),(47,30059,56),(371,30060,90),(372,30060,90),(27,30060,74),(28,30060,74),(562,30060,65),(561,30060,65),(455,30060,56),(456,30060,56),(780,30061,90),(779,30061,90),(406,30061,74),(405,30061,74),(584,30061,65),(583,30061,65),(74,30061,56),(73,30061,56),(679,30062,90),(680,30062,90),(172,30062,74),(171,30062,74),(481,30062,65),(482,30062,65),(359,30062,56),(360,30062,56),(489,30063,90),(490,30063,90),(556,30063,74),(555,30063,74),(290,30063,65),(289,30063,65),(466,30063,56),(465,30063,56),(740,30064,90),(739,30064,90),(770,30064,74),(769,30064,74),(498,30064,65),(497,30064,65),(637,30064,56),(638,30064,56),(788,30065,90),(787,30065,90),(177,30065,74),(178,30065,74),(198,30065,65),(197,30065,65),(622,30065,56),(621,30065,56),(41,30066,90),(42,30066,90),(96,30066,74),(95,30066,74),(591,30066,65),(592,30066,65),(231,30066,56),(232,30066,56),(109,30067,90),(110,30067,90),(724,30067,74),(723,30067,74),(13,30067,65),(14,30067,65),(265,30067,56),(266,30067,56),(732,30068,90),(731,30068,90),(18,30068,74),(17,30068,74),(303,30068,65),(304,30068,65),(766,30068,56),(765,30068,56),(705,30069,90),(706,30069,90),(438,30069,74),(437,30069,74),(517,30069,65),(518,30069,65),(377,30069,56),(378,30069,56),(185,30070,90),(186,30070,90),(251,30070,74),(252,30070,74),(301,30070,65),(302,30070,65),(246,30070,56),(245,30070,56),(244,30071,90),(243,30071,90),(496,30071,74),(495,30071,74),(199,30071,65),(200,30071,65),(472,30071,56),(471,30071,56),(398,30072,90),(397,30072,90),(327,30072,74),(328,30072,74),(631,30072,65),(632,30072,65),(60,30072,56),(59,30072,56),(698,30073,90),(697,30073,90),(353,30073,74),(354,30073,74),(92,30073,65),(91,30073,65),(537,30073,56),(538,30073,56),(364,30074,90),(363,30074,90),(588,30074,74),(587,30074,74),(534,30074,65),(533,30074,65),(773,30074,56),(774,30074,56),(594,30075,90),(593,30075,90),(124,30075,74),(123,30075,74),(785,30075,65),(786,30075,65),(503,30075,56),(504,30075,56),(484,30076,90),(483,30076,90),(39,30076,74),(40,30076,74),(230,30076,65),(229,30076,65),(385,30076,56),(386,30076,56),(121,30077,90),(122,30077,90),(721,30077,74),(722,30077,74),(228,30077,65),(227,30077,65),(598,30077,56),(597,30077,56),(655,30078,90),(656,30078,90),(753,30078,74),(754,30078,74),(326,30078,65),(325,30078,65),(293,30078,56),(294,30078,56),(50,30079,90),(49,30079,90),(367,30079,74),(368,30079,74),(651,30079,65),(652,30079,65),(329,30079,56),(330,30079,56),(789,30080,90),(790,30080,90),(728,30080,74),(727,30080,74),(26,30080,65),(25,30080,65),(661,30080,56),(662,30080,56),(163,30081,90),(164,30081,90),(61,30081,74),(62,30081,74),(270,30081,65),(269,30081,65),(605,30081,56),(606,30081,56),(221,30082,90),(222,30082,90),(685,30082,74),(686,30082,74),(758,30082,65),(757,30082,65),(169,30082,56),(170,30082,56),(579,30083,90),(580,30083,90),(630,30083,74),(629,30083,74),(424,30083,65),(423,30083,65),(564,30083,56),(563,30083,56),(516,30084,90),(515,30084,90),(507,30084,74),(508,30084,74),(287,30084,65),(288,30084,65),(34,30084,56),(33,30084,56),(458,30085,90),(457,30085,90),(383,30085,74),(384,30085,74),(668,30085,65),(667,30085,65),(646,30085,56),(645,30085,56),(409,30086,90),(410,30086,90),(699,30086,74),(700,30086,74),(206,30086,65),(205,30086,65),(719,30086,56),(720,30086,56),(12,30087,90),(11,30087,90),(689,30087,74),(690,30087,74),(634,30087,65),(633,30087,65),(276,30087,56),(275,30087,56),(569,30088,90),(570,30088,90),(358,30088,74),(357,30088,74),(204,30088,65),(203,30088,65),(760,30088,56),(759,30088,56),(692,30089,90),(691,30089,90),(688,30089,74),(687,30089,74),(168,30089,65),(167,30089,65),(80,30089,56),(79,30089,56),(520,30090,90),(519,30090,90),(165,30090,74),(166,30090,74),(374,30090,65),(373,30090,65),(125,30090,56),(126,30090,56),(560,30091,90),(559,30091,90),(797,30091,74),(798,30091,74),(29,30091,65),(30,30091,65),(761,30091,56),(762,30091,56),(734,30092,90),(733,30092,90),(147,30092,74),(148,30092,74),(281,30092,65),(282,30092,65),(726,30092,56),(725,30092,56),(356,30093,90),(355,30093,90),(36,30093,74),(35,30093,74),(84,30093,65),(83,30093,65),(567,30093,56),(568,30093,56),(513,30094,90),(514,30094,90),(670,30094,74),(669,30094,74),(239,30094,65),(240,30094,65),(528,30094,56),(527,30094,56),(341,30095,90),(342,30095,90),(641,30095,74),(642,30095,74),(453,30095,65),(454,30095,65),(626,30095,56),(625,30095,56),(280,30096,90),(279,30096,90),(146,30096,74),(145,30096,74),(416,30096,65),(415,30096,65),(237,30096,56),(238,30096,56),(191,30097,90),(192,30097,90),(439,30097,74),(440,30097,74),(215,30097,65),(216,30097,65),(643,30097,56),(644,30097,56),(259,30098,90),(260,30098,90),(173,30098,74),(174,30098,74),(735,30098,65),(736,30098,65),(743,30098,56),(744,30098,56),(189,30099,90),(190,30099,90),(22,30099,74),(21,30099,74),(462,30099,65),(461,30099,65),(547,30099,56),(548,30099,56);
/*!40000 ALTER TABLE `speaker_round_3` ENABLE KEYS */;
UNLOCK TABLES;

--
-- Table structure for table `speaker_round_4`
--

DROP TABLE IF EXISTS `speaker_round_4`;
CREATE TABLE `speaker_round_4` (
  `speaker_id` mediumint(9) NOT NULL default '0',
  `debate_id` mediumint(9) NOT NULL default '0',
  `points` smallint(9) NOT NULL default '0',
  PRIMARY KEY  (`speaker_id`)
) ENGINE=MyISAM DEFAULT CHARSET=latin1;

--
-- Dumping data for table `speaker_round_4`
--

LOCK TABLES `speaker_round_4` WRITE;
/*!40000 ALTER TABLE `speaker_round_4` DISABLE KEYS */;
INSERT INTO `speaker_round_4` VALUES (749,40000,90),(750,40000,90),(485,40000,74),(486,40000,74),(127,40000,65),(128,40000,65),(421,40000,56),(422,40000,56),(149,40001,90),(150,40001,90),(463,40001,74),(464,40001,74),(224,40001,65),(223,40001,65),(494,40001,56),(493,40001,56),(609,40002,90),(610,40002,90),(369,40002,74),(370,40002,74),(44,40002,65),(43,40002,65),(505,40002,56),(506,40002,56),(407,40003,90),(408,40003,90),(581,40003,74),(582,40003,74),(133,40003,65),(134,40003,65),(792,40003,56),(791,40003,56),(502,40004,90),(501,40004,90),(521,40004,74),(522,40004,74),(101,40004,65),(102,40004,65),(332,40004,56),(331,40004,56),(141,40005,90),(142,40005,90),(336,40005,74),(335,40005,74),(6,40005,65),(5,40005,65),(704,40005,56),(703,40005,56),(351,40006,90),(352,40006,90),(75,40006,74),(76,40006,74),(299,40006,65),(300,40006,65),(499,40006,56),(500,40006,56),(58,40007,90),(57,40007,90),(509,40007,74),(510,40007,74),(531,40007,65),(532,40007,65),(419,40007,56),(420,40007,56),(512,40008,90),(511,40008,90),(653,40008,74),(654,40008,74),(776,40008,65),(775,40008,65),(710,40008,56),(709,40008,56),(389,40009,90),(390,40009,90),(242,40009,74),(241,40009,74),(525,40009,65),(526,40009,65),(258,40009,56),(257,40009,56),(195,40010,90),(196,40010,90),(391,40010,74),(392,40010,74),(56,40010,65),(55,40010,65),(156,40010,56),(155,40010,56),(524,40011,90),(523,40011,90),(614,40011,74),(613,40011,74),(187,40011,65),(188,40011,65),(431,40011,56),(432,40011,56),(305,40012,90),(306,40012,90),(745,40012,74),(746,40012,74),(784,40012,65),(783,40012,65),(491,40012,56),(492,40012,56),(553,40013,90),(554,40013,90),(678,40013,74),(677,40013,74),(551,40013,65),(552,40013,65),(182,40013,56),(181,40013,56),(459,40014,90),(460,40014,90),(117,40014,74),(118,40014,74),(271,40014,65),(272,40014,65),(284,40014,56),(283,40014,56),(675,40015,90),(676,40015,90),(217,40015,74),(218,40015,74),(38,40015,65),(37,40015,65),(157,40015,56),(158,40015,56),(71,40016,90),(72,40016,90),(679,40016,74),(680,40016,74),(153,40016,65),(154,40016,65),(768,40016,56),(767,40016,56),(388,40017,90),(387,40017,90),(612,40017,74),(611,40017,74),(558,40017,65),(557,40017,65),(309,40017,56),(310,40017,56),(701,40018,90),(702,40018,90),(664,40018,74),(663,40018,74),(103,40018,65),(104,40018,65),(312,40018,56),(311,40018,56),(473,40019,90),(474,40019,90),(543,40019,74),(544,40019,74),(599,40019,65),(600,40019,65),(596,40019,56),(595,40019,56),(417,40020,90),(418,40020,90),(379,40020,74),(380,40020,74),(636,40020,65),(635,40020,65),(131,40020,56),(132,40020,56),(467,40021,90),(468,40021,90),(624,40021,74),(623,40021,74),(404,40021,65),(403,40021,65),(255,40021,56),(256,40021,56),(799,40022,90),(800,40022,90),(451,40022,74),(452,40022,74),(575,40022,65),(576,40022,65),(24,40022,56),(23,40022,56),(183,40023,90),(184,40023,90),(313,40023,74),(314,40023,74),(180,40023,65),(179,40023,65),(212,40023,56),(211,40023,56),(45,40024,90),(46,40024,90),(427,40024,74),(428,40024,74),(657,40024,65),(658,40024,65),(780,40024,56),(779,40024,56),(51,40025,90),(52,40025,90),(755,40025,74),(756,40025,74),(414,40025,65),(413,40025,65),(441,40025,56),(442,40025,56),(616,40026,90),(615,40026,90),(412,40026,74),(411,40026,74),(115,40026,65),(116,40026,65),(19,40026,56),(20,40026,56),(401,40027,90),(402,40027,90),(589,40027,74),(590,40027,74),(139,40027,65),(140,40027,65),(627,40027,56),(628,40027,56),(545,40028,90),(546,40028,90),(400,40028,74),(399,40028,74),(741,40028,65),(742,40028,65),(650,40028,56),(649,40028,56),(434,40029,90),(433,40029,90),(324,40029,74),(323,40029,74),(93,40029,65),(94,40029,65),(396,40029,56),(395,40029,56),(371,40030,90),(372,40030,90),(89,40030,74),(90,40030,74),(130,40030,65),(129,40030,65),(161,40030,56),(162,40030,56),(7,40031,90),(8,40031,90),(3,40031,74),(4,40031,74),(449,40031,65),(450,40031,65),(234,40031,56),(233,40031,56),(738,40032,90),(737,40032,90),(673,40032,74),(674,40032,74),(619,40032,65),(620,40032,65),(348,40032,56),(347,40032,56),(381,40033,90),(382,40033,90),(296,40033,74),(295,40033,74),(264,40033,65),(263,40033,65),(214,40033,56),(213,40033,56),(344,40034,90),(343,40034,90),(339,40034,74),(340,40034,74),(698,40034,65),(697,40034,65),(586,40034,56),(585,40034,56),(705,40035,90),(706,40035,90),(193,40035,74),(194,40035,74),(81,40035,65),(82,40035,65),(480,40035,56),(479,40035,56),(711,40036,90),(712,40036,90),(618,40036,74),(617,40036,74),(268,40036,65),(267,40036,65),(394,40036,56),(393,40036,56),(225,40037,90),(226,40037,90),(406,40037,74),(405,40037,74),(112,40037,65),(111,40037,65),(788,40037,56),(787,40037,56),(539,40038,90),(540,40038,90),(105,40038,74),(106,40038,74),(607,40038,65),(608,40038,65),(175,40038,56),(176,40038,56),(732,40039,90),(731,40039,90),(307,40039,74),(308,40039,74),(172,40039,65),(171,40039,65),(338,40039,56),(337,40039,56),(655,40040,90),(656,40040,90),(476,40040,74),(475,40040,74),(185,40040,65),(186,40040,65),(98,40040,56),(97,40040,56),(713,40041,90),(714,40041,90),(9,40041,74),(10,40041,74),(109,40041,65),(110,40041,65),(50,40041,56),(49,40041,56),(41,40042,90),(42,40042,90),(349,40042,74),(350,40042,74),(121,40042,65),(122,40042,65),(752,40042,56),(751,40042,56),(708,40043,90),(707,40043,90),(489,40043,74),(490,40043,74),(208,40043,65),(207,40043,65),(136,40043,56),(135,40043,56),(487,40044,90),(488,40044,90),(273,40044,74),(274,40044,74),(541,40044,65),(542,40044,65),(484,40044,56),(483,40044,56),(715,40045,90),(716,40045,90),(470,40045,74),(469,40045,74),(398,40045,65),(397,40045,65),(566,40045,56),(565,40045,56),(747,40046,90),(748,40046,90),(647,40046,74),(648,40046,74),(244,40046,65),(243,40046,65),(67,40046,56),(68,40046,56),(65,40047,90),(66,40047,90),(789,40047,74),(790,40047,74),(27,40047,65),(28,40047,65),(364,40047,56),(363,40047,56),(594,40048,90),(593,40048,90),(69,40048,74),(70,40048,74),(665,40048,65),(666,40048,65),(740,40048,56),(739,40048,56),(285,40049,90),(286,40049,90),(253,40049,74),(254,40049,74),(152,40049,65),(151,40049,65),(530,40049,56),(529,40049,56),(571,40050,90),(572,40050,90),(220,40050,74),(219,40050,74),(202,40050,65),(201,40050,65),(292,40050,56),(291,40050,56),(588,40051,90),(587,40051,90),(209,40051,74),(210,40051,74),(734,40051,65),(733,40051,65),(560,40051,56),(559,40051,56),(721,40052,90),(722,40052,90),(481,40052,74),(482,40052,74),(729,40052,65),(730,40052,65),(778,40052,56),(777,40052,56),(356,40053,90),(355,40053,90),(64,40053,74),(63,40053,74),(96,40053,65),(95,40053,65),(144,40053,56),(143,40053,56),(159,40054,90),(160,40054,90),(409,40054,74),(410,40054,74),(728,40054,65),(727,40054,65),(334,40054,56),(333,40054,56),(573,40055,90),(574,40055,90),(549,40055,74),(550,40055,74),(692,40055,65),(691,40055,65),(177,40055,56),(178,40055,56),(119,40056,90),(120,40056,90),(782,40056,74),(781,40056,74),(321,40056,65),(322,40056,65),(672,40056,56),(671,40056,56),(435,40057,90),(436,40057,90),(763,40057,74),(764,40057,74),(2,40057,65),(1,40057,65),(18,40057,56),(17,40057,56),(516,40058,90),(515,40058,90),(448,40058,74),(447,40058,74),(684,40058,65),(683,40058,65),(327,40058,56),(328,40058,56),(78,40059,90),(77,40059,90),(496,40059,74),(495,40059,74),(247,40059,65),(248,40059,65),(87,40059,56),(88,40059,56),(107,40060,90),(108,40060,90),(478,40060,74),(477,40060,74),(100,40060,65),(99,40060,65),(353,40060,56),(354,40060,56),(438,40061,90),(437,40061,90),(346,40061,74),(345,40061,74),(556,40061,65),(555,40061,65),(601,40061,56),(602,40061,56),(53,40062,90),(54,40062,90),(520,40062,74),(519,40062,74),(770,40062,65),(769,40062,65),(446,40062,56),(445,40062,56),(604,40063,90),(603,40063,90),(251,40063,74),(252,40063,74),(12,40063,65),(11,40063,65),(316,40063,56),(315,40063,56),(235,40064,90),(236,40064,90),(367,40064,74),(368,40064,74),(163,40064,65),(164,40064,65),(39,40064,56),(40,40064,56),(569,40065,90),(570,40065,90),(584,40065,74),(583,40065,74),(124,40065,65),(123,40065,65),(221,40065,56),(222,40065,56),(137,40066,90),(138,40066,90),(724,40066,74),(723,40066,74),(365,40066,65),(366,40066,65),(298,40066,56),(297,40066,56),(796,40067,90),(795,40067,90),(718,40067,74),(717,40067,74),(458,40067,65),(457,40067,65),(579,40067,56),(580,40067,56),(772,40068,90),(771,40068,90),(753,40068,74),(754,40068,74),(290,40068,65),(289,40068,65),(249,40068,56),(250,40068,56),(659,40069,90),(660,40069,90),(277,40069,74),(278,40069,74),(534,40069,65),(533,40069,65),(426,40069,56),(425,40069,56),(562,40070,90),(561,40070,90),(280,40070,74),(279,40070,74),(13,40070,65),(14,40070,65),(699,40070,56),(700,40070,56),(383,40071,90),(384,40071,90),(303,40071,74),(304,40071,74),(591,40071,65),(592,40071,65),(376,40071,56),(375,40071,56),(785,40072,90),(786,40072,90),(443,40072,74),(444,40072,74),(688,40072,65),(687,40072,65),(26,40072,56),(25,40072,56),(341,40073,90),(342,40073,90),(32,40073,74),(31,40073,74),(797,40073,65),(798,40073,65),(319,40073,56),(320,40073,56),(640,40074,90),(639,40074,90),(507,40074,74),(508,40074,74),(362,40074,65),(361,40074,65),(517,40074,56),(518,40074,56),(86,40075,90),(85,40075,90),(536,40075,74),(535,40075,74),(114,40075,65),(113,40075,65),(199,40075,56),(200,40075,56),(630,40076,90),(629,40076,90),(318,40076,74),(317,40076,74),(48,40076,65),(47,40076,65),(191,40076,56),(192,40076,56),(228,40077,90),(227,40077,90),(793,40077,74),(794,40077,74),(578,40077,65),(577,40077,65),(682,40077,56),(681,40077,56),(651,40078,90),(652,40078,90),(326,40078,74),(325,40078,74),(61,40078,65),(62,40078,65),(270,40078,56),(269,40078,56),(513,40079,90),(514,40079,90),(685,40079,74),(686,40079,74),(198,40079,65),(197,40079,65),(74,40079,56),(73,40079,56),(689,40080,90),(690,40080,90),(696,40080,74),(695,40080,74),(92,40080,65),(91,40080,65),(498,40080,56),(497,40080,56),(694,40081,90),(693,40081,90),(631,40081,74),(632,40081,74),(189,40081,65),(190,40081,65),(165,40081,56),(166,40081,56),(430,40082,90),(429,40082,90),(259,40082,74),(260,40082,74),(661,40082,65),(662,40082,65),(261,40082,56),(262,40082,56),(230,40083,90),(229,40083,90),(301,40083,74),(302,40083,74),(455,40083,65),(456,40083,65),(358,40083,56),(357,40083,56),(147,40084,90),(148,40084,90),(329,40084,74),(330,40084,74),(15,40084,65),(16,40084,65),(503,40084,56),(504,40084,56),(668,40085,90),(667,40085,90),(424,40085,74),(423,40085,74),(385,40085,65),(386,40085,65),(60,40085,56),(59,40085,56),(439,40086,90),(440,40086,90),(29,40086,74),(30,40086,74),(758,40086,65),(757,40086,65),(36,40086,56),(35,40086,56),(246,40087,90),(245,40087,90),(670,40087,74),(669,40087,74),(265,40087,65),(266,40087,65),(634,40087,56),(633,40087,56),(359,40088,90),(360,40088,90),(204,40088,74),(203,40088,74),(760,40088,65),(759,40088,65),(281,40088,56),(282,40088,56),(637,40089,90),(638,40089,90),(374,40089,74),(373,40089,74),(598,40089,65),(597,40089,65),(173,40089,56),(174,40089,56),(168,40090,90),(167,40090,90),(293,40090,74),(294,40090,74),(231,40090,65),(232,40090,65),(377,40090,56),(378,40090,56),(766,40091,90),(765,40091,90),(466,40091,74),(465,40091,74),(206,40091,65),(205,40091,65),(22,40091,56),(21,40091,56),(84,40092,90),(83,40092,90),(537,40092,74),(538,40092,74),(146,40092,65),(145,40092,65),(641,40092,56),(642,40092,56),(287,40093,90),(288,40093,90),(472,40093,74),(471,40093,74),(773,40093,65),(774,40093,65),(622,40093,56),(621,40093,56),(528,40094,90),(527,40094,90),(125,40094,74),(126,40094,74),(726,40094,65),(725,40094,65),(462,40094,56),(461,40094,56),(735,40095,90),(736,40095,90),(34,40095,74),(33,40095,74),(215,40095,65),(216,40095,65),(564,40095,56),(563,40095,56),(719,40096,90),(720,40096,90),(761,40096,74),(762,40096,74),(80,40096,65),(79,40096,65),(453,40096,56),(454,40096,56),(605,40097,90),(606,40097,90),(169,40097,74),(170,40097,74),(646,40097,65),(645,40097,65),(276,40097,56),(275,40097,56),(626,40098,90),(625,40098,90),(416,40098,74),(415,40098,74),(567,40098,65),(568,40098,65),(239,40098,56),(240,40098,56),(643,40099,90),(644,40099,90),(743,40099,74),(744,40099,74),(237,40099,65),(238,40099,65),(547,40099,56),(548,40099,56);
/*!40000 ALTER TABLE `speaker_round_4` ENABLE KEYS */;
UNLOCK TABLES;

--
-- Table structure for table `speaker_round_5`
--

DROP TABLE IF EXISTS `speaker_round_5`;
CREATE TABLE `speaker_round_5` (
  `speaker_id` mediumint(9) NOT NULL default '0',
  `debate_id` mediumint(9) NOT NULL default '0',
  `points` smallint(9) NOT NULL default '0',
  PRIMARY KEY  (`speaker_id`)
) ENGINE=MyISAM DEFAULT CHARSET=latin1;

--
-- Dumping data for table `speaker_round_5`
--

LOCK TABLES `speaker_round_5` WRITE;
/*!40000 ALTER TABLE `speaker_round_5` DISABLE KEYS */;
INSERT INTO `speaker_round_5` VALUES (749,50000,90),(750,50000,90),(407,50000,74),(408,50000,74),(149,50000,65),(150,50000,65),(141,50000,56),(142,50000,56),(502,50001,90),(501,50001,90),(581,50001,74),(582,50001,74),(485,50001,65),(486,50001,65),(463,50001,56),(464,50001,56),(524,50002,90),(523,50002,90),(351,50002,74),(352,50002,74),(545,50002,65),(546,50002,65),(75,50002,56),(76,50002,56),(609,50003,90),(610,50003,90),(459,50003,74),(460,50003,74),(675,50003,65),(676,50003,65),(553,50003,56),(554,50003,56),(127,50004,90),(128,50004,90),(58,50004,74),(57,50004,74),(336,50004,65),(335,50004,65),(195,50004,56),(196,50004,56),(305,50005,90),(306,50005,90),(521,50005,74),(522,50005,74),(369,50005,65),(370,50005,65),(512,50005,56),(511,50005,56),(421,50006,90),(422,50006,90),(7,50006,74),(8,50006,74),(133,50006,65),(134,50006,65),(71,50006,56),(72,50006,56),(745,50007,90),(746,50007,90),(509,50007,74),(510,50007,74),(242,50007,65),(241,50007,65),(45,50007,56),(46,50007,56),(417,50008,90),(418,50008,90),(299,50008,74),(300,50008,74),(6,50008,65),(5,50008,65),(389,50008,56),(390,50008,56),(101,50009,90),(102,50009,90),(701,50009,74),(702,50009,74),(473,50009,65),(474,50009,65),(388,50009,56),(387,50009,56),(51,50010,90),(52,50010,90),(799,50010,74),(800,50010,74),(653,50010,65),(654,50010,65),(371,50010,56),(372,50010,56),(224,50011,90),(223,50011,90),(616,50011,74),(615,50011,74),(614,50011,65),(613,50011,65),(401,50011,56),(402,50011,56),(434,50012,90),(433,50012,90),(391,50012,74),(392,50012,74),(217,50012,65),(218,50012,65),(678,50012,56),(677,50012,56),(467,50013,90),(468,50013,90),(704,50013,74),(703,50013,74),(3,50013,65),(4,50013,65),(117,50013,56),(118,50013,56),(332,50014,90),(331,50014,90),(747,50014,74),(748,50014,74),(624,50014,65),(623,50014,65),(594,50014,56),(593,50014,56),(711,50015,90),(712,50015,90),(531,50015,74),(532,50015,74),(451,50015,65),(452,50015,65),(715,50015,56),(716,50015,56),(612,50016,90),(611,50016,90),(679,50016,74),(680,50016,74),(713,50016,65),(714,50016,65),(487,50016,56),(488,50016,56),(499,50017,90),(500,50017,90),(708,50017,74),(707,50017,74),(543,50017,65),(544,50017,65),(784,50017,56),(783,50017,56),(324,50018,90),(323,50018,90),(505,50018,74),(506,50018,74),(41,50018,65),(42,50018,65),(732,50018,56),(731,50018,56),(551,50019,90),(552,50019,90),(225,50019,74),(226,50019,74),(271,50019,65),(272,50019,65),(285,50019,56),(286,50019,56),(187,50020,90),(188,50020,90),(89,50020,74),(90,50020,74),(381,50020,65),(382,50020,65),(412,50020,56),(411,50020,56),(664,50021,90),(663,50021,90),(589,50021,74),(590,50021,74),(494,50021,65),(493,50021,65),(655,50021,56),(656,50021,56),(755,50022,90),(756,50022,90),(400,50022,74),(399,50022,74),(56,50022,65),(55,50022,65),(344,50022,56),(343,50022,56),(738,50023,90),(737,50023,90),(525,50023,74),(526,50023,74),(792,50023,65),(791,50023,65),(705,50023,56),(706,50023,56),(427,50024,90),(428,50024,90),(571,50024,74),(572,50024,74),(38,50024,65),(37,50024,65),(379,50024,56),(380,50024,56),(183,50025,90),(184,50025,90),(539,50025,74),(540,50025,74),(313,50025,65),(314,50025,65),(44,50025,56),(43,50025,56),(137,50026,90),(138,50026,90),(573,50026,74),(574,50026,74),(157,50026,65),(158,50026,65),(588,50026,56),(587,50026,56),(599,50027,90),(600,50027,90),(489,50027,74),(490,50027,74),(404,50027,65),(403,50027,65),(78,50027,56),(77,50027,56),(273,50028,90),(274,50028,90),(796,50028,74),(795,50028,74),(721,50028,65),(722,50028,65),(69,50028,56),(70,50028,56),(476,50029,90),(475,50029,90),(284,50029,74),(283,50029,74),(356,50029,65),(355,50029,65),(414,50029,56),(413,50029,56),(339,50030,90),(340,50030,90),(307,50030,74),(308,50030,74),(182,50030,65),(181,50030,65),(491,50030,56),(492,50030,56),(431,50031,90),(432,50031,90),(103,50031,74),(104,50031,74),(193,50031,65),(194,50031,65),(93,50031,56),(94,50031,56),(657,50032,90),(658,50032,90),(180,50032,74),(179,50032,74),(419,50032,65),(420,50032,65),(153,50032,56),(154,50032,56),(156,50033,90),(155,50033,90),(776,50033,74),(775,50033,74),(710,50033,65),(709,50033,65),(349,50033,56),(350,50033,56),(470,50034,90),(469,50034,90),(516,50034,74),(515,50034,74),(105,50034,65),(106,50034,65),(772,50034,56),(771,50034,56),(258,50035,90),(257,50035,90),(119,50035,74),(120,50035,74),(235,50035,65),(236,50035,65),(107,50035,56),(108,50035,56),(558,50036,90),(557,50036,90),(296,50036,74),(295,50036,74),(435,50036,65),(436,50036,65),(647,50036,56),(648,50036,56),(438,50037,90),(437,50037,90),(253,50037,74),(254,50037,74),(618,50037,65),(617,50037,65),(115,50037,56),(116,50037,56),(569,50038,90),(570,50038,90),(65,50038,74),(66,50038,74),(9,50038,65),(10,50038,65),(575,50038,56),(576,50038,56),(53,50039,90),(54,50039,90),(130,50039,74),(129,50039,74),(406,50039,65),(405,50039,65),(604,50039,56),(603,50039,56),(741,50040,90),(742,50040,90),(789,50040,74),(790,50040,74),(673,50040,65),(674,50040,65),(139,50040,56),(140,50040,56),(782,50041,90),(781,50041,90),(159,50041,74),(160,50041,74),(636,50041,65),(635,50041,65),(341,50041,56),(342,50041,56),(584,50042,90),(583,50042,90),(768,50042,74),(767,50042,74),(496,50042,65),(495,50042,65),(234,50042,56),(233,50042,56),(724,50043,90),(723,50043,90),(449,50043,74),(450,50043,74),(185,50043,65),(186,50043,65),(64,50043,56),(63,50043,56),(541,50044,90),(542,50044,90),(172,50044,74),(171,50044,74),(208,50044,65),(207,50044,65),(112,50044,56),(111,50044,56),(763,50045,90),(764,50045,90),(780,50045,74),(779,50045,74),(121,50045,65),(122,50045,65),(430,50045,56),(429,50045,56),(785,50046,90),(786,50046,90),(202,50046,74),(201,50046,74),(398,50046,65),(397,50046,65),(659,50046,56),(660,50046,56),(24,50047,90),(23,50047,90),(481,50047,74),(482,50047,74),(251,50047,65),(252,50047,65),(694,50047,56),(693,50047,56),(562,50048,90),(561,50048,90),(549,50048,74),(550,50048,74),(640,50048,65),(639,50048,65),(309,50048,56),(310,50048,56),(19,50049,90),(20,50049,90),(650,50049,74),(649,50049,74),(596,50049,65),(595,50049,65),(718,50049,56),(717,50049,56),(152,50050,90),(151,50050,90),(147,50050,74),(148,50050,74),(409,50050,65),(410,50050,65),(448,50050,56),(447,50050,56),(651,50051,90),(652,50051,90),(230,50051,74),(229,50051,74),(627,50051,65),(628,50051,65),(27,50051,56),(28,50051,56),(212,50052,90),(211,50052,90),(220,50052,74),(219,50052,74),(346,50052,65),(345,50052,65),(268,50052,56),(267,50052,56),(131,50053,90),(132,50053,90),(630,50053,74),(629,50053,74),(513,50053,65),(514,50053,65),(383,50053,56),(384,50053,56),(689,50054,90),(690,50054,90),(86,50054,74),(85,50054,74),(665,50054,65),(666,50054,65),(209,50054,56),(210,50054,56),(367,50055,90),(368,50055,90),(753,50055,74),(754,50055,74),(109,50055,65),(110,50055,65),(478,50055,56),(477,50055,56),(81,50056,90),(82,50056,90),(441,50056,74),(442,50056,74),(255,50056,65),(256,50056,65),(161,50056,56),(162,50056,56),(607,50057,90),(608,50057,90),(396,50057,74),(395,50057,74),(244,50057,65),(243,50057,65),(698,50057,56),(697,50057,56),(312,50058,90),(311,50058,90),(619,50058,74),(620,50058,74),(264,50058,65),(263,50058,65),(520,50058,56),(519,50058,56),(124,50059,90),(123,50059,90),(728,50059,74),(727,50059,74),(84,50059,65),(83,50059,65),(228,50059,56),(227,50059,56),(536,50060,90),(535,50060,90),(530,50060,74),(529,50060,74),(326,50060,65),(325,50060,65),(280,50060,56),(279,50060,56),(770,50061,90),(769,50061,90),(696,50061,74),(695,50061,74),(631,50061,65),(632,50061,65),(364,50061,56),(363,50061,56),(136,50062,90),(135,50062,90),(50,50062,74),(49,50062,74),(365,50062,65),(366,50062,65),(277,50062,56),(278,50062,56),(766,50063,90),(765,50063,90),(394,50063,74),(393,50063,74),(566,50063,65),(565,50063,65),(12,50063,56),(11,50063,56),(480,50064,90),(479,50064,90),(684,50064,74),(683,50064,74),(246,50064,65),(245,50064,65),(788,50064,56),(787,50064,56),(359,50065,90),(360,50065,90),(163,50065,74),(164,50065,74),(32,50065,65),(31,50065,65),(318,50065,56),(317,50065,56),(740,50066,90),(739,50066,90),(439,50066,74),(440,50066,74),(168,50066,65),(167,50066,65),(96,50066,56),(95,50066,56),(100,50067,90),(99,50067,90),(685,50067,74),(686,50067,74),(507,50067,65),(508,50067,65),(692,50067,56),(691,50067,56),(484,50068,90),(483,50068,90),(338,50068,74),(337,50068,74),(259,50068,65),(260,50068,65),(734,50068,56),(733,50068,56),(668,50069,90),(667,50069,90),(214,50069,74),(213,50069,74),(175,50069,65),(176,50069,65),(247,50069,56),(248,50069,56),(637,50070,90),(638,50070,90),(303,50070,74),(304,50070,74),(287,50070,65),(288,50070,65),(321,50070,56),(322,50070,56),(443,50071,90),(444,50071,90),(752,50071,74),(751,50071,74),(301,50071,65),(302,50071,65),(348,50071,56),(347,50071,56),(2,50072,90),(1,50072,90),(98,50072,74),(97,50072,74),(458,50072,65),(457,50072,65),(586,50072,56),(585,50072,56),(556,50073,90),(555,50073,90),(67,50073,74),(68,50073,74),(793,50073,65),(794,50073,65),(729,50073,56),(730,50073,56),(472,50074,90),(471,50074,90),(221,50074,74),(222,50074,74),(670,50074,65),(669,50074,65),(48,50074,56),(47,50074,56),(719,50075,90),(720,50075,90),(61,50075,74),(62,50075,74),(455,50075,65),(456,50075,65),(579,50075,56),(580,50075,56),(15,50076,90),(16,50076,90),(374,50076,74),(373,50076,74),(87,50076,65),(88,50076,65),(334,50076,56),(333,50076,56),(293,50077,90),(294,50077,90),(292,50077,74),(291,50077,74),(316,50077,65),(315,50077,65),(797,50077,56),(798,50077,56),(605,50078,90),(606,50078,90),(29,50078,74),(30,50078,74),(39,50078,65),(40,50078,65),(327,50078,56),(328,50078,56),(290,50079,90),(289,50079,90),(189,50079,74),(190,50079,74),(601,50079,65),(602,50079,65),(353,50079,56),(354,50079,56),(778,50080,90),(777,50080,90),(560,50080,74),(559,50080,74),(735,50080,65),(736,50080,65),(329,50080,56),(330,50080,56),(466,50081,90),(465,50081,90),(177,50081,74),(178,50081,74),(362,50081,65),(361,50081,65),(92,50081,56),(91,50081,56),(424,50082,90),(423,50082,90),(18,50082,74),(17,50082,74),(144,50082,65),(143,50082,65),(672,50082,56),(671,50082,56),(688,50083,90),(687,50083,90),(537,50083,74),(538,50083,74),(591,50083,65),(592,50083,65),(13,50083,56),(14,50083,56),(298,50084,90),(297,50084,90),(114,50084,74),(113,50084,74),(534,50084,65),(533,50084,65),(446,50084,56),(445,50084,56),(204,50085,90),(203,50085,90),(198,50085,74),(197,50085,74),(578,50085,65),(577,50085,65),(206,50085,56),(205,50085,56),(761,50086,90),(762,50086,90),(191,50086,74),(192,50086,74),(146,50086,65),(145,50086,65),(34,50086,56),(33,50086,56),(358,50087,90),(357,50087,90),(517,50087,74),(518,50087,74),(385,50087,65),(386,50087,65),(74,50087,56),(73,50087,56),(125,50088,90),(126,50088,90),(261,50088,74),(262,50088,74),(319,50088,65),(320,50088,65),(528,50088,56),(527,50088,56),(270,50089,90),(269,50089,90),(26,50089,74),(25,50089,74),(643,50089,65),(644,50089,65),(758,50089,56),(757,50089,56),(682,50090,90),(681,50090,90),(376,50090,74),(375,50090,74),(598,50090,65),(597,50090,65),(199,50090,56),(200,50090,56),(165,50091,90),(166,50091,90),(626,50091,74),(625,50091,74),(699,50091,65),(700,50091,65),(498,50091,56),(497,50091,56),(416,50092,90),(415,50092,90),(249,50092,74),(250,50092,74),(169,50092,65),(170,50092,65),(231,50092,56),(232,50092,56),(773,50093,90),(774,50093,90),(265,50093,74),(266,50093,74),(426,50093,65),(425,50093,65),(661,50093,56),(662,50093,56),(22,50094,90),(21,50094,90),(173,50094,74),(174,50094,74),(622,50094,65),(621,50094,65),(567,50094,56),(568,50094,56),(726,50095,90),(725,50095,90),(281,50095,74),(282,50095,74),(377,50095,65),(378,50095,65),(760,50095,56),(759,50095,56),(80,50096,90),(79,50096,90),(503,50096,74),(504,50096,74),(634,50096,65),(633,50096,65),(641,50096,56),(642,50096,56),(743,50097,90),(744,50097,90),(646,50097,74),(645,50097,74),(36,50097,65),(35,50097,65),(215,50097,56),(216,50097,56),(564,50098,90),(563,50098,90),(60,50098,74),(59,50098,74),(237,50098,65),(238,50098,65),(276,50098,56),(275,50098,56),(547,50099,90),(548,50099,90),(462,50099,74),(461,50099,74),(239,50099,65),(240,50099,65),(453,50099,56),(454,50099,56);
/*!40000 ALTER TABLE `speaker_round_5` ENABLE KEYS */;
UNLOCK TABLES;

--
-- Table structure for table `speaker_round_6`
--

DROP TABLE IF EXISTS `speaker_round_6`;
CREATE TABLE `speaker_round_6` (
  `speaker_id` mediumint(9) NOT NULL default '0',
  `debate_id` mediumint(9) NOT NULL default '0',
  `points` smallint(9) NOT NULL default '0',
  PRIMARY KEY  (`speaker_id`)
) ENGINE=MyISAM DEFAULT CHARSET=latin1;

--
-- Dumping data for table `speaker_round_6`
--

LOCK TABLES `speaker_round_6` WRITE;
/*!40000 ALTER TABLE `speaker_round_6` DISABLE KEYS */;
INSERT INTO `speaker_round_6` VALUES (502,60000,90),(501,60000,90),(149,60000,74),(150,60000,74),(749,60000,65),(750,60000,65),(305,60000,56),(306,60000,56),(407,60001,90),(408,60001,90),(127,60001,74),(128,60001,74),(524,60001,65),(523,60001,65),(609,60001,56),(610,60001,56),(485,60002,90),(486,60002,90),(459,60002,74),(460,60002,74),(51,60002,65),(52,60002,65),(467,60002,56),(468,60002,56),(417,60003,90),(418,60003,90),(421,60003,74),(422,60003,74),(434,60003,65),(433,60003,65),(581,60003,56),(582,60003,56),(58,60004,90),(57,60004,90),(351,60004,74),(352,60004,74),(224,60004,65),(223,60004,65),(521,60004,56),(522,60004,56),(332,60005,90),(331,60005,90),(101,60005,74),(102,60005,74),(738,60005,65),(737,60005,65),(745,60005,56),(746,60005,56),(509,60006,90),(510,60006,90),(675,60006,74),(676,60006,74),(612,60006,65),(611,60006,65),(427,60006,56),(428,60006,56),(664,60007,90),(663,60007,90),(499,60007,74),(500,60007,74),(7,60007,65),(8,60007,65),(324,60007,56),(323,60007,56),(183,60008,90),(184,60008,90),(141,60008,74),(142,60008,74),(299,60008,65),(300,60008,65),(711,60008,56),(712,60008,56),(616,60009,90),(615,60009,90),(551,60009,74),(552,60009,74),(799,60009,65),(800,60009,65),(187,60009,56),(188,60009,56),(701,60010,90),(702,60010,90),(755,60010,74),(756,60010,74),(336,60010,65),(335,60010,65),(369,60010,56),(370,60010,56),(463,60011,90),(464,60011,90),(391,60011,74),(392,60011,74),(525,60011,65),(526,60011,65),(657,60011,56),(658,60011,56),(558,60012,90),(557,60012,90),(89,60012,74),(90,60012,74),(217,60012,65),(218,60012,65),(400,60012,56),(399,60012,56),(741,60013,90),(742,60013,90),(470,60013,74),(469,60013,74),(75,60013,65),(76,60013,65),(545,60013,56),(546,60013,56),(708,60014,90),(707,60014,90),(53,60014,74),(54,60014,74),(156,60014,65),(155,60014,65),(747,60014,56),(748,60014,56),(653,60015,90),(654,60015,90),(438,60015,74),(437,60015,74),(431,60015,65),(432,60015,65),(614,60015,56),(613,60015,56),(273,60016,90),(274,60016,90),(195,60016,74),(196,60016,74),(599,60016,65),(600,60016,65),(473,60016,56),(474,60016,56),(704,60017,90),(703,60017,90),(258,60017,74),(257,60017,74),(339,60017,65),(340,60017,65),(679,60017,56),(680,60017,56),(225,60018,90),(226,60018,90),(569,60018,74),(570,60018,74),(133,60018,65),(134,60018,65),(6,60018,56),(5,60018,56),(242,60019,90),(241,60019,90),(531,60019,74),(532,60019,74),(476,60019,65),(475,60019,65),(571,60019,56),(572,60019,56),(553,60020,90),(554,60020,90),(505,60020,74),(506,60020,74),(589,60020,65),(590,60020,65),(137,60020,56),(138,60020,56),(494,60021,90),(493,60021,90),(539,60021,74),(540,60021,74),(512,60021,65),(511,60021,65),(56,60021,56),(55,60021,56),(3,60022,90),(4,60022,90),(451,60022,74),(452,60022,74),(71,60022,65),(72,60022,65),(607,60022,56),(608,60022,56),(24,60023,90),(23,60023,90),(212,60023,74),(211,60023,74),(389,60023,65),(390,60023,65),(713,60023,56),(714,60023,56),(785,60024,90),(786,60024,90),(516,60024,74),(515,60024,74),(117,60024,65),(118,60024,65),(38,60024,56),(37,60024,56),(371,60025,90),(372,60025,90),(789,60025,74),(790,60025,74),(119,60025,65),(120,60025,65),(103,60025,56),(104,60025,56),(159,60026,90),(160,60026,90),(792,60026,74),(791,60026,74),(401,60026,65),(402,60026,65),(776,60026,56),(775,60026,56),(388,60027,90),(387,60027,90),(131,60027,74),(132,60027,74),(307,60027,65),(308,60027,65),(782,60027,56),(781,60027,56),(651,60028,90),(652,60028,90),(562,60028,74),(561,60028,74),(367,60028,65),(368,60028,65),(724,60028,56),(723,60028,56),(381,60029,90),(382,60029,90),(678,60029,74),(677,60029,74),(763,60029,65),(764,60029,65),(573,60029,56),(574,60029,56),(271,60030,90),(272,60030,90),(689,60030,74),(690,60030,74),(65,60030,65),(66,60030,65),(19,60030,56),(20,60030,56),(489,60031,90),(490,60031,90),(180,60031,74),(179,60031,74),(313,60031,65),(314,60031,65),(584,60031,56),(583,60031,56),(152,60032,90),(151,60032,90),(624,60032,74),(623,60032,74),(296,60032,65),(295,60032,65),(312,60032,56),(311,60032,56),(81,60033,90),(82,60033,90),(796,60033,74),(795,60033,74),(543,60033,65),(544,60033,65),(253,60033,56),(254,60033,56),(41,60034,90),(42,60034,90),(130,60034,74),(129,60034,74),(541,60034,65),(542,60034,65),(284,60034,56),(283,60034,56),(419,60035,90),(420,60035,90),(285,60035,74),(286,60035,74),(45,60035,65),(46,60035,65),(193,60035,56),(194,60035,56),(9,60036,90),(10,60036,90),(487,60036,74),(488,60036,74),(780,60036,65),(779,60036,65),(136,60036,56),(135,60036,56),(536,60037,90),(535,60037,90),(404,60037,74),(403,60037,74),(732,60037,65),(731,60037,65),(157,60037,56),(158,60037,56),(673,60038,90),(674,60038,90),(770,60038,74),(769,60038,74),(412,60038,65),(411,60038,65),(636,60038,56),(635,60038,56),(768,60039,90),(767,60039,90),(435,60039,74),(436,60039,74),(147,60039,65),(148,60039,65),(356,60039,56),(355,60039,56),(344,60040,90),(343,60040,90),(124,60040,74),(123,60040,74),(230,60040,65),(229,60040,65),(449,60040,56),(450,60040,56),(549,60041,90),(550,60041,90),(484,60041,74),(483,60041,74),(2,60041,65),(1,60041,65),(480,60041,56),(479,60041,56),(705,60042,90),(706,60042,90),(481,60042,74),(482,60042,74),(655,60042,65),(656,60042,65),(172,60042,56),(171,60042,56),(721,60043,90),(722,60043,90),(100,60043,74),(99,60043,74),(202,60043,65),(201,60043,65),(182,60043,56),(181,60043,56),(715,60044,90),(716,60044,90),(618,60044,74),(617,60044,74),(220,60044,65),(219,60044,65),(443,60044,56),(444,60044,56),(740,60045,90),(739,60045,90),(235,60045,74),(236,60045,74),(668,60045,65),(667,60045,65),(105,60045,56),(106,60045,56),(379,60046,90),(380,60046,90),(86,60046,74),(85,60046,74),(44,60046,65),(43,60046,65),(619,60046,56),(620,60046,56),(630,60047,90),(629,60047,90),(784,60047,74),(783,60047,74),(753,60047,65),(754,60047,65),(441,60047,56),(442,60047,56),(359,60048,90),(360,60048,90),(710,60048,74),(709,60048,74),(406,60048,65),(405,60048,65),(650,60048,56),(649,60048,56),(556,60049,90),(555,60049,90),(594,60049,74),(593,60049,74),(396,60049,65),(395,60049,65),(688,60049,56),(687,60049,56),(139,60050,90),(140,60050,90),(766,60050,74),(765,60050,74),(637,60050,65),(638,60050,65),(290,60050,56),(289,60050,56),(596,60051,90),(595,60051,90),(78,60051,74),(77,60051,74),(398,60051,65),(397,60051,65),(496,60051,56),(495,60051,56),(208,60052,90),(207,60052,90),(604,60052,74),(603,60052,74),(684,60052,65),(683,60052,65),(338,60052,56),(337,60052,56),(640,60053,90),(639,60053,90),(349,60053,74),(350,60053,74),(772,60053,65),(771,60053,65),(696,60053,56),(695,60053,56),(588,60054,90),(587,60054,90),(107,60054,74),(108,60054,74),(647,60054,65),(648,60054,65),(575,60054,56),(576,60054,56),(439,60055,90),(440,60055,90),(153,60055,74),(154,60055,74),(627,60055,65),(628,60055,65),(409,60055,56),(410,60055,56),(115,60056,90),(116,60056,90),(244,60056,74),(243,60056,74),(685,60056,65),(686,60056,65),(466,60056,56),(465,60056,56),(69,60057,90),(70,60057,90),(255,60057,74),(256,60057,74),(93,60057,65),(94,60057,65),(778,60057,56),(777,60057,56),(472,60058,90),(471,60058,90),(394,60058,74),(393,60058,74),(204,60058,65),(203,60058,65),(98,60058,56),(97,60058,56),(303,60059,90),(304,60059,90),(298,60059,74),(297,60059,74),(293,60059,65),(294,60059,65),(414,60059,56),(413,60059,56),(15,60060,90),(16,60060,90),(50,60060,74),(49,60060,74),(424,60060,65),(423,60060,65),(719,60060,56),(720,60060,56),(491,60061,90),(492,60061,90),(251,60061,74),(252,60061,74),(185,60061,65),(186,60061,65),(67,60061,56),(68,60061,56),(109,60062,90),(110,60062,90),(513,60062,74),(514,60062,74),(728,60062,65),(727,60062,65),(264,60062,56),(263,60062,56),(346,60063,90),(345,60063,90),(665,60063,74),(666,60063,74),(121,60063,65),(122,60063,65),(530,60063,56),(529,60063,56),(605,60064,90),(606,60064,90),(163,60064,74),(164,60064,74),(752,60064,65),(751,60064,65),(214,60064,56),(213,60064,56),(168,60065,90),(167,60065,90),(61,60065,74),(62,60065,74),(287,60065,65),(288,60065,65),(292,60065,56),(291,60065,56),(84,60066,90),(83,60066,90),(112,60066,74),(111,60066,74),(259,60066,65),(260,60066,65),(165,60066,56),(166,60066,56),(228,60067,90),(227,60067,90),(507,60067,74),(508,60067,74),(478,60067,65),(477,60067,65),(32,60067,56),(31,60067,56),(268,60068,90),(267,60068,90),(566,60068,74),(565,60068,74),(189,60068,65),(190,60068,65),(365,60068,56),(366,60068,56),(221,60069,90),(222,60069,90),(458,60069,74),(457,60069,74),(246,60069,65),(245,60069,65),(560,60069,56),(559,60069,56),(209,60070,90),(210,60070,90),(682,60070,74),(681,60070,74),(718,60070,65),(717,60070,65),(416,60070,56),(415,60070,56),(448,60071,90),(447,60071,90),(793,60071,74),(794,60071,74),(18,60071,65),(17,60071,65),(341,60071,56),(342,60071,56),(383,60072,90),(384,60072,90),(537,60072,74),(538,60072,74),(374,60072,65),(373,60072,65),(125,60072,56),(126,60072,56),(309,60073,90),(310,60073,90),(198,60073,74),(197,60073,74),(430,60073,65),(429,60073,65),(773,60073,56),(774,60073,56),(161,60074,90),(162,60074,90),(114,60074,74),(113,60074,74),(64,60074,65),(63,60074,65),(29,60074,56),(30,60074,56),(27,60075,90),(28,60075,90),(358,60075,74),(357,60075,74),(698,60075,65),(697,60075,65),(234,60075,56),(233,60075,56),(694,60076,90),(693,60076,90),(301,60076,74),(302,60076,74),(520,60076,65),(519,60076,65),(270,60076,56),(269,60076,56),(631,60077,90),(632,60077,90),(177,60077,74),(178,60077,74),(175,60077,65),(176,60077,65),(761,60077,56),(762,60077,56),(191,60078,90),(192,60078,90),(659,60078,74),(660,60078,74),(326,60078,65),(325,60078,65),(39,60078,56),(40,60078,56),(517,60079,90),(518,60079,90),(26,60079,74),(25,60079,74),(261,60079,65),(262,60079,65),(277,60079,56),(278,60079,56),(249,60080,90),(250,60080,90),(265,60080,74),(266,60080,74),(726,60080,65),(725,60080,65),(247,60080,56),(248,60080,56),(316,60081,90),(315,60081,90),(743,60081,74),(744,60081,74),(321,60081,65),(322,60081,65),(735,60081,56),(736,60081,56),(601,60082,90),(602,60082,90),(87,60082,74),(88,60082,74),(534,60082,65),(533,60082,65),(96,60082,56),(95,60082,56),(591,60083,90),(592,60083,90),(626,60083,74),(625,60083,74),(578,60083,65),(577,60083,65),(455,60083,56),(456,60083,56),(586,60084,90),(585,60084,90),(348,60084,74),(347,60084,74),(364,60084,65),(363,60084,65),(362,60084,56),(361,60084,56),(144,60085,90),(143,60085,90),(318,60085,74),(317,60085,74),(12,60085,65),(11,60085,65),(670,60085,56),(669,60085,56),(734,60086,90),(733,60086,90),(788,60086,74),(787,60086,74),(280,60086,65),(279,60086,65),(22,60086,56),(21,60086,56),(376,60087,90),(375,60087,90),(729,60087,74),(730,60087,74),(80,60087,65),(79,60087,65),(692,60087,56),(691,60087,56),(564,60088,90),(563,60088,90),(797,60088,74),(798,60088,74),(646,60088,65),(645,60088,65),(579,60088,56),(580,60088,56),(699,60089,90),(700,60089,90),(353,60089,74),(354,60089,74),(327,60089,65),(328,60089,65),(169,60089,56),(170,60089,56),(319,60090,90),(320,60090,90),(334,60090,74),(333,60090,74),(598,60090,65),(597,60090,65),(446,60090,56),(445,60090,56),(329,60091,90),(330,60091,90),(643,60091,74),(644,60091,74),(672,60091,65),(671,60091,65),(503,60091,56),(504,60091,56),(48,60092,90),(47,60092,90),(173,60092,74),(174,60092,74),(92,60092,65),(91,60092,65),(426,60092,56),(425,60092,56),(281,60093,90),(282,60093,90),(60,60093,74),(59,60093,74),(13,60093,65),(14,60093,65),(385,60093,56),(386,60093,56),(462,60094,90),(461,60094,90),(146,60094,74),(145,60094,74),(634,60094,65),(633,60094,65),(206,60094,56),(205,60094,56),(498,60095,90),(497,60095,90),(199,60095,74),(200,60095,74),(661,60095,65),(662,60095,65),(74,60095,56),(73,60095,56),(377,60096,90),(378,60096,90),(34,60096,74),(33,60096,74),(36,60096,65),(35,60096,65),(758,60096,56),(757,60096,56),(528,60097,90),(527,60097,90),(622,60097,74),(621,60097,74),(231,60097,65),(232,60097,65),(547,60097,56),(548,60097,56),(239,60098,90),(240,60098,90),(237,60098,74),(238,60098,74),(760,60098,65),(759,60098,65),(641,60098,56),(642,60098,56),(276,60099,90),(275,60099,90),(453,60099,74),(454,60099,74),(215,60099,65),(216,60099,65),(567,60099,56),(568,60099,56);
/*!40000 ALTER TABLE `speaker_round_6` ENABLE KEYS */;
UNLOCK TABLES;

--
-- Table structure for table `speaker_round_7`
--

DROP TABLE IF EXISTS `speaker_round_7`;
CREATE TABLE `speaker_round_7` (
  `speaker_id` mediumint(9) NOT NULL default '0',
  `debate_id` mediumint(9) NOT NULL default '0',
  `points` smallint(9) NOT NULL default '0',
  PRIMARY KEY  (`speaker_id`)
) ENGINE=MyISAM DEFAULT CHARSET=latin1;

--
-- Dumping data for table `speaker_round_7`
--

LOCK TABLES `speaker_round_7` WRITE;
/*!40000 ALTER TABLE `speaker_round_7` DISABLE KEYS */;
INSERT INTO `speaker_round_7` VALUES (502,70000,90),(501,70000,90),(149,70000,74),(150,70000,74),(407,70000,65),(408,70000,65),(749,70000,56),(750,70000,56),(485,70001,90),(486,70001,90),(58,70001,74),(57,70001,74),(127,70001,65),(128,70001,65),(417,70001,56),(418,70001,56),(524,70002,90),(523,70002,90),(463,70002,74),(464,70002,74),(351,70002,65),(352,70002,65),(616,70002,56),(615,70002,56),(701,70003,90),(702,70003,90),(509,70003,74),(510,70003,74),(183,70003,65),(184,70003,65),(421,70003,56),(422,70003,56),(459,70004,90),(460,70004,90),(664,70004,74),(663,70004,74),(101,70004,65),(102,70004,65),(332,70004,56),(331,70004,56),(704,70005,90),(703,70005,90),(653,70005,74),(654,70005,74),(499,70005,65),(500,70005,65),(242,70005,56),(241,70005,56),(225,70006,90),(226,70006,90),(558,70006,74),(557,70006,74),(553,70006,65),(554,70006,65),(609,70006,56),(610,70006,56),(551,70007,90),(552,70007,90),(51,70007,74),(52,70007,74),(141,70007,65),(142,70007,65),(305,70007,56),(306,70007,56),(741,70008,90),(742,70008,90),(273,70008,74),(274,70008,74),(675,70008,65),(676,70008,65),(755,70008,56),(756,70008,56),(434,70009,90),(433,70009,90),(224,70009,74),(223,70009,74),(391,70009,65),(392,70009,65),(708,70009,56),(707,70009,56),(494,70010,90),(493,70010,90),(195,70010,74),(196,70010,74),(7,70010,65),(8,70010,65),(89,70010,56),(90,70010,56),(539,70011,90),(540,70011,90),(531,70011,74),(532,70011,74),(24,70011,65),(23,70011,65),(785,70011,56),(786,70011,56),(581,70012,90),(582,70012,90),(612,70012,74),(611,70012,74),(41,70012,65),(42,70012,65),(470,70012,56),(469,70012,56),(336,70013,90),(335,70013,90),(745,70013,74),(746,70013,74),(258,70013,65),(257,70013,65),(381,70013,56),(382,70013,56),(521,70014,90),(522,70014,90),(159,70014,74),(160,70014,74),(438,70014,65),(437,70014,65),(81,70014,56),(82,70014,56),(738,70015,90),(737,70015,90),(53,70015,74),(54,70015,74),(467,70015,65),(468,70015,65),(489,70015,56),(490,70015,56),(271,70016,90),(272,70016,90),(799,70016,74),(800,70016,74),(569,70016,65),(570,70016,65),(388,70016,56),(387,70016,56),(651,70017,90),(652,70017,90),(505,70017,74),(506,70017,74),(3,70017,65),(4,70017,65),(152,70017,56),(151,70017,56),(217,70018,90),(218,70018,90),(516,70018,74),(515,70018,74),(299,70018,65),(300,70018,65),(371,70018,56),(372,70018,56),(369,70019,90),(370,70019,90),(212,70019,74),(211,70019,74),(536,70019,65),(535,70019,65),(792,70019,56),(791,70019,56),(339,70020,90),(340,70020,90),(589,70020,74),(590,70020,74),(344,70020,65),(343,70020,65),(324,70020,56),(323,70020,56),(379,70021,90),(380,70021,90),(556,70021,74),(555,70021,74),(131,70021,65),(132,70021,65),(789,70021,56),(790,70021,56),(75,70022,90),(76,70022,90),(187,70022,74),(188,70022,74),(431,70022,65),(432,70022,65),(673,70022,56),(674,70022,56),(156,70023,90),(155,70023,90),(359,70023,74),(360,70023,74),(599,70023,65),(600,70023,65),(796,70023,56),(795,70023,56),(133,70024,90),(134,70024,90),(740,70024,74),(739,70024,74),(9,70024,65),(10,70024,65),(130,70024,56),(129,70024,56),(768,70025,90),(767,70025,90),(715,70025,74),(716,70025,74),(630,70025,65),(629,70025,65),(721,70025,56),(722,70025,56),(689,70026,90),(690,70026,90),(512,70026,74),(511,70026,74),(525,70026,65),(526,70026,65),(711,70026,56),(712,70026,56),(624,70027,90),(623,70027,90),(549,70027,74),(550,70027,74),(180,70027,65),(179,70027,65),(427,70027,56),(428,70027,56),(678,70028,90),(677,70028,90),(419,70028,74),(420,70028,74),(451,70028,65),(452,70028,65),(476,70028,56),(475,70028,56),(472,70029,90),(471,70029,90),(109,70029,74),(110,70029,74),(562,70029,65),(561,70029,65),(705,70029,56),(706,70029,56),(45,70030,90),(46,70030,90),(481,70030,74),(482,70030,74),(484,70030,65),(483,70030,65),(679,70030,56),(680,70030,56),(657,70031,90),(658,70031,90),(400,70031,74),(399,70031,74),(124,70031,65),(123,70031,65),(605,70031,56),(606,70031,56),(401,70032,90),(402,70032,90),(367,70032,74),(368,70032,74),(473,70032,65),(474,70032,65),(588,70032,56),(587,70032,56),(100,70033,90),(99,70033,90),(614,70033,74),(613,70033,74),(487,70033,65),(488,70033,65),(6,70033,56),(5,70033,56),(766,70034,90),(765,70034,90),(596,70034,74),(595,70034,74),(208,70034,65),(207,70034,65),(117,70034,56),(118,70034,56),(285,70035,90),(286,70035,90),(435,70035,74),(436,70035,74),(346,70035,65),(345,70035,65),(69,70035,56),(70,70035,56),(15,70036,90),(16,70036,90),(115,70036,74),(116,70036,74),(439,70036,65),(440,70036,65),(296,70036,56),(295,70036,56),(86,70037,90),(85,70037,90),(303,70037,74),(304,70037,74),(594,70037,65),(593,70037,65),(784,70037,56),(783,70037,56),(137,70038,90),(138,70038,90),(491,70038,74),(492,70038,74),(763,70038,65),(764,70038,65),(710,70038,56),(709,70038,56),(543,70039,90),(544,70039,90),(545,70039,74),(546,70039,74),(71,70039,65),(72,70039,65),(65,70039,56),(66,70039,56),(404,70040,90),(403,70040,90),(119,70040,74),(120,70040,74),(139,70040,65),(140,70040,65),(770,70040,56),(769,70040,56),(235,70041,90),(236,70041,90),(541,70041,74),(542,70041,74),(313,70041,65),(314,70041,65),(389,70041,56),(390,70041,56),(571,70042,90),(572,70042,90),(747,70042,74),(748,70042,74),(307,70042,65),(308,70042,65),(618,70042,56),(617,70042,56),(640,70043,90),(639,70043,90),(724,70043,74),(723,70043,74),(780,70043,65),(779,70043,65),(38,70043,56),(37,70043,56),(412,70044,90),(411,70044,90),(268,70044,74),(267,70044,74),(309,70044,65),(310,70044,65),(713,70044,56),(714,70044,56),(448,70045,90),(447,70045,90),(78,70045,74),(77,70045,74),(776,70045,65),(775,70045,65),(655,70045,56),(656,70045,56),(84,70046,90),(83,70046,90),(694,70046,74),(693,70046,74),(168,70046,65),(167,70046,65),(147,70046,56),(148,70046,56),(604,70047,90),(603,70047,90),(753,70047,74),(754,70047,74),(56,70047,65),(55,70047,65),(221,70047,56),(222,70047,56),(732,70048,90),(731,70048,90),(284,70048,74),(283,70048,74),(349,70048,65),(350,70048,65),(244,70048,56),(243,70048,56),(153,70049,90),(154,70049,90),(394,70049,74),(393,70049,74),(19,70049,65),(20,70049,65),(2,70049,56),(1,70049,56),(406,70050,90),(405,70050,90),(782,70050,74),(781,70050,74),(220,70050,65),(219,70050,65),(230,70050,56),(229,70050,56),(253,70051,90),(254,70051,90),(513,70051,74),(514,70051,74),(255,70051,65),(256,70051,65),(573,70051,56),(574,70051,56),(584,70052,90),(583,70052,90),(228,70052,74),(227,70052,74),(631,70052,65),(632,70052,65),(607,70052,56),(608,70052,56),(161,70053,90),(162,70053,90),(27,70053,74),(28,70053,74),(44,70053,65),(43,70053,65),(107,70053,56),(108,70053,56),(163,70054,90),(164,70054,90),(209,70054,74),(210,70054,74),(396,70054,65),(395,70054,65),(103,70054,56),(104,70054,56),(251,70055,90),(252,70055,90),(637,70055,74),(638,70055,74),(298,70055,65),(297,70055,65),(202,70055,56),(201,70055,56),(668,70056,90),(667,70056,90),(383,70056,74),(384,70056,74),(665,70056,65),(666,70056,65),(50,70056,56),(49,70056,56),(312,70057,90),(311,70057,90),(177,70057,74),(178,70057,74),(301,70057,65),(302,70057,65),(358,70057,56),(357,70057,56),(293,70058,90),(294,70058,90),(650,70058,74),(649,70058,74),(793,70058,65),(794,70058,65),(441,70058,56),(442,70058,56),(112,70059,90),(111,70059,90),(728,70059,74),(727,70059,74),(172,70059,65),(171,70059,65),(591,70059,56),(592,70059,56),(647,70060,90),(648,70060,90),(659,70060,74),(660,70060,74),(61,70060,65),(62,70060,65),(627,70060,56),(628,70060,56),(443,70061,90),(444,70061,90),(424,70061,74),(423,70061,74),(619,70061,65),(620,70061,65),(507,70061,56),(508,70061,56),(105,70062,90),(106,70062,90),(458,70062,74),(457,70062,74),(144,70062,65),(143,70062,65),(316,70062,56),(315,70062,56),(136,70063,90),(135,70063,90),(185,70063,74),(186,70063,74),(517,70063,65),(518,70063,65),(682,70063,56),(681,70063,56),(480,70064,90),(479,70064,90),(566,70064,74),(565,70064,74),(376,70064,65),(375,70064,65),(249,70064,56),(250,70064,56),(121,70065,90),(122,70065,90),(157,70065,74),(158,70065,74),(752,70065,65),(751,70065,65),(636,70065,56),(635,70065,56),(198,70066,90),(197,70066,90),(93,70066,74),(94,70066,74),(191,70066,65),(192,70066,65),(537,70066,56),(538,70066,56),(204,70067,90),(203,70067,90),(193,70067,74),(194,70067,74),(685,70067,65),(686,70067,65),(449,70067,56),(450,70067,56),(114,70068,90),(113,70068,90),(772,70068,74),(771,70068,74),(18,70068,65),(17,70068,65),(182,70068,56),(181,70068,56),(356,70069,90),(355,70069,90),(601,70069,74),(602,70069,74),(734,70069,65),(733,70069,65),(398,70069,56),(397,70069,56),(586,70070,90),(585,70070,90),(564,70070,74),(563,70070,74),(290,70070,65),(289,70070,65),(684,70070,56),(683,70070,56),(718,70071,90),(717,70071,90),(87,70071,74),(88,70071,74),(287,70071,65),(288,70071,65),(318,70071,56),(317,70071,56),(719,70072,90),(720,70072,90),(259,70072,74),(260,70072,74),(26,70072,65),(25,70072,65),(575,70072,56),(576,70072,56),(319,70073,90),(320,70073,90),(788,70073,74),(787,70073,74),(48,70073,65),(47,70073,65),(175,70073,56),(176,70073,56),(496,70074,90),(495,70074,90),(696,70074,74),(695,70074,74),(698,70074,65),(697,70074,65),(265,70074,56),(266,70074,56),(778,70075,90),(777,70075,90),(414,70075,74),(413,70075,74),(189,70075,65),(190,70075,65),(214,70075,56),(213,70075,56),(374,70076,90),(373,70076,90),(326,70076,74),(325,70076,74),(246,70076,65),(245,70076,65),(478,70076,56),(477,70076,56),(281,70077,90),(282,70077,90),(520,70077,74),(519,70077,74),(329,70077,65),(330,70077,65),(67,70077,56),(68,70077,56),(430,70078,90),(429,70078,90),(466,70078,74),(465,70078,74),(743,70078,65),(744,70078,65),(409,70078,56),(410,70078,56),(699,70079,90),(700,70079,90),(64,70079,74),(63,70079,74),(688,70079,65),(687,70079,65),(626,70079,56),(625,70079,56),(338,70080,90),(337,70080,90),(530,70080,74),(529,70080,74),(98,70080,65),(97,70080,65),(729,70080,56),(730,70080,56),(348,70081,90),(347,70081,90),(321,70081,74),(322,70081,74),(264,70081,65),(263,70081,65),(280,70081,56),(279,70081,56),(377,70082,90),(378,70082,90),(29,70082,74),(30,70082,74),(528,70082,65),(527,70082,65),(125,70082,56),(126,70082,56),(261,70083,90),(262,70083,90),(462,70083,74),(461,70083,74),(726,70083,65),(725,70083,65),(173,70083,56),(174,70083,56),(365,70084,90),(366,70084,90),(761,70084,74),(762,70084,74),(334,70084,65),(333,70084,65),(146,70084,56),(145,70084,56),(32,70085,90),(31,70085,90),(534,70085,74),(533,70085,74),(643,70085,65),(644,70085,65),(797,70085,56),(798,70085,56),(80,70086,90),(79,70086,90),(416,70086,74),(415,70086,74),(270,70086,65),(269,70086,65),(773,70086,56),(774,70086,56),(165,70087,90),(166,70087,90),(341,70087,74),(342,70087,74),(34,70087,65),(33,70087,65),(292,70087,56),(291,70087,56),(234,70088,90),(233,70088,90),(353,70088,74),(354,70088,74),(60,70088,65),(59,70088,65),(498,70088,56),(497,70088,56),(560,70089,90),(559,70089,90),(12,70089,74),(11,70089,74),(578,70089,65),(577,70089,65),(364,70089,56),(363,70089,56),(672,70090,90),(671,70090,90),(455,70090,74),(456,70090,74),(670,70090,65),(669,70090,65),(327,70090,56),(328,70090,56),(735,70091,90),(736,70091,90),(247,70091,74),(248,70091,74),(598,70091,65),(597,70091,65),(39,70091,56),(40,70091,56),(92,70092,90),(91,70092,90),(199,70092,74),(200,70092,74),(96,70092,65),(95,70092,65),(13,70092,56),(14,70092,56),(239,70093,90),(240,70093,90),(362,70093,74),(361,70093,74),(22,70093,65),(21,70093,65),(277,70093,56),(278,70093,56),(622,70094,90),(621,70094,90),(646,70094,74),(645,70094,74),(661,70094,65),(662,70094,65),(692,70094,56),(691,70094,56),(36,70095,90),(35,70095,90),(503,70095,74),(504,70095,74),(385,70095,65),(386,70095,65),(426,70095,56),(425,70095,56),(446,70096,90),(445,70096,90),(237,70096,74),(238,70096,74),(231,70096,65),(232,70096,65),(634,70096,56),(633,70096,56),(215,70097,90),(216,70097,90),(276,70097,74),(275,70097,74),(579,70097,65),(580,70097,65),(169,70097,56),(170,70097,56),(758,70098,90),(757,70098,90),(641,70098,74),(642,70098,74),(74,70098,65),(73,70098,65),(567,70098,56),(568,70098,56),(453,70099,90),(454,70099,90),(206,70099,74),(205,70099,74),(547,70099,65),(548,70099,65),(760,70099,56),(759,70099,56);
/*!40000 ALTER TABLE `speaker_round_7` ENABLE KEYS */;
UNLOCK TABLES;

--
-- Table structure for table `speaker_round_8`
--

DROP TABLE IF EXISTS `speaker_round_8`;
CREATE TABLE `speaker_round_8` (
  `speaker_id` mediumint(9) NOT NULL default '0',
  `debate_id` mediumint(9) NOT NULL default '0',
  `points` smallint(9) NOT NULL default '0',
  PRIMARY KEY  (`speaker_id`)
) ENGINE=MyISAM DEFAULT CHARSET=latin1;

--
-- Dumping data for table `speaker_round_8`
--

LOCK TABLES `speaker_round_8` WRITE;
/*!40000 ALTER TABLE `speaker_round_8` DISABLE KEYS */;
INSERT INTO `speaker_round_8` VALUES (502,80000,90),(501,80000,90),(485,80000,74),(486,80000,74),(149,80000,65),(150,80000,65),(459,80000,56),(460,80000,56),(524,80001,90),(523,80001,90),(58,80001,74),(57,80001,74),(701,80001,65),(702,80001,65),(407,80001,56),(408,80001,56),(664,80002,90),(663,80002,90),(551,80002,74),(552,80002,74),(225,80002,65),(226,80002,65),(509,80002,56),(510,80002,56),(127,80003,90),(128,80003,90),(749,80003,74),(750,80003,74),(434,80003,65),(433,80003,65),(463,80003,56),(464,80003,56),(741,80004,90),(742,80004,90),(51,80004,74),(52,80004,74),(704,80004,65),(703,80004,65),(651,80004,56),(652,80004,56),(539,80005,90),(540,80005,90),(336,80005,74),(335,80005,74),(417,80005,65),(418,80005,65),(183,80005,56),(184,80005,56),(224,80006,90),(223,80006,90),(738,80006,74),(737,80006,74),(351,80006,65),(352,80006,65),(653,80006,56),(654,80006,56),(521,80007,90),(522,80007,90),(273,80007,74),(274,80007,74),(271,80007,65),(272,80007,65),(558,80007,56),(557,80007,56),(494,80008,90),(493,80008,90),(156,80008,74),(155,80008,74),(581,80008,65),(582,80008,65),(101,80008,56),(102,80008,56),(531,80009,90),(532,80009,90),(141,80009,74),(142,80009,74),(768,80009,65),(767,80009,65),(339,80009,56),(340,80009,56),(675,80010,90),(676,80010,90),(745,80010,74),(746,80010,74),(740,80010,65),(739,80010,65),(678,80010,56),(677,80010,56),(159,80011,90),(160,80011,90),(332,80011,74),(331,80011,74),(689,80011,65),(690,80011,65),(75,80011,56),(76,80011,56),(612,80012,90),(611,80012,90),(421,80012,74),(422,80012,74),(195,80012,65),(196,80012,65),(799,80012,56),(800,80012,56),(53,80013,90),(54,80013,90),(499,80013,74),(500,80013,74),(391,80013,65),(392,80013,65),(616,80013,56),(615,80013,56),(379,80014,90),(380,80014,90),(217,80014,74),(218,80014,74),(369,80014,65),(370,80014,65),(553,80014,56),(554,80014,56),(133,80015,90),(134,80015,90),(505,80015,74),(506,80015,74),(467,80015,65),(468,80015,65),(624,80015,56),(623,80015,56),(285,80016,90),(286,80016,90),(299,80016,74),(300,80016,74),(640,80016,65),(639,80016,65),(305,80016,56),(306,80016,56),(657,80017,90),(658,80017,90),(512,80017,74),(511,80017,74),(543,80017,65),(544,80017,65),(472,80017,56),(471,80017,56),(766,80018,90),(765,80018,90),(438,80018,74),(437,80018,74),(516,80018,65),(515,80018,65),(15,80018,56),(16,80018,56),(556,80019,90),(555,80019,90),(86,80019,74),(85,80019,74),(41,80019,65),(42,80019,65),(419,80019,56),(420,80019,56),(708,80020,90),(707,80020,90),(589,80020,74),(590,80020,74),(100,80020,65),(99,80020,65),(212,80020,56),(211,80020,56),(359,80021,90),(360,80021,90),(401,80021,74),(402,80021,74),(755,80021,65),(756,80021,65),(187,80021,56),(188,80021,56),(258,80022,90),(257,80022,90),(242,80022,74),(241,80022,74),(7,80022,65),(8,80022,65),(571,80022,56),(572,80022,56),(251,80023,90),(252,80023,90),(549,80023,74),(550,80023,74),(715,80023,65),(716,80023,65),(84,80023,56),(83,80023,56),(609,80024,90),(610,80024,90),(3,80024,74),(4,80024,74),(45,80024,65),(46,80024,65),(24,80024,56),(23,80024,56),(137,80025,90),(138,80025,90),(569,80025,74),(570,80025,74),(404,80025,65),(403,80025,65),(235,80025,56),(236,80025,56),(604,80026,90),(603,80026,90),(435,80026,74),(436,80026,74),(153,80026,65),(154,80026,65),(630,80026,56),(629,80026,56),(115,80027,90),(116,80027,90),(785,80027,74),(786,80027,74),(470,80027,65),(469,80027,65),(131,80027,56),(132,80027,56),(614,80028,90),(613,80028,90),(541,80028,74),(542,80028,74),(400,80028,65),(399,80028,65),(371,80028,56),(372,80028,56),(596,80029,90),(595,80029,90),(412,80029,74),(411,80029,74),(163,80029,65),(164,80029,65),(536,80029,56),(535,80029,56),(161,80030,90),(162,80030,90),(406,80030,74),(405,80030,74),(81,80030,65),(82,80030,65),(89,80030,56),(90,80030,56),(431,80031,90),(432,80031,90),(303,80031,74),(304,80031,74),(119,80031,65),(120,80031,65),(448,80031,56),(447,80031,56),(491,80032,90),(492,80032,90),(747,80032,74),(748,80032,74),(344,80032,65),(343,80032,65),(525,80032,56),(526,80032,56),(388,80033,90),(387,80033,90),(668,80033,74),(667,80033,74),(451,80033,65),(452,80033,65),(489,80033,56),(490,80033,56),(599,80034,90),(600,80034,90),(204,80034,74),(203,80034,74),(253,80034,65),(254,80034,65),(381,80034,56),(382,80034,56),(152,80035,90),(151,80035,90),(562,80035,74),(561,80035,74),(180,80035,65),(179,80035,65),(312,80035,56),(311,80035,56),(109,80036,90),(110,80036,90),(584,80036,74),(583,80036,74),(545,80036,65),(546,80036,65),(9,80036,56),(10,80036,56),(367,80037,90),(368,80037,90),(268,80037,74),(267,80037,74),(732,80037,65),(731,80037,65),(481,80037,56),(482,80037,56),(356,80038,90),(355,80038,90),(480,80038,74),(479,80038,74),(473,80038,65),(474,80038,65),(293,80038,56),(294,80038,56),(476,80039,90),(475,80039,90),(724,80039,74),(723,80039,74),(694,80039,65),(693,80039,65),(307,80039,56),(308,80039,56),(324,80040,90),(323,80040,90),(792,80040,74),(791,80040,74),(586,80040,65),(585,80040,65),(78,80040,56),(77,80040,56),(484,80041,90),(483,80041,90),(770,80041,74),(769,80041,74),(383,80041,65),(384,80041,65),(121,80041,56),(122,80041,56),(27,80042,90),(28,80042,90),(796,80042,74),(795,80042,74),(130,80042,65),(129,80042,65),(427,80042,56),(428,80042,56),(394,80043,90),(393,80043,90),(753,80043,74),(754,80043,74),(705,80043,65),(706,80043,65),(114,80043,56),(113,80043,56),(711,80044,90),(712,80044,90),(228,80044,74),(227,80044,74),(71,80044,65),(72,80044,65),(56,80044,56),(55,80044,56),(139,80045,90),(140,80045,90),(721,80045,74),(722,80045,74),(346,80045,65),(345,80045,65),(208,80045,56),(207,80045,56),(443,80046,90),(444,80046,90),(105,80046,74),(106,80046,74),(209,80046,65),(210,80046,65),(637,80046,56),(638,80046,56),(136,80047,90),(135,80047,90),(513,80047,74),(514,80047,74),(776,80047,65),(775,80047,65),(763,80047,56),(764,80047,56),(112,80048,90),(111,80048,90),(789,80048,74),(790,80048,74),(284,80048,65),(283,80048,65),(313,80048,56),(314,80048,56),(647,80049,90),(648,80049,90),(782,80049,74),(781,80049,74),(673,80049,65),(674,80049,65),(439,80049,56),(440,80049,56),(487,80050,90),(488,80050,90),(198,80050,74),(197,80050,74),(594,80050,65),(593,80050,65),(124,80050,56),(123,80050,56),(588,80051,90),(587,80051,90),(6,80051,74),(5,80051,74),(338,80051,65),(337,80051,65),(772,80051,56),(771,80051,56),(281,80052,90),(282,80052,90),(349,80052,74),(350,80052,74),(699,80052,65),(700,80052,65),(19,80052,56),(20,80052,56),(389,80053,90),(390,80053,90),(185,80053,74),(186,80053,74),(718,80053,65),(717,80053,65),(168,80053,56),(167,80053,56),(309,80054,90),(310,80054,90),(458,80054,74),(457,80054,74),(193,80054,65),(194,80054,65),(566,80054,56),(565,80054,56),(255,80055,90),(256,80055,90),(65,80055,74),(66,80055,74),(728,80055,65),(727,80055,65),(44,80055,56),(43,80055,56),(424,80056,90),(423,80056,90),(157,80056,74),(158,80056,74),(430,80056,65),(429,80056,65),(778,80056,56),(777,80056,56),(650,80057,90),(649,80057,90),(710,80057,74),(709,80057,74),(605,80057,65),(606,80057,65),(93,80057,56),(94,80057,56),(665,80058,90),(666,80058,90),(177,80058,74),(178,80058,74),(618,80058,65),(617,80058,65),(601,80058,56),(602,80058,56),(679,80059,90),(680,80059,90),(319,80059,74),(320,80059,74),(496,80059,65),(495,80059,65),(396,80059,56),(395,80059,56),(374,80060,90),(373,80060,90),(296,80060,74),(295,80060,74),(631,80060,65),(632,80060,65),(117,80060,56),(118,80060,56),(69,80061,90),(70,80061,90),(780,80061,74),(779,80061,74),(719,80061,65),(720,80061,65),(220,80061,56),(219,80061,56),(784,80062,90),(783,80062,90),(348,80062,74),(347,80062,74),(659,80062,65),(660,80062,65),(298,80062,56),(297,80062,56),(685,80063,90),(686,80063,90),(696,80063,74),(695,80063,74),(107,80063,65),(108,80063,65),(365,80063,56),(366,80063,56),(191,80064,90),(192,80064,90),(2,80064,74),(1,80064,74),(38,80064,65),(37,80064,65),(734,80064,56),(733,80064,56),(244,80065,90),(243,80065,90),(301,80065,74),(302,80065,74),(326,80065,65),(325,80065,65),(414,80065,56),(413,80065,56),(376,80066,90),(375,80066,90),(103,80066,74),(104,80066,74),(564,80066,65),(563,80066,65),(165,80066,56),(166,80066,56),(466,80067,90),(465,80067,90),(50,80067,74),(49,80067,74),(234,80067,65),(233,80067,65),(530,80067,56),(529,80067,56),(517,80068,90),(518,80068,90),(80,80068,74),(79,80068,74),(655,80068,65),(656,80068,65),(61,80068,56),(62,80068,56),(560,80069,90),(559,80069,90),(221,80069,74),(222,80069,74),(147,80069,65),(148,80069,65),(172,80069,56),(171,80069,56),(607,80070,90),(608,80070,90),(87,80070,74),(88,80070,74),(573,80070,65),(574,80070,65),(520,80070,56),(519,80070,56),(788,80071,90),(787,80071,90),(144,80071,74),(143,80071,74),(64,80071,65),(63,80071,65),(261,80071,56),(262,80071,56),(713,80072,90),(714,80072,90),(619,80072,74),(620,80072,74),(230,80072,65),(229,80072,65),(752,80072,56),(751,80072,56),(202,80073,90),(201,80073,90),(32,80073,74),(31,80073,74),(377,80073,65),(378,80073,65),(259,80073,56),(260,80073,56),(793,80074,90),(794,80074,90),(26,80074,74),(25,80074,74),(684,80074,65),(683,80074,65),(264,80074,56),(263,80074,56),(189,80075,90),(190,80075,90),(462,80075,74),(461,80075,74),(321,80075,65),(322,80075,65),(416,80075,56),(415,80075,56),(441,80076,90),(442,80076,90),(622,80076,74),(621,80076,74),(246,80076,65),(245,80076,65),(682,80076,56),(681,80076,56),(688,80077,90),(687,80077,90),(239,80077,74),(240,80077,74),(290,80077,65),(289,80077,65),(18,80077,56),(17,80077,56),(358,80078,90),(357,80078,90),(287,80078,74),(288,80078,74),(449,80078,65),(450,80078,65),(591,80078,56),(592,80078,56),(341,80079,90),(342,80079,90),(48,80079,74),(47,80079,74),(507,80079,65),(508,80079,65),(672,80079,56),(671,80079,56),(329,80080,90),(330,80080,90),(92,80080,74),(91,80080,74),(249,80080,65),(250,80080,65),(698,80080,56),(697,80080,56),(537,80081,90),(538,80081,90),(735,80081,74),(736,80081,74),(743,80081,65),(744,80081,65),(29,80081,56),(30,80081,56),(353,80082,90),(354,80082,90),(316,80082,74),(315,80082,74),(12,80082,65),(11,80082,65),(98,80082,56),(97,80082,56),(182,80083,90),(181,80083,90),(636,80083,74),(635,80083,74),(534,80083,65),(533,80083,65),(627,80083,56),(628,80083,56),(214,80084,90),(213,80084,90),(398,80084,74),(397,80084,74),(247,80084,65),(248,80084,65),(761,80084,56),(762,80084,56),(643,80085,90),(644,80085,90),(409,80085,74),(410,80085,74),(729,80085,65),(730,80085,65),(334,80085,56),(333,80085,56),(318,80086,90),(317,80086,90),(575,80086,74),(576,80086,74),(199,80086,65),(200,80086,65),(36,80086,56),(35,80086,56),(67,80087,90),(68,80087,90),(578,80087,74),(577,80087,74),(626,80087,65),(625,80087,65),(726,80087,56),(725,80087,56),(175,80088,90),(176,80088,90),(478,80088,74),(477,80088,74),(265,80088,65),(266,80088,65),(455,80088,56),(456,80088,56),(364,80089,90),(363,80089,90),(446,80089,74),(445,80089,74),(362,80089,65),(361,80089,65),(646,80089,56),(645,80089,56),(270,80090,90),(269,80090,90),(528,80090,74),(527,80090,74),(34,80090,65),(33,80090,65),(60,80090,56),(59,80090,56),(598,80091,90),(597,80091,90),(280,80091,74),(279,80091,74),(692,80091,65),(691,80091,65),(96,80091,56),(95,80091,56),(22,80092,90),(21,80092,90),(237,80092,74),(238,80092,74),(215,80092,65),(216,80092,65),(773,80092,56),(774,80092,56),(453,80093,90),(454,80093,90),(276,80093,74),(275,80093,74),(661,80093,65),(662,80093,65),(758,80093,56),(757,80093,56),(503,80094,90),(504,80094,90),(146,80094,74),(145,80094,74),(670,80094,65),(669,80094,65),(797,80094,56),(798,80094,56),(125,80095,90),(126,80095,90),(173,80095,74),(174,80095,74),(498,80095,65),(497,80095,65),(292,80095,56),(291,80095,56),(206,80096,90),(205,80096,90),(327,80096,74),(328,80096,74),(39,80096,65),(40,80096,65),(579,80096,56),(580,80096,56),(231,80097,90),(232,80097,90),(13,80097,74),(14,80097,74),(385,80097,65),(386,80097,65),(277,80097,56),(278,80097,56),(426,80098,90),(425,80098,90),(169,80098,74),(170,80098,74),(634,80098,65),(633,80098,65),(641,80098,56),(642,80098,56),(547,80099,90),(548,80099,90),(74,80099,74),(73,80099,74),(567,80099,65),(568,80099,65),(760,80099,56),(759,80099,56);
/*!40000 ALTER TABLE `speaker_round_8` ENABLE KEYS */;
UNLOCK TABLES;

--
-- Table structure for table `speaker_round_9`
--

DROP TABLE IF EXISTS `speaker_round_9`;
CREATE TABLE `speaker_round_9` (
  `speaker_id` mediumint(9) NOT NULL default '0',
  `debate_id` mediumint(9) NOT NULL default '0',
  `points` smallint(9) NOT NULL default '0',
  PRIMARY KEY  (`speaker_id`)
) ENGINE=MyISAM DEFAULT CHARSET=latin1;

--
-- Dumping data for table `speaker_round_9`
--

LOCK TABLES `speaker_round_9` WRITE;
/*!40000 ALTER TABLE `speaker_round_9` DISABLE KEYS */;
INSERT INTO `speaker_round_9` VALUES (485,90000,90),(486,90000,90),(502,90000,74),(501,90000,74),(524,90000,65),(523,90000,65),(127,90000,56),(128,90000,56),(58,90001,90),(57,90001,90),(224,90001,74),(223,90001,74),(741,90001,65),(742,90001,65),(664,90001,56),(663,90001,56),(701,90002,90),(702,90002,90),(521,90002,74),(522,90002,74),(539,90002,65),(540,90002,65),(149,90002,56),(150,90002,56),(551,90003,90),(552,90003,90),(407,90003,74),(408,90003,74),(749,90003,65),(750,90003,65),(494,90003,56),(493,90003,56),(459,90004,90),(460,90004,90),(336,90004,74),(335,90004,74),(273,90004,65),(274,90004,65),(738,90004,56),(737,90004,56),(133,90005,90),(134,90005,90),(225,90005,74),(226,90005,74),(531,90005,65),(532,90005,65),(704,90005,56),(703,90005,56),(675,90006,90),(676,90006,90),(379,90006,74),(380,90006,74),(159,90006,65),(160,90006,65),(51,90006,56),(52,90006,56),(612,90007,90),(611,90007,90),(434,90007,74),(433,90007,74),(53,90007,65),(54,90007,65),(417,90007,56),(418,90007,56),(258,90008,90),(257,90008,90),(509,90008,74),(510,90008,74),(766,90008,65),(765,90008,65),(421,90008,56),(422,90008,56),(351,90009,90),(352,90009,90),(657,90009,74),(658,90009,74),(745,90009,65),(746,90009,65),(609,90009,56),(610,90009,56),(556,90010,90),(555,90010,90),(332,90010,74),(331,90010,74),(581,90010,65),(582,90010,65),(271,90010,56),(272,90010,56),(141,90011,90),(142,90011,90),(285,90011,74),(286,90011,74),(137,90011,65),(138,90011,65),(463,90011,56),(464,90011,56),(708,90012,90),(707,90012,90),(499,90012,74),(500,90012,74),(505,90012,65),(506,90012,65),(217,90012,56),(218,90012,56),(359,90013,90),(360,90013,90),(3,90013,74),(4,90013,74),(101,90013,65),(102,90013,65),(156,90013,56),(155,90013,56),(183,90014,90),(184,90014,90),(195,90014,74),(196,90014,74),(512,90014,65),(511,90014,65),(491,90014,56),(492,90014,56),(86,90015,90),(85,90015,90),(299,90015,74),(300,90015,74),(115,90015,65),(116,90015,65),(614,90015,56),(613,90015,56),(569,90016,90),(570,90016,90),(596,90016,74),(595,90016,74),(651,90016,65),(652,90016,65),(367,90016,56),(368,90016,56),(653,90017,90),(654,90017,90),(689,90017,74),(690,90017,74),(388,90017,65),(387,90017,65),(431,90017,56),(432,90017,56),(438,90018,90),(437,90018,90),(589,90018,74),(590,90018,74),(768,90018,65),(767,90018,65),(152,90018,56),(151,90018,56),(549,90019,90),(550,90019,90),(599,90019,74),(600,90019,74),(401,90019,65),(402,90019,65),(391,90019,56),(392,90019,56),(369,90020,90),(370,90020,90),(604,90020,74),(603,90020,74),(161,90020,65),(162,90020,65),(558,90020,56),(557,90020,56),(251,90021,90),(252,90021,90),(139,90021,74),(140,90021,74),(242,90021,65),(241,90021,65),(109,90021,56),(110,90021,56),(356,90022,90),(355,90022,90),(487,90022,74),(488,90022,74),(136,90022,65),(135,90022,65),(112,90022,56),(111,90022,56),(412,90023,90),(411,90023,90),(678,90023,74),(677,90023,74),(100,90023,65),(99,90023,65),(755,90023,56),(756,90023,56),(75,90024,90),(76,90024,90),(516,90024,74),(515,90024,74),(543,90024,65),(544,90024,65),(45,90024,56),(46,90024,56),(747,90025,90),(748,90025,90),(443,90025,74),(444,90025,74),(435,90025,65),(436,90025,65),(647,90025,56),(648,90025,56),(484,90026,90),(483,90026,90),(715,90026,74),(716,90026,74),(476,90026,65),(475,90026,65),(27,90026,56),(28,90026,56),(616,90027,90),(615,90027,90),(339,90027,74),(340,90027,74),(541,90027,65),(542,90027,65),(404,90027,56),(403,90027,56),(562,90028,90),(561,90028,90),(394,90028,74),(393,90028,74),(640,90028,65),(639,90028,65),(740,90028,56),(739,90028,56),(553,90029,90),(554,90029,90),(785,90029,74),(786,90029,74),(406,90029,65),(405,90029,65),(624,90029,56),(623,90029,56),(467,90030,90),(468,90030,90),(799,90030,74),(800,90030,74),(324,90030,65),(323,90030,65),(7,90030,56),(8,90030,56),(711,90031,90),(712,90031,90),(303,90031,74),(304,90031,74),(584,90031,65),(583,90031,65),(668,90031,56),(667,90031,56),(41,90032,90),(42,90032,90),(163,90032,74),(164,90032,74),(255,90032,65),(256,90032,65),(480,90032,56),(479,90032,56),(153,90033,90),(154,90033,90),(69,90033,74),(70,90033,74),(472,90033,65),(471,90033,65),(588,90033,56),(587,90033,56),(344,90034,90),(343,90034,90),(15,90034,74),(16,90034,74),(212,90034,65),(211,90034,65),(204,90034,56),(203,90034,56),(571,90035,90),(572,90035,90),(198,90035,74),(197,90035,74),(650,90035,65),(649,90035,65),(784,90035,56),(783,90035,56),(24,90036,90),(23,90036,90),(513,90036,74),(514,90036,74),(419,90036,65),(420,90036,65),(309,90036,56),(310,90036,56),(792,90037,90),(791,90037,90),(451,90037,74),(452,90037,74),(81,90037,65),(82,90037,65),(665,90037,56),(666,90037,56),(732,90038,90),(731,90038,90),(789,90038,74),(790,90038,74),(180,90038,65),(179,90038,65),(724,90038,56),(723,90038,56),(235,90039,90),(236,90039,90),(374,90039,74),(373,90039,74),(305,90039,65),(306,90039,65),(545,90039,56),(546,90039,56),(470,90040,90),(469,90040,90),(424,90040,74),(423,90040,74),(268,90040,65),(267,90040,65),(253,90040,56),(254,90040,56),(753,90041,90),(754,90041,90),(679,90041,74),(680,90041,74),(796,90041,65),(795,90041,65),(105,90041,56),(106,90041,56),(400,90042,90),(399,90042,90),(281,90042,74),(282,90042,74),(721,90042,65),(722,90042,65),(782,90042,56),(781,90042,56),(228,90043,90),(227,90043,90),(119,90043,74),(120,90043,74),(389,90043,65),(390,90043,65),(187,90043,56),(188,90043,56),(319,90044,90),(320,90044,90),(9,90044,74),(10,90044,74),(383,90044,65),(384,90044,65),(713,90044,56),(714,90044,56),(346,90045,90),(345,90045,90),(6,90045,74),(5,90045,74),(793,90045,65),(794,90045,65),(157,90045,56),(158,90045,56),(348,90046,90),(347,90046,90),(673,90046,74),(674,90046,74),(788,90046,65),(787,90046,65),(770,90046,56),(769,90046,56),(536,90047,90),(535,90047,90),(185,90047,74),(186,90047,74),(694,90047,65),(693,90047,65),(458,90047,56),(457,90047,56),(607,90048,90),(608,90048,90),(466,90048,74),(465,90048,74),(84,90048,65),(83,90048,65),(381,90048,56),(382,90048,56),(481,90049,90),(482,90049,90),(89,90049,74),(90,90049,74),(349,90049,65),(350,90049,65),(448,90049,56),(447,90049,56),(489,90050,90),(490,90050,90),(284,90050,74),(283,90050,74),(685,90050,65),(686,90050,65),(296,90050,56),(295,90050,56),(705,90051,90),(706,90051,90),(65,90051,74),(66,90051,74),(517,90051,65),(518,90051,65),(191,90051,56),(192,90051,56),(473,90052,90),(474,90052,90),(244,90052,74),(243,90052,74),(131,90052,65),(132,90052,65),(780,90052,56),(779,90052,56),(710,90053,90),(709,90053,90),(312,90053,74),(311,90053,74),(525,90053,65),(526,90053,65),(202,90053,56),(201,90053,56),(209,90054,90),(210,90054,90),(586,90054,74),(585,90054,74),(594,90054,65),(593,90054,65),(560,90054,56),(559,90054,56),(630,90055,90),(629,90055,90),(371,90055,74),(372,90055,74),(71,90055,65),(72,90055,65),(376,90055,56),(375,90055,56),(189,90056,90),(190,90056,90),(130,90056,74),(129,90056,74),(221,90056,65),(222,90056,65),(177,90056,56),(178,90056,56),(659,90057,90),(660,90057,90),(430,90057,74),(429,90057,74),(301,90057,65),(302,90057,65),(329,90057,56),(330,90057,56),(728,90058,90),(727,90058,90),(619,90058,74),(620,90058,74),(2,90058,65),(1,90058,65),(87,90058,56),(88,90058,56),(719,90059,90),(720,90059,90),(631,90059,74),(632,90059,74),(313,90059,65),(314,90059,65),(427,90059,56),(428,90059,56),(32,90060,90),(31,90060,90),(439,90060,74),(440,90060,74),(763,90060,65),(764,90060,65),(208,90060,56),(207,90060,56),(80,90061,90),(79,90061,90),(699,90061,74),(700,90061,74),(605,90061,65),(606,90061,65),(341,90061,56),(342,90061,56),(103,90062,90),(104,90062,90),(718,90062,74),(717,90062,74),(496,90062,65),(495,90062,65),(696,90062,56),(695,90062,56),(688,90063,90),(687,90063,90),(618,90063,74),(617,90063,74),(78,90063,65),(77,90063,65),(124,90063,56),(123,90063,56),(144,90064,90),(143,90064,90),(182,90064,74),(181,90064,74),(441,90064,65),(442,90064,65),(537,90064,56),(538,90064,56),(114,90065,90),(113,90065,90),(776,90065,74),(775,90065,74),(307,90065,65),(308,90065,65),(121,90065,56),(122,90065,56),(637,90066,90),(638,90066,90),(50,90066,74),(49,90066,74),(293,90066,65),(294,90066,65),(358,90066,56),(357,90066,56),(193,90067,90),(194,90067,90),(353,90067,74),(354,90067,74),(772,90067,65),(771,90067,65),(338,90067,56),(337,90067,56),(67,90068,90),(68,90068,90),(26,90068,74),(25,90068,74),(117,90068,65),(118,90068,65),(377,90068,56),(378,90068,56),(643,90069,90),(644,90069,90),(316,90069,74),(315,90069,74),(287,90069,65),(288,90069,65),(564,90069,56),(563,90069,56),(38,90070,90),(37,90070,90),(92,90070,74),(91,90070,74),(175,90070,65),(176,90070,65),(19,90070,56),(20,90070,56),(601,90071,90),(602,90071,90),(234,90071,74),(233,90071,74),(778,90071,65),(777,90071,65),(239,90071,56),(240,90071,56),(462,90072,90),(461,90072,90),(214,90072,74),(213,90072,74),(622,90072,65),(621,90072,65),(636,90072,56),(635,90072,56),(398,90073,90),(397,90073,90),(220,90073,74),(219,90073,74),(107,90073,65),(108,90073,65),(318,90073,56),(317,90073,56),(396,90074,90),(395,90074,90),(230,90074,74),(229,90074,74),(56,90074,65),(55,90074,65),(655,90074,56),(656,90074,56),(93,90075,90),(94,90075,90),(735,90075,74),(736,90075,74),(566,90075,65),(565,90075,65),(298,90075,56),(297,90075,56),(326,90076,90),(325,90076,90),(573,90076,74),(574,90076,74),(48,90076,65),(47,90076,65),(270,90076,56),(269,90076,56),(147,90077,90),(148,90077,90),(168,90077,74),(167,90077,74),(44,90077,65),(43,90077,65),(64,90077,56),(63,90077,56),(534,90078,90),(533,90078,90),(22,90078,74),(21,90078,74),(446,90078,65),(445,90078,65),(598,90078,56),(597,90078,56),(249,90079,90),(250,90079,90),(321,90079,74),(322,90079,74),(752,90079,65),(751,90079,65),(520,90079,56),(519,90079,56),(365,90080,90),(366,90080,90),(478,90080,74),(477,90080,74),(259,90080,65),(260,90080,65),(743,90080,56),(744,90080,56),(12,90081,90),(11,90081,90),(528,90081,74),(527,90081,74),(578,90081,65),(577,90081,65),(125,90081,56),(126,90081,56),(364,90082,90),(363,90082,90),(61,90082,74),(62,90082,74),(503,90082,65),(504,90082,65),(409,90082,56),(410,90082,56),(414,90083,90),(413,90083,90),(575,90083,74),(576,90083,74),(449,90083,65),(450,90083,65),(734,90083,56),(733,90083,56),(530,90084,90),(529,90084,90),(684,90084,74),(683,90084,74),(507,90084,65),(508,90084,65),(290,90084,56),(289,90084,56),(172,90085,90),(171,90085,90),(261,90085,74),(262,90085,74),(453,90085,65),(454,90085,65),(246,90085,56),(245,90085,56),(165,90086,90),(166,90086,90),(280,90086,74),(279,90086,74),(627,90086,65),(628,90086,65),(173,90086,56),(174,90086,56),(264,90087,90),(263,90087,90),(362,90087,74),(361,90087,74),(18,90087,65),(17,90087,65),(231,90087,56),(232,90087,56),(276,90088,90),(275,90088,90),(672,90088,74),(671,90088,74),(199,90088,65),(200,90088,65),(626,90088,56),(625,90088,56),(98,90089,90),(97,90089,90),(729,90089,74),(730,90089,74),(591,90089,65),(592,90089,65),(761,90089,56),(762,90089,56),(265,90090,90),(266,90090,90),(247,90090,74),(248,90090,74),(237,90090,65),(238,90090,65),(29,90090,56),(30,90090,56),(146,90091,90),(145,90091,90),(416,90091,74),(415,90091,74),(206,90091,65),(205,90091,65),(682,90091,56),(681,90091,56),(60,90092,90),(59,90092,90),(36,90092,74),(35,90092,74),(698,90092,65),(697,90092,65),(334,90092,56),(333,90092,56),(547,90093,90),(548,90093,90),(34,90093,74),(33,90093,74),(292,90093,65),(291,90093,65),(726,90093,56),(725,90093,56),(426,90094,90),(425,90094,90),(646,90094,74),(645,90094,74),(327,90094,65),(328,90094,65),(215,90094,56),(216,90094,56),(498,90095,90),(497,90095,90),(13,90095,74),(14,90095,74),(670,90095,65),(669,90095,65),(455,90095,56),(456,90095,56),(773,90096,90),(774,90096,90),(39,90096,74),(40,90096,74),(169,90096,65),(170,90096,65),(277,90096,56),(278,90096,56),(758,90097,90),(757,90097,90),(96,90097,74),(95,90097,74),(692,90097,65),(691,90097,65),(661,90097,56),(662,90097,56),(385,90098,90),(386,90098,90),(797,90098,74),(798,90098,74),(74,90098,65),(73,90098,65),(634,90098,56),(633,90098,56),(567,90099,90),(568,90099,90),(579,90099,74),(580,90099,74),(641,90099,65),(642,90099,65),(760,90099,56),(759,90099,56);
/*!40000 ALTER TABLE `speaker_round_9` ENABLE KEYS */;
UNLOCK TABLES;

--
-- Table structure for table `team`
--

DROP TABLE IF EXISTS `team`;
CREATE TABLE `team` (
  `team_id` mediumint(9) NOT NULL auto_increment,
  `univ_id` mediumint(9) NOT NULL default '0',
  `team_code` varchar(20) NOT NULL default '',
  `esl` enum('N','Y') NOT NULL default 'N',
  `active` enum('N','Y') NOT NULL default 'N',
  `composite` enum('N','Y') NOT NULL default 'Y',
  PRIMARY KEY  (`team_id`),
  UNIQUE KEY `univ_id` (`univ_id`,`team_code`)
) ENGINE=MyISAM AUTO_INCREMENT=401 DEFAULT CHARSET=latin1 COMMENT='Team Table';

--
-- Dumping data for table `team`
--

LOCK TABLES `team` WRITE;
/*!40000 ALTER TABLE `team` DISABLE KEYS */;
INSERT INTO `team` VALUES (1,1,'A','N','Y','N'),(2,1,'B','N','Y','N'),(3,1,'C','N','Y','N'),(4,1,'D','N','Y','N'),(5,1,'E','N','Y','N'),(6,1,'F','N','Y','N'),(7,1,'G','N','Y','N'),(8,1,'H','N','Y','N'),(9,1,'I','N','Y','N'),(10,1,'J','N','Y','N'),(11,1,'K','N','Y','N'),(12,1,'L','N','Y','N'),(13,1,'M','N','Y','N'),(14,1,'N','N','Y','N'),(15,1,'O','N','Y','N'),(16,1,'P','N','Y','N'),(17,1,'Q','N','Y','N'),(18,1,'R','N','Y','N'),(19,1,'S','N','Y','N'),(20,1,'T','N','Y','N'),(21,1,'U','N','Y','N'),(22,1,'V','N','Y','N'),(23,1,'W','N','Y','N'),(24,1,'X','N','Y','N'),(25,1,'Y','N','Y','N'),(26,1,'Z','N','Y','N'),(27,2,'A','N','Y','N'),(28,2,'B','N','Y','N'),(29,2,'C','N','Y','N'),(30,2,'D','N','Y','N'),(31,2,'E','N','Y','N'),(32,2,'F','N','Y','N'),(33,2,'G','N','Y','N'),(34,2,'H','N','Y','N'),(35,2,'I','N','Y','N'),(36,2,'J','N','Y','N'),(37,2,'K','N','Y','N'),(38,2,'L','N','Y','N'),(39,2,'M','N','Y','N'),(40,2,'N','N','Y','N'),(41,2,'O','N','Y','N'),(42,2,'P','N','Y','N'),(43,2,'Q','N','Y','N'),(44,2,'R','N','Y','N'),(45,2,'S','N','Y','N'),(46,2,'T','N','Y','N'),(47,2,'U','N','Y','N'),(48,2,'V','N','Y','N'),(49,2,'W','N','Y','N'),(50,2,'X','N','Y','N'),(51,2,'Y','N','Y','N'),(52,2,'Z','N','Y','N'),(53,3,'A','N','Y','N'),(54,3,'B','N','Y','N'),(55,3,'C','N','Y','N'),(56,3,'D','N','Y','N'),(57,3,'E','N','Y','N'),(58,3,'F','N','Y','N'),(59,3,'G','N','Y','N'),(60,3,'H','N','Y','N'),(61,3,'I','N','Y','N'),(62,3,'J','N','Y','N'),(63,3,'K','N','Y','N'),(64,3,'L','N','Y','N'),(65,3,'M','N','Y','N'),(66,3,'N','N','Y','N'),(67,3,'O','N','Y','N'),(68,3,'P','N','Y','N'),(69,3,'Q','N','Y','N'),(70,3,'R','N','Y','N'),(71,3,'S','N','Y','N'),(72,3,'T','N','Y','N'),(73,3,'U','N','Y','N'),(74,3,'V','N','Y','N'),(75,3,'W','N','Y','N'),(76,3,'X','N','Y','N'),(77,3,'Y','N','Y','N'),(78,3,'Z','N','Y','N'),(79,4,'A','N','Y','N'),(80,4,'B','N','Y','N'),(81,4,'C','N','Y','N'),(82,4,'D','N','Y','N'),(83,4,'E','N','Y','N'),(84,4,'F','N','Y','N'),(85,4,'G','N','Y','N'),(86,4,'H','N','Y','N'),(87,4,'I','N','Y','N'),(88,4,'J','N','Y','N'),(89,4,'K','N','Y','N'),(90,4,'L','N','Y','N'),(91,4,'M','N','Y','N'),(92,4,'N','N','Y','N'),(93,4,'O','N','Y','N'),(94,4,'P','N','Y','N'),(95,4,'Q','N','Y','N'),(96,4,'R','N','Y','N'),(97,4,'S','N','Y','N'),(98,4,'T','N','Y','N'),(99,4,'U','N','Y','N'),(100,4,'V','N','Y','N'),(101,4,'W','N','Y','N'),(102,4,'X','N','Y','N'),(103,4,'Y','N','Y','N'),(104,4,'Z','N','Y','N'),(105,5,'A','N','Y','N'),(106,5,'B','N','Y','N'),(107,5,'C','N','Y','N'),(108,5,'D','N','Y','N'),(109,5,'E','N','Y','N'),(110,5,'F','N','Y','N'),(111,5,'G','N','Y','N'),(112,5,'H','N','Y','N'),(113,5,'I','N','Y','N'),(114,5,'J','N','Y','N'),(115,5,'K','N','Y','N'),(116,5,'L','N','Y','N'),(117,5,'M','N','Y','N'),(118,5,'N','N','Y','N'),(119,5,'O','N','Y','N'),(120,5,'P','N','Y','N'),(121,5,'Q','N','Y','N'),(122,5,'R','N','Y','N'),(123,5,'S','N','Y','N'),(124,5,'T','N','Y','N'),(125,5,'U','N','Y','N'),(126,5,'V','N','Y','N'),(127,5,'W','N','Y','N'),(128,5,'X','N','Y','N'),(129,5,'Y','N','Y','N'),(130,5,'Z','N','Y','N'),(131,6,'A','N','Y','N'),(132,6,'B','N','Y','N'),(133,6,'C','N','Y','N'),(134,6,'D','N','Y','N'),(135,6,'E','N','Y','N'),(136,6,'F','N','Y','N'),(137,6,'G','N','Y','N'),(138,6,'H','N','Y','N'),(139,6,'I','N','Y','N'),(140,6,'J','N','Y','N'),(141,6,'K','N','Y','N'),(142,6,'L','N','Y','N'),(143,6,'M','N','Y','N'),(144,6,'N','N','Y','N'),(145,6,'O','N','Y','N'),(146,6,'P','N','Y','N'),(147,6,'Q','N','Y','N'),(148,6,'R','N','Y','N'),(149,6,'S','N','Y','N'),(150,6,'T','N','Y','N'),(151,6,'U','N','Y','N'),(152,6,'V','N','Y','N'),(153,6,'W','N','Y','N'),(154,6,'X','N','Y','N'),(155,6,'Y','N','Y','N'),(156,6,'Z','N','Y','N'),(157,7,'A','N','Y','N'),(158,7,'B','N','Y','N'),(159,7,'C','N','Y','N'),(160,7,'D','N','Y','N'),(161,7,'E','N','Y','N'),(162,7,'F','N','Y','N'),(163,7,'G','N','Y','N'),(164,7,'H','N','Y','N'),(165,7,'I','N','Y','N'),(166,7,'J','N','Y','N'),(167,7,'K','N','Y','N'),(168,7,'L','N','Y','N'),(169,7,'M','N','Y','N'),(170,7,'N','N','Y','N'),(171,7,'O','N','Y','N'),(172,7,'P','N','Y','N'),(173,7,'Q','N','Y','N'),(174,7,'R','N','Y','N'),(175,7,'S','N','Y','N'),(176,7,'T','N','Y','N'),(177,7,'U','N','Y','N'),(178,7,'V','N','Y','N'),(179,7,'W','N','Y','N'),(180,7,'X','N','Y','N'),(181,7,'Y','N','Y','N'),(182,7,'Z','N','Y','N'),(183,8,'A','N','Y','N'),(184,8,'B','N','Y','N'),(185,8,'C','N','Y','N'),(186,8,'D','N','Y','N'),(187,8,'E','N','Y','N'),(188,8,'F','N','Y','N'),(189,8,'G','N','Y','N'),(190,8,'H','N','Y','N'),(191,8,'I','N','Y','N'),(192,8,'J','N','Y','N'),(193,8,'K','N','Y','N'),(194,8,'L','N','Y','N'),(195,8,'M','N','Y','N'),(196,8,'N','N','Y','N'),(197,8,'O','N','Y','N'),(198,8,'P','N','Y','N'),(199,8,'Q','N','Y','N'),(200,8,'R','N','Y','N'),(201,8,'S','N','Y','N'),(202,8,'T','N','Y','N'),(203,8,'U','N','Y','N'),(204,8,'V','N','Y','N'),(205,8,'W','N','Y','N'),(206,8,'X','N','Y','N'),(207,8,'Y','N','Y','N'),(208,8,'Z','N','Y','N'),(209,9,'A','N','Y','N'),(210,9,'B','N','Y','N'),(211,9,'C','N','Y','N'),(212,9,'D','N','Y','N'),(213,9,'E','N','Y','N'),(214,9,'F','N','Y','N'),(215,9,'G','N','Y','N'),(216,9,'H','N','Y','N'),(217,9,'I','N','Y','N'),(218,9,'J','N','Y','N'),(219,9,'K','N','Y','N'),(220,9,'L','N','Y','N'),(221,9,'M','N','Y','N'),(222,9,'N','N','Y','N'),(223,9,'O','N','Y','N'),(224,9,'P','N','Y','N'),(225,9,'Q','N','Y','N'),(226,9,'R','N','Y','N'),(227,9,'S','N','Y','N'),(228,9,'T','N','Y','N'),(229,9,'U','N','Y','N'),(230,9,'V','N','Y','N'),(231,9,'W','N','Y','N'),(232,9,'X','N','Y','N'),(233,9,'Y','N','Y','N'),(234,9,'Z','N','Y','N'),(235,10,'A','N','Y','N'),(236,10,'B','N','Y','N'),(237,10,'C','N','Y','N'),(238,10,'D','N','Y','N'),(239,10,'E','N','Y','N'),(240,10,'F','N','Y','N'),(241,10,'G','N','Y','N'),(242,10,'H','N','Y','N'),(243,10,'I','N','Y','N'),(244,10,'J','N','Y','N'),(245,10,'K','N','Y','N'),(246,10,'L','N','Y','N'),(247,10,'M','N','Y','N'),(248,10,'N','N','Y','N'),(249,10,'O','N','Y','N'),(250,10,'P','N','Y','N'),(251,10,'Q','N','Y','N'),(252,10,'R','N','Y','N'),(253,10,'S','N','Y','N'),(254,10,'T','N','Y','N'),(255,10,'U','N','Y','N'),(256,10,'V','N','Y','N'),(257,10,'W','N','Y','N'),(258,10,'X','N','Y','N'),(259,10,'Y','N','Y','N'),(260,10,'Z','N','Y','N'),(261,11,'A','N','Y','N'),(262,11,'B','N','Y','N'),(263,11,'C','N','Y','N'),(264,11,'D','N','Y','N'),(265,11,'E','N','Y','N'),(266,11,'F','N','Y','N'),(267,11,'G','N','Y','N'),(268,11,'H','N','Y','N'),(269,11,'I','N','Y','N'),(270,11,'J','N','Y','N'),(271,11,'K','N','Y','N'),(272,11,'L','N','Y','N'),(273,11,'M','N','Y','N'),(274,11,'N','N','Y','N'),(275,11,'O','N','Y','N'),(276,11,'P','N','Y','N'),(277,11,'Q','N','Y','N'),(278,11,'R','N','Y','N'),(279,11,'S','N','Y','N'),(280,11,'T','N','Y','N'),(281,11,'U','N','Y','N'),(282,11,'V','N','Y','N'),(283,11,'W','N','Y','N'),(284,11,'X','N','Y','N'),(285,11,'Y','N','Y','N'),(286,11,'Z','N','Y','N'),(287,12,'A','N','Y','N'),(288,12,'B','N','Y','N'),(289,12,'C','N','Y','N'),(290,12,'D','N','Y','N'),(291,12,'E','N','Y','N'),(292,12,'F','N','Y','N'),(293,12,'G','N','Y','N'),(294,12,'H','N','Y','N'),(295,12,'I','N','Y','N'),(296,12,'J','N','Y','N'),(297,12,'K','N','Y','N'),(298,12,'L','N','Y','N'),(299,12,'M','N','Y','N'),(300,12,'N','N','Y','N'),(301,12,'O','N','Y','N'),(302,12,'P','N','Y','N'),(303,12,'Q','N','Y','N'),(304,12,'R','N','Y','N'),(305,12,'S','N','Y','N'),(306,12,'T','N','Y','N'),(307,12,'U','N','Y','N'),(308,12,'V','N','Y','N'),(309,12,'W','N','Y','N'),(310,12,'X','N','Y','N'),(311,12,'Y','N','Y','N'),(312,12,'Z','N','Y','N'),(313,13,'A','N','Y','N'),(314,13,'B','N','Y','N'),(315,13,'C','N','Y','N'),(316,13,'D','N','Y','N'),(317,13,'E','N','Y','N'),(318,13,'F','N','Y','N'),(319,13,'G','N','Y','N'),(320,13,'H','N','Y','N'),(321,13,'I','N','Y','N'),(322,13,'J','N','Y','N'),(323,13,'K','N','Y','N'),(324,13,'L','N','Y','N'),(325,13,'M','N','Y','N'),(326,13,'N','N','Y','N'),(327,13,'O','N','Y','N'),(328,13,'P','N','Y','N'),(329,13,'Q','N','Y','N'),(330,13,'R','N','Y','N'),(331,13,'S','N','Y','N'),(332,13,'T','N','Y','N'),(333,13,'U','N','Y','N'),(334,13,'V','N','Y','N'),(335,13,'W','N','Y','N'),(336,13,'X','N','Y','N'),(337,13,'Y','N','Y','N'),(338,13,'Z','N','Y','N'),(339,14,'A','N','Y','N'),(340,14,'B','N','Y','N'),(341,14,'C','N','Y','N'),(342,14,'D','N','Y','N'),(343,14,'E','N','Y','N'),(344,14,'F','N','Y','N'),(345,14,'G','N','Y','N'),(346,14,'H','N','Y','N'),(347,14,'I','N','Y','N'),(348,14,'J','N','Y','N'),(349,14,'K','N','Y','N'),(350,14,'L','N','Y','N'),(351,14,'M','N','Y','N'),(352,14,'N','N','Y','N'),(353,14,'O','N','Y','N'),(354,14,'P','N','Y','N'),(355,14,'Q','N','Y','N'),(356,14,'R','N','Y','N'),(357,14,'S','N','Y','N'),(358,14,'T','N','Y','N'),(359,14,'U','N','Y','N'),(360,14,'V','N','Y','N'),(361,14,'W','N','Y','N'),(362,14,'X','N','Y','N'),(363,14,'Y','N','Y','N'),(364,14,'Z','N','Y','N'),(365,15,'A','N','Y','N'),(366,15,'B','N','Y','N'),(367,15,'C','N','Y','N'),(368,15,'D','N','Y','N'),(369,15,'E','N','Y','N'),(370,15,'F','N','Y','N'),(371,15,'G','N','Y','N'),(372,15,'H','N','Y','N'),(373,15,'I','N','Y','N'),(374,15,'J','N','Y','N'),(375,15,'K','N','Y','N'),(376,15,'L','N','Y','N'),(377,15,'M','N','Y','N'),(378,15,'N','N','Y','N'),(379,15,'O','N','Y','N'),(380,15,'P','N','Y','N'),(381,15,'Q','N','Y','N'),(382,15,'R','N','Y','N'),(383,15,'S','N','Y','N'),(384,15,'T','N','Y','N'),(385,15,'U','N','Y','N'),(386,15,'V','N','Y','N'),(387,15,'W','N','Y','N'),(388,15,'X','N','Y','N'),(389,15,'Y','N','Y','N'),(390,15,'Z','N','Y','N'),(391,16,'A','N','Y','N'),(392,16,'B','N','Y','N'),(393,16,'C','N','Y','N'),(394,16,'D','N','Y','N'),(395,16,'E','N','Y','N'),(396,16,'F','N','Y','N'),(397,16,'G','N','Y','N'),(398,16,'H','N','Y','N'),(399,16,'I','N','Y','N'),(400,16,'J','N','Y','N');
/*!40000 ALTER TABLE `team` ENABLE KEYS */;
UNLOCK TABLES;

--
-- Table structure for table `university`
--

DROP TABLE IF EXISTS `university`;
CREATE TABLE `university` (
  `univ_id` mediumint(9) NOT NULL auto_increment,
  `univ_name` varchar(100) NOT NULL default '',
  `univ_code` varchar(20) NOT NULL default '',
  PRIMARY KEY  (`univ_id`),
  UNIQUE KEY `univ_code` (`univ_code`)
) ENGINE=MyISAM AUTO_INCREMENT=31 DEFAULT CHARSET=latin1 COMMENT='University Table';

--
-- Dumping data for table `university`
--

LOCK TABLES `university` WRITE;
/*!40000 ALTER TABLE `university` DISABLE KEYS */;
INSERT INTO `university` VALUES (1,'Aberdeen','ABERDEEN'),(2,'Adelaide','ADELAIDE'),(3,'Alberta','ALBERTA'),(4,'Ateneo de manila','ATENEO DE MANILA'),(5,'Auckland','AUCKLAND'),(6,'Australian national','AUSTRALIAN NATIONAL'),(7,'Brandeis','BRANDEIS'),(8,'Bristol','BRISTOL'),(9,'British columbia','BRITISH COLUMBIA'),(10,'Cambridge','CAMBRIDGE'),(11,'Carleton','CARLETON'),(12,'Chicago','CHICAGO'),(13,'Colgate','COLGATE'),(14,'College cork','COLLEGE CORK'),(15,'College dublin','COLLEGE DUBLIN'),(16,'Columbia','COLUMBIA'),(17,'Concordia','CONCORDIA'),(18,'Dalhousie','DALHOUSIE'),(19,'De la salle -manila','DE LA SALLE -MANILA'),(20,'Dickinson state','DICKINSON STATE'),(21,'Durham','DURHAM'),(22,'Edinburgh','EDINBURGH'),(23,'Erasmus','ERASMUS'),(24,'Glasgow','GLASGOW'),(25,'Grays inn','GRAYS INN'),(26,'Guelph','GUELPH'),(27,'Harvard','HARVARD'),(28,'Hebrew','HEBREW'),(29,'Inner temple','INNER TEMPLE'),(30,'Interdisciplinary ce','INTERDISCIPLINARY CE');
/*!40000 ALTER TABLE `university` ENABLE KEYS */;
UNLOCK TABLES;

--
-- Table structure for table `venue`
--

DROP TABLE IF EXISTS `venue`;
CREATE TABLE `venue` (
  `venue_id` mediumint(9) NOT NULL auto_increment,
  `venue_name` varchar(50) NOT NULL default '',
  `venue_location` varchar(50) NOT NULL default '',
  `active` enum('Y','N') NOT NULL default 'Y',
  PRIMARY KEY  (`venue_id`),
  UNIQUE KEY `venue_name` (`venue_name`)
) ENGINE=MyISAM AUTO_INCREMENT=101 DEFAULT CHARSET=latin1;

--
-- Dumping data for table `venue`
--

LOCK TABLES `venue` WRITE;
/*!40000 ALTER TABLE `venue` DISABLE KEYS */;
INSERT INTO `venue` VALUES (1,'LT0','LT0','Y'),(2,'LT1','LT1','Y'),(3,'LT2','LT2','Y'),(4,'LT3','LT3','Y'),(5,'LT4','LT4','Y'),(6,'LT5','LT5','Y'),(7,'LT6','LT6','Y'),(8,'LT7','LT7','Y'),(9,'LT8','LT8','Y'),(10,'LT9','LT9','Y'),(11,'LT10','LT10','Y'),(12,'LT11','LT11','Y'),(13,'LT12','LT12','Y'),(14,'LT13','LT13','Y'),(15,'LT14','LT14','Y'),(16,'LT15','LT15','Y'),(17,'LT16','LT16','Y'),(18,'LT17','LT17','Y'),(19,'LT18','LT18','Y'),(20,'LT19','LT19','Y'),(21,'LT20','LT20','Y'),(22,'LT21','LT21','Y'),(23,'LT22','LT22','Y'),(24,'LT23','LT23','Y'),(25,'LT24','LT24','Y'),(26,'LT25','LT25','Y'),(27,'LT26','LT26','Y'),(28,'LT27','LT27','Y'),(29,'LT28','LT28','Y'),(30,'LT29','LT29','Y'),(31,'LT30','LT30','Y'),(32,'LT31','LT31','Y'),(33,'LT32','LT32','Y'),(34,'LT33','LT33','Y'),(35,'LT34','LT34','Y'),(36,'LT35','LT35','Y'),(37,'LT36','LT36','Y'),(38,'LT37','LT37','Y'),(39,'LT38','LT38','Y'),(40,'LT39','LT39','Y'),(41,'LT40','LT40','Y'),(42,'LT41','LT41','Y'),(43,'LT42','LT42','Y'),(44,'LT43','LT43','Y'),(45,'LT44','LT44','Y'),(46,'LT45','LT45','Y'),(47,'LT46','LT46','Y'),(48,'LT47','LT47','Y'),(49,'LT48','LT48','Y'),(50,'LT49','LT49','Y'),(51,'LT50','LT50','Y'),(52,'LT51','LT51','Y'),(53,'LT52','LT52','Y'),(54,'LT53','LT53','Y'),(55,'LT54','LT54','Y'),(56,'LT55','LT55','Y'),(57,'LT56','LT56','Y'),(58,'LT57','LT57','Y'),(59,'LT58','LT58','Y'),(60,'LT59','LT59','Y'),(61,'LT60','LT60','Y'),(62,'LT61','LT61','Y'),(63,'LT62','LT62','Y'),(64,'LT63','LT63','Y'),(65,'LT64','LT64','Y'),(66,'LT65','LT65','Y'),(67,'LT66','LT66','Y'),(68,'LT67','LT67','Y'),(69,'LT68','LT68','Y'),(70,'LT69','LT69','Y'),(71,'LT70','LT70','Y'),(72,'LT71','LT71','Y'),(73,'LT72','LT72','Y'),(74,'LT73','LT73','Y'),(75,'LT74','LT74','Y'),(76,'LT75','LT75','Y'),(77,'LT76','LT76','Y'),(78,'LT77','LT77','Y'),(79,'LT78','LT78','Y'),(80,'LT79','LT79','Y'),(81,'LT80','LT80','Y'),(82,'LT81','LT81','Y'),(83,'LT82','LT82','Y'),(84,'LT83','LT83','Y'),(85,'LT84','LT84','Y'),(86,'LT85','LT85','Y'),(87,'LT86','LT86','Y'),(88,'LT87','LT87','Y'),(89,'LT88','LT88','Y'),(90,'LT89','LT89','Y'),(91,'LT90','LT90','Y'),(92,'LT91','LT91','Y'),(93,'LT92','LT92','Y'),(94,'LT93','LT93','Y'),(95,'LT94','LT94','Y'),(96,'LT95','LT95','Y'),(97,'LT96','LT96','Y'),(98,'LT97','LT97','Y'),(99,'LT98','LT98','Y'),(100,'LT99','LT99','Y');
/*!40000 ALTER TABLE `venue` ENABLE KEYS */;
UNLOCK TABLES;
/*!40103 SET TIME_ZONE=@OLD_TIME_ZONE */;

/*!40101 SET SQL_MODE=@OLD_SQL_MODE */;
/*!40014 SET FOREIGN_KEY_CHECKS=@OLD_FOREIGN_KEY_CHECKS */;
/*!40014 SET UNIQUE_CHECKS=@OLD_UNIQUE_CHECKS */;
/*!40101 SET CHARACTER_SET_CLIENT=@OLD_CHARACTER_SET_CLIENT */;
/*!40101 SET CHARACTER_SET_RESULTS=@OLD_CHARACTER_SET_RESULTS */;
/*!40101 SET COLLATION_CONNECTION=@OLD_COLLATION_CONNECTION */;
/*!40111 SET SQL_NOTES=@OLD_SQL_NOTES */;

-- Dump completed on 2007-11-17 17:15:34
